/**
  ******************************************************************************
  * @file    BSP/CM7/Inc/stlogo.h
  * @author  MCD Application Team
  * @brief   ST Log BMP image  
  ******************************************************************************
  * @attention
  *
  * Copyright (c) 2019 STMicroelectronics.
  * All rights reserved.
  *
  * This software is licensed under terms that can be found in the LICENSE file
  * in the root directory of this software component.
  * If no LICENSE file comes with this software, it is provided AS-IS.
  *
  ******************************************************************************
  */
  
__ALIGN_END const unsigned char stlogo[9174]=
{
0x42,0x4d,0xd6,0x23,0x00,0x00,0x00,0x00,0x00,0x00,0x36,0x00,0x00,0x00,0x28,0x00,
0x00,0x00,0x50,0x00,0x00,0x00,0x39,0x00,0x00,0x00,0x01,0x00,0x10,0x00,0x03,0x00,
0x00,0x00,0xa0,0x23,0x00,0x00,0x00,0x00,0x00,0x00,0x00,0x00,0x00,0x00,0x00,0x00,
0x00,0x00,0x00,0x00,0x00,0x00,0xff,0xff,0xff,0xff,0xff,0xff,0xff,0xff,0xff,0xff,
0xff,0xff,0xff,0xff,0xff,0xff,0xff,0xff,0xff,0xff,0xff,0xff,0xff,0xff,0xff,0xff,
0xff,0xff,0xff,0xff,0xff,0xff,0xff,0xff,0xff,0xff,0xff,0xff,0xff,0xff,0xff,0xff,
0xff,0xff,0xff,0xff,0xff,0xff,0xff,0xff,0xff,0xff,0xff,0xff,0xff,0xff,0xff,0xff,
0xff,0xff,0xff,0xff,0xff,0xff,0xff,0xff,0xff,0xff,0xff,0xff,0xff,0xff,0xff,0xff,
0xff,0xff,0xff,0xff,0xff,0xff,0xff,0xff,0xff,0xff,0xff,0xff,0xff,0xff,0xff,0xff,
0xff,0xff,0xff,0xff,0xff,0xff,0xff,0xff,0xff,0xff,0xff,0xff,0xff,0xff,0xff,0xff,
0xff,0xff,0xff,0xff,0xff,0xff,0xff,0xff,0xff,0xff,0xff,0xff,0xff,0xff,0xff,0xff,
0xff,0xff,0xff,0xff,0xff,0xff,0xff,0xff,0xff,0xff,0xff,0xff,0xff,0xff,0xff,0xff,
0xff,0xff,0xff,0xff,0xff,0xff,0xff,0xff,0xff,0xff,0xff,0xff,0xff,0xff,0xff,0xff,
0xff,0xff,0xff,0xff,0xff,0xff,0xff,0xff,0xff,0xff,0xff,0xff,0xff,0xff,0xff,0xff,
0xff,0xff,0xff,0xff,0xff,0xff,0xff,0xff,0xff,0xff,0xff,0xff,0xff,0xff,0xff,0xff,
0xff,0xff,0xff,0xff,0xff,0xff,0xff,0xff,0xff,0xff,0xff,0xff,0xff,0xff,0xff,0xff,
0xff,0xff,0xff,0xff,0xff,0xff,0xff,0xff,0xff,0xff,0xff,0xff,0xff,0xff,0xff,0xff,
0xff,0xff,0xff,0xff,0xff,0xff,0xff,0xff,0xff,0xff,0xff,0xff,0xff,0xff,0xff,0xff,
0xff,0xff,0xff,0xff,0xff,0xff,0xff,0xff,0xff,0xff,0xff,0xff,0xff,0xff,0xff,0xff,
0xff,0xff,0xff,0xff,0xff,0xff,0xff,0xff,0xff,0xff,0xff,0xff,0xff,0xff,0xff,0xff,
0xff,0xff,0xff,0xff,0xff,0xff,0xff,0xff,0xff,0xff,0xff,0xff,0xff,0xff,0xff,0xff,
0xff,0xff,0xff,0xff,0xff,0xff,0xff,0xff,0xff,0xff,0xff,0xff,0xff,0xff,0xff,0xff,
0xff,0xff,0xff,0xff,0xff,0xff,0xff,0xff,0xff,0xff,0xff,0xff,0xff,0xff,0xff,0xff,
0xff,0xff,0xff,0xff,0xff,0xff,0xff,0xff,0xff,0xff,0xff,0xff,0xff,0xff,0xff,0xff,
0xff,0xff,0xff,0xff,0xff,0xff,0xff,0xff,0xff,0xff,0xff,0xff,0xff,0xff,0xff,0xff,
0xff,0xff,0xff,0xff,0xff,0xff,0xff,0xff,0xff,0xff,0xff,0xff,0xff,0xff,0xff,0xff,
0xff,0xff,0xff,0xff,0xff,0xff,0xff,0xff,0xff,0xff,0xff,0xff,0xff,0xff,0xff,0xff,
0xff,0xff,0xff,0xff,0xff,0xff,0xff,0xff,0xff,0xff,0xff,0xff,0xff,0xff,0xff,0xff,
0xff,0xff,0xff,0xff,0xff,0xff,0xff,0xff,0xff,0xff,0xff,0xff,0xff,0xff,0xff,0xff,
0xff,0xff,0xff,0xff,0xff,0xff,0xff,0xff,0xff,0xff,0xff,0xff,0xff,0xff,0xff,0xff,
0xff,0xff,0xff,0xff,0xff,0xff,0xff,0xff,0xff,0xff,0xff,0xff,0xff,0xff,0xff,0xff,
0xff,0xff,0xff,0xff,0xff,0xff,0xff,0xff,0xff,0xff,0xff,0xff,0xff,0xff,0xff,0xff,
0xff,0xff,0xff,0xff,0xff,0xff,0xff,0xff,0xff,0xff,0xff,0xff,0xff,0xff,0xff,0xff,
0xff,0xff,0xff,0xff,0xff,0xff,0xff,0xff,0xff,0xff,0xff,0xff,0xff,0xff,0xff,0xff,
0xff,0xff,0xff,0xff,0xff,0xff,0xff,0xff,0xff,0xff,0xff,0xff,0xff,0xff,0xff,0xff,
0xff,0xff,0xff,0xff,0xff,0xff,0xff,0xff,0xff,0xff,0xff,0xff,0xff,0xff,0xff,0xff,
0xff,0xff,0xff,0xff,0xff,0xff,0xff,0xff,0xff,0xff,0xff,0xff,0xff,0xff,0xff,0xff,
0xff,0xff,0xff,0xff,0xff,0xff,0xff,0xff,0xff,0xff,0xff,0xff,0xff,0xff,0xff,0xff,
0xff,0xff,0xff,0xff,0xff,0xff,0xff,0xff,0xff,0xff,0xff,0xff,0xff,0xff,0xff,0xff,
0xff,0xff,0xff,0xff,0xff,0xff,0xff,0xff,0xff,0xff,0xff,0xff,0xff,0xff,0xff,0xff,
0xff,0xff,0xff,0xff,0xff,0xff,0xff,0xff,0xff,0xff,0xff,0xff,0xff,0xff,0xff,0xff,
0xff,0xff,0xff,0xff,0xff,0xff,0xff,0xff,0xff,0xff,0xff,0xff,0xff,0xff,0xff,0xff,
0xff,0xff,0xff,0xff,0xff,0xff,0xff,0xff,0xff,0xff,0xff,0xff,0xff,0xff,0xff,0xff,
0xff,0xff,0xff,0xff,0xff,0xff,0xff,0xff,0xff,0xff,0xff,0xff,0xff,0xff,0xff,0xff,
0xff,0xff,0xff,0xff,0xff,0xff,0xff,0xff,0xff,0xff,0xff,0xff,0xff,0xff,0xff,0xff,
0xff,0xff,0xff,0xff,0xff,0xff,0xff,0xff,0xff,0xff,0xff,0xff,0xff,0xff,0xff,0xff,
0xff,0xff,0xff,0xff,0xff,0xff,0xff,0xff,0xff,0xff,0xff,0xff,0xff,0xff,0xff,0xff,
0xff,0xff,0xff,0xff,0xff,0xff,0xff,0xff,0xff,0xff,0xff,0xff,0x98,0xb5,0xa9,0x08,
0x4b,0x29,0x27,0x00,0xd2,0x7b,0xff,0xff,0xff,0xff,0xff,0xff,0xff,0xff,0xff,0xff,
0xff,0xff,0xff,0xff,0xff,0xff,0xff,0xff,0xff,0xff,0xff,0xff,0xff,0xff,0xff,0xff,
0xff,0xff,0xff,0xff,0xff,0xff,0xff,0xff,0xff,0xff,0xff,0xff,0xff,0xff,0xff,0xff,
0xff,0xff,0xff,0xff,0xff,0xff,0xff,0xff,0xff,0xff,0xff,0xff,0xff,0xff,0xff,0xff,
0xff,0xff,0xff,0xff,0xff,0xff,0xff,0xff,0xff,0xff,0xff,0xff,0xff,0xff,0xff,0xff,
0xff,0xff,0xff,0xff,0xff,0xff,0xff,0xff,0xff,0xff,0xff,0xff,0xff,0xff,0xff,0xff,
0x7f,0xd7,0x5f,0xc7,0x1e,0xb7,0x9f,0xdf,0x3f,0xc7,0x5f,0xc7,0x3e,0xc7,0x3f,0xc7,
0x5f,0xc7,0xff,0xff,0xdf,0xf7,0xbe,0x9e,0xbe,0xa6,0xff,0xff,0xff,0xff,0xff,0xf7,
0x9e,0x96,0xff,0xff,0xff,0xff,0xff,0xff,0xd6,0x9c,0x14,0x84,0xdc,0xde,0xfa,0xc5,
0xff,0xff,0xff,0xff,0xb5,0x9c,0x34,0x8c,0x3a,0xce,0x3d,0xef,0xa9,0x08,0x34,0x8c,
0xd6,0x9c,0x1a,0xce,0x04,0x00,0xff,0xff,0xb8,0xbd,0xff,0xff,0xff,0xff,0xf9,0xc5,
0xff,0xff,0xff,0xff,0x98,0xb5,0xbf,0xff,0xff,0xff,0x37,0xad,0xf3,0x7b,0xfd,0xe6,
0xff,0xff,0xdc,0xde,0xdc,0xde,0xff,0xff,0xff,0xff,0x99,0xb5,0xff,0xff,0x9c,0xd6,
0xdc,0xde,0xff,0xff,0xff,0xff,0x57,0xad,0xf3,0x7b,0xdc,0xde,0xff,0xff,0xff,0xff,
0xdf,0xff,0x14,0x84,0x95,0x94,0xfd,0xe6,0x1a,0xc6,0xff,0xff,0xff,0xff,0xff,0xff,
0xff,0xff,0xff,0xff,0xff,0xff,0xff,0xff,0xff,0xff,0xff,0xff,0xff,0xff,0xff,0xff,
0xde,0xae,0xdb,0x14,0xdd,0x5d,0x1e,0xbf,0xfb,0x1c,0x5d,0x7e,0x9e,0x96,0xdb,0x14,
0x9e,0x96,0xdf,0xf7,0xbb,0x04,0x7d,0x8e,0x3d,0x76,0xbb,0x04,0xff,0xff,0x3d,0x7e,
0xbb,0x04,0x3d,0x7e,0xff,0xff,0xc9,0x10,0xcd,0x31,0xf3,0x73,0x07,0x00,0x06,0x00,
0xff,0xff,0xc9,0x10,0x2d,0x3a,0x51,0x63,0x04,0x00,0x54,0x84,0x13,0x84,0x89,0x00,
0xf3,0x7b,0x0a,0x11,0x06,0x00,0xd8,0xbd,0x06,0x00,0xff,0xff,0xff,0xff,0x06,0x00,
0xff,0xff,0xff,0xff,0x05,0x00,0xbc,0xde,0x0d,0x3a,0x2a,0x19,0xd3,0x73,0x05,0x00,
0x78,0xb5,0xb2,0x6b,0x51,0x6b,0xff,0xff,0xff,0xff,0x03,0x00,0xdf,0xff,0x0e,0x3a,
0xb2,0x73,0xff,0xff,0x0d,0x3a,0x0a,0x11,0x14,0x7c,0x05,0x00,0x77,0xad,0xff,0xff,
0x06,0x00,0x10,0x5b,0xf0,0x5a,0x04,0x00,0x4b,0x21,0xff,0xff,0xff,0xff,0xff,0xff,
0xff,0xff,0xff,0xff,0xff,0xff,0xff,0xff,0xff,0xff,0xff,0xff,0xff,0xff,0xff,0xff,
0xff,0xff,0x1c,0x25,0x5f,0xdf,0xff,0xff,0x3a,0x2d,0xdf,0xff,0xff,0xff,0x1c,0x25,
0xff,0xff,0x1d,0x76,0x9e,0x96,0xff,0xff,0xff,0xff,0xff,0xae,0x5f,0xd7,0xff,0xff,
0x7e,0x86,0xff,0xff,0x98,0xb5,0x88,0x08,0xff,0xff,0xff,0xff,0x5d,0xef,0x07,0x00,
0x7e,0xef,0x06,0x00,0xff,0xff,0xff,0xff,0x11,0x5b,0x51,0x6b,0x06,0x00,0xff,0xff,
0xff,0xff,0xff,0xff,0x05,0x00,0x1a,0xc6,0x27,0x00,0xff,0xff,0xff,0xff,0x69,0x08,
0xff,0xff,0xff,0xff,0x27,0x00,0x37,0xa5,0x07,0x00,0xff,0xff,0xdf,0xff,0x3a,0xce,
0xab,0x31,0x14,0x84,0xb2,0x73,0xff,0xff,0xff,0xff,0x06,0x00,0xff,0xff,0xaf,0x52,
0x34,0x84,0x3a,0xce,0x06,0x00,0xff,0xff,0xdf,0xff,0xf9,0xc5,0x8b,0x31,0x12,0x5b,
0x10,0x5b,0xff,0xff,0xff,0xff,0x95,0x94,0x4b,0x21,0xff,0xff,0xff,0xff,0xff,0xff,
0xff,0xff,0xff,0xff,0xff,0xff,0xff,0xff,0xff,0xff,0xff,0xff,0xff,0xff,0xff,0xff,
0xff,0xff,0xfc,0x1c,0x5f,0xd7,0xff,0xff,0x3b,0x2d,0xbf,0xef,0xff,0xff,0xfb,0x1c,
0xff,0xff,0xfc,0x6d,0xbd,0x4d,0xfd,0x5d,0x1e,0x66,0x5c,0x2d,0xfd,0x65,0xff,0xff,
0xff,0xff,0xff,0xff,0xd6,0x9c,0x4e,0x3a,0xff,0xff,0xff,0xff,0xff,0xff,0x07,0x00,
0x5e,0xef,0x48,0x00,0xff,0xff,0xff,0xff,0x13,0x84,0x6e,0x4a,0x28,0x00,0xff,0xff,
0xff,0xff,0xff,0xff,0x68,0x08,0xf9,0xbd,0x48,0x00,0xff,0xff,0xff,0xff,0x68,0x08,
0xff,0xff,0xff,0xff,0x48,0x00,0x53,0x84,0x28,0x00,0x0a,0x11,0xca,0x10,0x0a,0x11,
0x06,0x00,0x92,0x6b,0x14,0x84,0xff,0xff,0xff,0xff,0x05,0x00,0xff,0xff,0xaf,0x52,
0x75,0x8c,0xb9,0xbd,0x07,0x00,0x2a,0x19,0xca,0x10,0x0a,0x11,0xa9,0x08,0x8b,0x29,
0x74,0x8c,0xff,0xff,0xff,0xff,0x57,0xa5,0x4b,0x19,0xff,0xff,0xff,0xff,0xff,0xff,
0xff,0xff,0xff,0xff,0xff,0xff,0xff,0xff,0xff,0xff,0xff,0xff,0xff,0xff,0xff,0xff,
0xff,0xff,0x1c,0x25,0x5f,0xd7,0x7f,0xdf,0xfb,0x1c,0xdf,0xf7,0x1e,0xb7,0x1c,0x25,
0x3f,0xc7,0x7f,0xd7,0x1c,0x25,0x3f,0xcf,0xde,0xae,0xfc,0x1c,0xbf,0xef,0xff,0xff,
0xff,0xff,0xff,0xff,0xbf,0xff,0x05,0x00,0xd6,0x94,0xdc,0xde,0xed,0x31,0x07,0x00,
0x5e,0xef,0x07,0x00,0xff,0xff,0xff,0xff,0xb2,0x73,0x14,0x7c,0x6b,0x21,0xf0,0x5a,
0xbb,0xde,0xf3,0x7b,0x04,0x00,0x1a,0xc6,0x06,0x00,0x98,0xb5,0xf6,0x9c,0x05,0x00,
0xb5,0x94,0x19,0xc6,0x04,0x00,0xff,0xff,0x47,0x00,0x37,0xa5,0x5e,0xef,0x4e,0x42,
0xef,0x5a,0x74,0x8c,0x27,0x00,0x9b,0xd6,0xb5,0x94,0x07,0x00,0x5d,0xef,0xcd,0x31,
0xaf,0x52,0x7b,0xd6,0x68,0x00,0xf6,0x9c,0x5d,0xef,0x2e,0x42,0x11,0x5b,0xfc,0xe6,
0x06,0x00,0x1a,0xc6,0xf9,0xc5,0xa9,0x08,0xac,0x29,0xff,0xff,0xff,0xff,0xff,0xff,
0xff,0xff,0xff,0xff,0xff,0xff,0xff,0xff,0xff,0xff,0xff,0xff,0xff,0xff,0xff,0xff,
0xff,0xff,0xfb,0x1c,0x7f,0xdf,0x7d,0x8e,0xfd,0x65,0xdf,0xff,0xdd,0x5d,0x1b,0x25,
0x5e,0x86,0xff,0xff,0x5f,0xcf,0x9c,0x45,0xfd,0x6d,0xbf,0xe7,0xff,0xff,0xff,0xff,
0xff,0xff,0xff,0xff,0xff,0xff,0x3d,0xe7,0x2b,0x19,0x48,0x00,0xb2,0x73,0x2e,0x42,
0x7e,0xf7,0xec,0x39,0xff,0xff,0xff,0xff,0xb5,0x9c,0xb5,0x94,0xff,0xff,0x8e,0x4a,
0x48,0x00,0xef,0x52,0x0d,0x3a,0x7a,0xd6,0x0d,0x3a,0x4a,0x19,0x2b,0x19,0x5a,0xce,
0x2b,0x21,0x68,0x00,0x19,0xc6,0xff,0xff,0x9e,0xf7,0x4a,0x19,0x68,0x00,0xb2,0x73,
0xff,0xff,0xd5,0x9c,0xf0,0x5a,0x89,0x00,0x2b,0x21,0xde,0xf7,0x77,0xb5,0x89,0x00,
0xea,0x10,0xd3,0x7b,0xff,0xff,0xed,0x31,0x68,0x00,0x91,0x6b,0xff,0xff,0xff,0xff,
0xd9,0xbd,0x89,0x00,0xc9,0x10,0x51,0x63,0x6c,0x29,0xff,0xff,0xff,0xff,0xff,0xff,
0xff,0xff,0xff,0xff,0xff,0xff,0xff,0xff,0xff,0xff,0xff,0xff,0xff,0xff,0xff,0xff,
0x9e,0x96,0xdc,0x0c,0x3f,0xcf,0xff,0xff,0x1c,0x1d,0xff,0xff,0xff,0xff,0x3c,0x25,
0x1c,0x6e,0xff,0xff,0xff,0xff,0xff,0xff,0xff,0xff,0xff,0xff,0xff,0xff,0xff,0xff,
0xff,0xff,0xff,0xff,0xff,0xff,0xff,0xff,0xff,0xff,0xff,0xff,0xff,0xff,0xff,0xff,
0xff,0xff,0xff,0xff,0xff,0xff,0xff,0xff,0xff,0xff,0xff,0xff,0xff,0xff,0xff,0xff,
0xff,0xff,0xff,0xff,0xff,0xff,0xff,0xff,0xff,0xff,0xff,0xff,0xff,0xff,0xff,0xff,
0xff,0xff,0xff,0xff,0xff,0xff,0xff,0xff,0xff,0xff,0xff,0xff,0xff,0xff,0xff,0xff,
0xff,0xff,0xff,0xff,0xff,0xff,0xff,0xff,0xff,0xff,0xff,0xff,0xff,0xff,0x4f,0x42,
0xf3,0x7b,0xff,0xff,0xff,0xff,0xff,0xff,0xff,0xff,0xff,0xff,0xff,0xff,0xff,0xff,
0xff,0xff,0xff,0xff,0xff,0xff,0x37,0xa5,0xa9,0x08,0xff,0xff,0xff,0xff,0xff,0xff,
0xff,0xff,0xff,0xff,0xff,0xff,0xff,0xff,0xff,0xff,0xff,0xff,0xff,0xff,0xff,0xff,
0x3f,0xcf,0xde,0xa6,0xdf,0xf7,0xff,0xff,0x1e,0x76,0xff,0xff,0xff,0xff,0xdf,0xf7,
0xbd,0x9e,0xff,0xff,0xff,0xff,0xff,0xff,0xff,0xff,0xff,0xff,0xff,0xff,0xff,0xff,
0xff,0xff,0xff,0xff,0xff,0xff,0xff,0xff,0xff,0xff,0xff,0xff,0xff,0xff,0xff,0xff,
0xff,0xff,0xff,0xff,0xff,0xff,0xff,0xff,0xff,0xff,0xff,0xff,0xff,0xff,0xff,0xff,
0xff,0xff,0xff,0xff,0xff,0xff,0xff,0xff,0xff,0xff,0xff,0xff,0xff,0xff,0xff,0xff,
0xff,0xff,0xff,0xff,0xff,0xff,0xff,0xff,0xff,0xff,0xff,0xff,0xff,0xff,0xff,0xff,
0xff,0xff,0xff,0xff,0xff,0xff,0xff,0xff,0xff,0xff,0xff,0xff,0xff,0xff,0x39,0xce,
0xbb,0xd6,0xff,0xff,0xff,0xff,0xff,0xff,0xff,0xff,0xff,0xff,0xff,0xff,0xff,0xff,
0xff,0xff,0xff,0xff,0xff,0xff,0xfc,0xde,0xd8,0xbd,0xff,0xff,0xff,0xff,0xff,0xff,
0xff,0xff,0xff,0xff,0xff,0xff,0xff,0xff,0xff,0xff,0xff,0xff,0xff,0xff,0xff,0xff,
0xff,0xff,0xff,0xff,0xff,0xff,0xff,0xff,0xff,0xff,0xff,0xff,0xff,0xff,0xff,0xff,
0xff,0xff,0xff,0xff,0xff,0xff,0xff,0xff,0xff,0xff,0xff,0xff,0xff,0xff,0xff,0xff,
0xff,0xff,0xff,0xff,0xff,0xff,0xff,0xff,0xff,0xff,0xff,0xff,0xff,0xff,0xff,0xff,
0xff,0xff,0xff,0xff,0xff,0xff,0xff,0xff,0xff,0xff,0xff,0xff,0xff,0xff,0xff,0xff,
0xff,0xff,0xff,0xff,0xff,0xff,0xff,0xff,0xff,0xff,0xff,0xff,0xff,0xff,0xff,0xff,
0xff,0xff,0xff,0xff,0xff,0xff,0xff,0xff,0xff,0xff,0xff,0xff,0xff,0xff,0xff,0xff,
0xff,0xff,0xff,0xff,0xff,0xff,0xff,0xff,0xff,0xff,0xff,0xff,0xff,0xff,0xff,0xff,
0xff,0xff,0xff,0xff,0xff,0xff,0xff,0xff,0xff,0xff,0xff,0xff,0xff,0xff,0xff,0xff,
0xff,0xff,0xff,0xff,0xff,0xff,0xff,0xff,0xff,0xff,0xff,0xff,0xff,0xff,0xff,0xff,
0xff,0xff,0xff,0xff,0xff,0xff,0xff,0xff,0xff,0xff,0xff,0xff,0xff,0xff,0xff,0xff,
0xff,0xff,0xff,0xff,0xff,0xff,0xff,0xff,0xff,0xff,0xff,0xff,0xff,0xff,0xff,0xff,
0xff,0xff,0xff,0xff,0xff,0xff,0xff,0xff,0xff,0xff,0xff,0xff,0xff,0xff,0xff,0xff,
0xff,0xff,0xff,0xff,0xff,0xff,0xff,0xff,0xff,0xff,0xff,0xff,0xff,0xff,0xff,0xff,
0xff,0xff,0xff,0xff,0xff,0xff,0xff,0xff,0xff,0xff,0xff,0xff,0xff,0xff,0xff,0xff,
0xff,0xff,0xff,0xff,0xff,0xff,0xff,0xff,0xff,0xff,0xff,0xff,0xff,0xff,0xff,0xff,
0xff,0xff,0xff,0xff,0xff,0xff,0xff,0xff,0xff,0xff,0xff,0xff,0xff,0xff,0xff,0xff,
0xff,0xff,0xff,0xff,0xff,0xff,0xff,0xff,0xff,0xff,0xff,0xff,0xff,0xff,0xff,0xff,
0xff,0xff,0xff,0xff,0xff,0xff,0xff,0xff,0xff,0xff,0xff,0xff,0xff,0xff,0xff,0xff,
0xff,0xff,0xff,0xff,0xff,0xff,0xff,0xff,0xff,0xff,0xff,0xff,0xff,0xff,0xff,0xff,
0xff,0xff,0xff,0xff,0xff,0xff,0xff,0xff,0xff,0xff,0xff,0xff,0xff,0xff,0xff,0xff,
0xff,0xff,0xff,0xff,0xff,0xff,0xff,0xff,0xff,0xff,0xff,0xff,0xff,0xff,0xff,0xff,
0xff,0xff,0xff,0xff,0xff,0xff,0xff,0xff,0xff,0xff,0xff,0xff,0xff,0xff,0xff,0xff,
0xff,0xff,0xff,0xff,0xff,0xff,0xff,0xff,0xff,0xff,0xff,0xff,0xff,0xff,0xff,0xff,
0xff,0xff,0xff,0xff,0xff,0xff,0xff,0xff,0xff,0xff,0xff,0xff,0xff,0xff,0xff,0xff,
0xff,0xff,0xff,0xff,0xff,0xff,0xff,0xff,0xff,0xff,0xff,0xff,0xff,0xff,0xff,0xff,
0xff,0xff,0xff,0xff,0xff,0xff,0xff,0xff,0xff,0xff,0xff,0xff,0xff,0xff,0xff,0xff,
0xff,0xff,0xff,0xff,0xff,0xff,0xff,0xff,0xff,0xff,0xff,0xff,0xff,0xff,0xff,0xff,
0xff,0xff,0xff,0xff,0xff,0xff,0xff,0xff,0xff,0xff,0xff,0xff,0xff,0xff,0xff,0xff,
0xff,0xff,0xff,0xff,0xff,0xff,0xff,0xff,0xff,0xff,0xff,0xff,0xff,0xff,0xff,0xff,
0xff,0xff,0xff,0xff,0xff,0xff,0xff,0xff,0xff,0xff,0xff,0xff,0xff,0xff,0xff,0xff,
0xff,0xff,0xff,0xff,0xff,0xff,0xff,0xff,0xff,0xff,0xff,0xff,0xff,0xff,0xff,0xff,
0xff,0xff,0xff,0xff,0xff,0xff,0xff,0xff,0xff,0xff,0xff,0xff,0xff,0xff,0xff,0xff,
0xff,0xff,0xff,0xff,0xff,0xff,0xff,0xff,0xff,0xff,0xff,0xff,0xff,0xff,0xff,0xff,
0xff,0xff,0xff,0xff,0xff,0xff,0xff,0xff,0xff,0xff,0xff,0xff,0xff,0xff,0xff,0xff,
0xff,0xff,0xff,0xff,0xff,0xff,0xff,0xff,0xff,0xff,0xff,0xff,0xff,0xff,0xff,0xff,
0xff,0xff,0xff,0xff,0xff,0xff,0xff,0xff,0xff,0xff,0xff,0xff,0xff,0xff,0xff,0xff,
0xff,0xff,0xff,0xff,0xff,0xff,0xff,0xff,0xff,0xff,0xff,0xff,0xff,0xff,0xff,0xff,
0xff,0xff,0xff,0xff,0xff,0xff,0xff,0xff,0xff,0xff,0xff,0xff,0xff,0xff,0xff,0xff,
0xff,0xff,0xff,0xff,0xff,0xff,0xff,0xff,0xff,0xff,0xff,0xff,0xff,0xff,0xff,0xff,
0xff,0xff,0xff,0xff,0xff,0xff,0xff,0xff,0xff,0xff,0xff,0xff,0xff,0xff,0xff,0xff,
0xff,0xff,0xff,0xff,0xff,0xff,0xff,0xff,0xff,0xff,0xff,0xff,0xff,0xff,0xff,0xff,
0xff,0xff,0xff,0xff,0xff,0xff,0xff,0xff,0xff,0xff,0xff,0xff,0xff,0xff,0xff,0xff,
0xff,0xff,0xff,0xff,0xff,0xff,0xff,0xff,0xff,0xff,0xff,0xff,0xff,0xff,0xff,0xff,
0xff,0xff,0xff,0xff,0xff,0xff,0xff,0xff,0xff,0xff,0x14,0x54,0xf0,0x22,0x72,0x3b,
0x72,0x33,0x72,0x3b,0x71,0x33,0x72,0x3b,0x72,0x33,0x51,0x2b,0x7b,0xbe,0xff,0xff,
0xff,0xff,0xff,0xff,0xff,0xff,0xff,0xff,0xff,0xff,0x92,0x3b,0x51,0x33,0x72,0x3b,
0x71,0x33,0xd3,0x43,0x37,0x85,0x3e,0xdf,0xff,0xff,0xff,0xff,0xff,0xff,0xff,0xff,
0xff,0xff,0xff,0xff,0xff,0xff,0xff,0xff,0xff,0xff,0xff,0xff,0xff,0xff,0xff,0xff,
0xff,0xff,0xff,0xff,0xff,0xff,0xff,0xff,0xff,0xff,0xff,0xff,0xff,0xff,0xff,0xff,
0xff,0xff,0xff,0xff,0xff,0xff,0xff,0xff,0xff,0xff,0xff,0xff,0xff,0xff,0xff,0xff,
0xff,0xff,0xff,0xff,0xff,0xff,0xff,0xff,0xff,0xff,0xff,0xff,0xff,0xff,0xff,0xff,
0xff,0xff,0xff,0xff,0xff,0xff,0xff,0xff,0xff,0xff,0xff,0xff,0xff,0xff,0xff,0xff,
0xff,0xff,0xff,0xff,0xff,0xff,0xff,0xff,0xff,0xff,0xff,0xff,0xff,0xff,0xff,0xff,
0xff,0xff,0xff,0xff,0xff,0xff,0xff,0xff,0xff,0xff,0xff,0xff,0xb9,0x9d,0x0d,0x02,
0x6d,0x12,0x6d,0x0a,0x8e,0x12,0x6e,0x0a,0x8e,0x0a,0x6e,0x02,0xf0,0x1a,0xff,0xff,
0xff,0xff,0xff,0xff,0xff,0xff,0xff,0xff,0xff,0xff,0x95,0x64,0x6e,0x02,0x8f,0x0a,
0xaf,0x12,0x8e,0x0a,0x8e,0x0a,0x2e,0x02,0x92,0x3b,0x5d,0xe7,0xff,0xff,0xff,0xff,
0xff,0xff,0xff,0xff,0xff,0xff,0xff,0xff,0xff,0xff,0xff,0xff,0xff,0xff,0xff,0xff,
0xff,0xff,0xff,0xff,0xff,0xff,0xff,0xff,0xff,0xff,0xff,0xff,0xff,0xff,0xff,0xff,
0xff,0xff,0xff,0xff,0xff,0xff,0xff,0xff,0xff,0xff,0xff,0xff,0xff,0xff,0xff,0xff,
0xff,0xff,0xff,0xff,0xff,0xff,0xff,0xff,0xff,0xff,0xff,0xff,0xff,0xff,0xff,0xff,
0xff,0xff,0xff,0xff,0xff,0xff,0xff,0xff,0xff,0xff,0xff,0xff,0xff,0xff,0xff,0xff,
0xff,0xff,0xff,0xff,0xff,0xff,0xff,0xff,0xff,0xff,0xff,0xff,0xff,0xff,0xff,0xff,
0xff,0xff,0xff,0xff,0xff,0xff,0xff,0xff,0xff,0xff,0xff,0xff,0xff,0xff,0xfa,0xa5,
0x4e,0x02,0xaf,0x12,0xaf,0x12,0xd0,0x12,0xaf,0x12,0xd0,0x12,0x4e,0x02,0x7b,0xbe,
0xff,0xff,0xff,0xff,0xff,0xff,0xff,0xff,0xff,0xff,0x5e,0xe7,0x4e,0x02,0xf0,0x12,
0xf0,0x12,0xf0,0x1a,0xd0,0x12,0xf0,0x12,0xaf,0x0a,0x0d,0x02,0xf9,0xb5,0xff,0xff,
0xff,0xff,0xff,0xff,0xff,0xff,0xff,0xff,0xff,0xff,0xff,0xff,0xff,0xff,0xff,0xff,
0xff,0xff,0xff,0xff,0xff,0xff,0xff,0xff,0xff,0xff,0xff,0xff,0xff,0xff,0xff,0xff,
0xff,0xff,0xff,0xff,0xff,0xff,0xff,0xff,0xff,0xff,0xff,0xff,0xff,0xff,0xff,0xff,
0xff,0xff,0xff,0xff,0xff,0xff,0xff,0xff,0xff,0xff,0xff,0xff,0xff,0xff,0xff,0xff,
0xff,0xff,0xff,0xff,0xff,0xff,0xff,0xff,0xff,0xff,0xff,0xff,0xff,0xff,0xff,0xff,
0xff,0xff,0xff,0xff,0xff,0xff,0xff,0xff,0xff,0xff,0xff,0xff,0xff,0xff,0xff,0xff,
0xff,0xff,0xff,0xff,0xff,0xff,0xff,0xff,0xff,0xff,0xff,0xff,0xff,0xff,0xff,0xff,
0x54,0x5c,0x6e,0x02,0xcf,0x12,0xcf,0x12,0xd0,0x12,0xcf,0x12,0xaf,0x12,0xd2,0x43,
0xff,0xff,0xff,0xff,0xff,0xff,0xff,0xff,0xff,0xff,0xff,0xff,0x92,0x3b,0xcf,0x0a,
0xf0,0x1a,0xf0,0x12,0xf0,0x1a,0xf0,0x12,0xf0,0x12,0xf0,0x12,0xab,0x01,0x9b,0xc6,
0xff,0xff,0xff,0xff,0xff,0xff,0xff,0xff,0xff,0xff,0xff,0xff,0xff,0xff,0xff,0xff,
0xff,0xff,0xff,0xff,0xff,0xff,0xff,0xff,0xff,0xff,0xff,0xff,0xff,0xff,0xff,0xff,
0xff,0xff,0xff,0xff,0xff,0xff,0xff,0xff,0xff,0xff,0xff,0xff,0xff,0xff,0xff,0xff,
0xff,0xff,0xff,0xff,0xff,0xff,0xff,0xff,0xff,0xff,0xff,0xff,0xff,0xff,0xff,0xff,
0xff,0xff,0xff,0xff,0xff,0xff,0xff,0xff,0xff,0xff,0xff,0xff,0xff,0xff,0xff,0xff,
0xff,0xff,0xff,0xff,0xff,0xff,0xff,0xff,0xff,0xff,0xff,0xff,0xff,0xff,0xff,0xff,
0xff,0xff,0xff,0xff,0xff,0xff,0xff,0xff,0xff,0xff,0xff,0xff,0xff,0xff,0xff,0xff,
0xff,0xff,0x8f,0x0a,0xcf,0x12,0xf0,0x1a,0xf0,0x12,0xf0,0x1a,0xf0,0x12,0x6f,0x02,
0x5e,0xe7,0xff,0xff,0xff,0xff,0xff,0xff,0xff,0xff,0xff,0xff,0x5b,0xbe,0xb0,0x0a,
0x11,0x1b,0x11,0x1b,0x11,0x13,0x11,0x1b,0x10,0x13,0x11,0x1b,0xf0,0x12,0xd0,0x0a,
0xff,0xff,0xff,0xff,0xff,0xff,0xff,0xff,0xff,0xff,0xff,0xff,0xff,0xff,0xff,0xff,
0xff,0xff,0xff,0xff,0xff,0xff,0xff,0xff,0xff,0xff,0xff,0xff,0xff,0xff,0xff,0xff,
0xff,0xff,0xff,0xff,0xff,0xff,0xff,0xff,0xff,0xff,0xff,0xff,0xff,0xff,0xff,0xff,
0xff,0xff,0xff,0xff,0xff,0xff,0xff,0xff,0xff,0xff,0xff,0xff,0xff,0xff,0xff,0xff,
0xff,0xff,0xff,0xff,0xff,0xff,0xff,0xff,0xff,0xff,0xff,0xff,0xff,0xff,0xff,0xff,
0xff,0xff,0xff,0xff,0xff,0xff,0xff,0xff,0xff,0xff,0xff,0xff,0xff,0xff,0xff,0xff,
0xff,0xff,0xff,0xff,0xff,0xff,0xff,0xff,0xff,0xff,0xff,0xff,0xff,0xff,0xff,0xff,
0xff,0xff,0xb2,0x3b,0xd0,0x0a,0xf0,0x12,0xf0,0x1a,0xf0,0x12,0x11,0x1b,0xd0,0x0a,
0xd6,0x74,0xff,0xff,0xff,0xff,0xff,0xff,0xff,0xff,0xff,0xff,0xff,0xff,0xaf,0x12,
0x31,0x1b,0x11,0x13,0x11,0x1b,0x11,0x13,0x31,0x1b,0x10,0x13,0x11,0x1b,0xb0,0x02,
0xfb,0x95,0xff,0xff,0xff,0xff,0xff,0xff,0xff,0xff,0xff,0xff,0xff,0xff,0xff,0xff,
0xff,0xff,0xff,0xff,0xff,0xff,0xff,0xff,0xff,0xff,0xff,0xff,0xff,0xff,0xff,0xff,
0xff,0xff,0xff,0xff,0xff,0xff,0xff,0xff,0xff,0xff,0xff,0xff,0xff,0xff,0xff,0xff,
0xff,0xff,0xff,0xff,0xff,0xff,0xff,0xff,0x3a,0xb6,0x51,0x2b,0x92,0x3b,0xb2,0x3b,
0x92,0x3b,0xb2,0x3b,0x92,0x3b,0xb2,0x3b,0x92,0x3b,0xb3,0x3b,0x92,0x3b,0xb2,0x3b,
0x92,0x3b,0xb2,0x3b,0x92,0x3b,0xb2,0x3b,0x92,0x3b,0xb2,0x3b,0x92,0x3b,0xb2,0x3b,
0x92,0x3b,0x92,0x3b,0x34,0x5c,0xff,0xff,0xff,0xff,0xff,0xff,0xff,0xff,0xff,0xff,
0xff,0xff,0x98,0x95,0xaf,0x02,0x11,0x1b,0x11,0x13,0x31,0x1b,0x11,0x1b,0x32,0x1b,
0x0c,0x02,0xff,0xff,0xff,0xff,0xff,0xff,0xff,0xff,0xff,0xff,0xff,0xff,0xf5,0x84,
0xaf,0x0a,0x52,0x1b,0x31,0x1b,0x32,0x1b,0x31,0x1b,0x32,0x1b,0x11,0x1b,0xf1,0x12,
0x57,0x24,0xff,0xff,0xff,0xff,0xff,0xff,0xff,0xff,0xff,0xff,0xff,0xff,0xff,0xff,
0xff,0xff,0xff,0xff,0xff,0xff,0xff,0xff,0xff,0xff,0xff,0xff,0xff,0xff,0xff,0xff,
0xff,0xff,0xff,0xff,0xff,0xff,0xff,0xff,0xff,0xff,0xff,0xff,0xff,0xff,0xff,0xff,
0xff,0xff,0xff,0xff,0xff,0xff,0xff,0xff,0x7e,0xef,0xcc,0x01,0x0c,0x1a,0x0b,0x12,
0x0c,0x1a,0x0b,0x12,0x0c,0x1a,0x0c,0x12,0x2c,0x1a,0x2c,0x12,0x4d,0x12,0x4d,0x12,
0x6d,0x12,0x6d,0x0a,0x8e,0x12,0x8e,0x0a,0x8f,0x0a,0x8f,0x0a,0xaf,0x12,0xaf,0x0a,
0xd0,0x12,0xd0,0x0a,0x6f,0x02,0xd9,0x9d,0xff,0xff,0xff,0xff,0xff,0xff,0xff,0xff,
0xff,0xff,0x19,0xb6,0x6f,0x02,0x11,0x13,0x31,0x1b,0x31,0x13,0x32,0x1b,0x31,0x13,
0x8f,0x02,0x57,0x95,0xff,0xff,0xff,0xff,0xff,0xff,0xff,0xff,0xff,0xff,0x9e,0xf7,
0x4e,0x02,0x52,0x13,0x52,0x1b,0x31,0x13,0x52,0x1b,0x31,0x13,0x32,0x1b,0x11,0x13,
0x53,0x0b,0x1e,0xcf,0xff,0xff,0xff,0xff,0xff,0xff,0xff,0xff,0xff,0xff,0xff,0xff,
0xff,0xff,0xff,0xff,0xff,0xff,0xff,0xff,0xff,0xff,0xff,0xff,0xff,0xff,0xff,0xff,
0xff,0xff,0xff,0xff,0xff,0xff,0xff,0xff,0xff,0xff,0xff,0xff,0xff,0xff,0xff,0xff,
0xff,0xff,0xff,0xff,0xff,0xff,0xff,0xff,0xff,0xff,0x92,0x3b,0x0c,0x1a,0x4d,0x22,
0x2c,0x1a,0x4d,0x22,0x4c,0x1a,0x6d,0x22,0x6d,0x1a,0x8e,0x1a,0x6d,0x1a,0x8f,0x1a,
0x8e,0x12,0xaf,0x1a,0xaf,0x12,0xcf,0x12,0xcf,0x12,0xd0,0x12,0xf0,0x12,0x10,0x1b,
0xf0,0x12,0x11,0x13,0x2d,0x02,0xff,0xff,0xff,0xff,0xff,0xff,0xff,0xff,0xff,0xff,
0xff,0xff,0x1a,0xae,0xaf,0x02,0x32,0x1b,0x32,0x1b,0x52,0x1b,0x32,0x13,0x53,0x1b,
0x52,0x13,0xf1,0x0a,0xff,0xff,0xff,0xff,0xff,0xff,0xff,0xff,0xff,0xff,0xff,0xff,
0x54,0x4c,0x32,0x13,0x52,0x1b,0x73,0x1b,0x52,0x1b,0x52,0x1b,0x52,0x13,0x52,0x1b,
0x11,0x13,0xdb,0x85,0xff,0xff,0xff,0xff,0xff,0xff,0xff,0xff,0xff,0xff,0xff,0xff,
0xff,0xff,0xff,0xff,0xff,0xff,0xff,0xff,0xff,0xff,0xff,0xff,0xff,0xff,0xff,0xff,
0xff,0xff,0xff,0xff,0xff,0xff,0xff,0xff,0xff,0xff,0xff,0xff,0xff,0xff,0xff,0xff,
0xff,0xff,0xff,0xff,0xff,0xff,0xff,0xff,0xff,0xff,0xbb,0xc6,0xcb,0x01,0x2c,0x1a,
0x4d,0x22,0x4c,0x1a,0x4d,0x1a,0x4d,0x1a,0x6e,0x1a,0x6d,0x12,0x8e,0x1a,0x8e,0x12,
0xaf,0x1a,0xae,0x12,0xcf,0x12,0xaf,0x12,0xd0,0x12,0xcf,0x12,0xf0,0x1a,0xf0,0x12,
0xd0,0x0a,0x4d,0x12,0xff,0xff,0xff,0xff,0xff,0xff,0xff,0xff,0xff,0xff,0xff,0xff,
0xff,0xff,0xd7,0x54,0x11,0x13,0x31,0x13,0x52,0x1b,0x52,0x13,0x52,0x1b,0x52,0x1b,
0x53,0x1b,0x12,0x03,0x1e,0xcf,0xff,0xff,0xff,0xff,0xff,0xff,0xff,0xff,0xff,0xff,
0x1d,0xd7,0x12,0x03,0x73,0x1b,0x52,0x1b,0x73,0x1b,0x52,0x1b,0x53,0x1b,0x52,0x13,
0x32,0x13,0xd4,0x1b,0xdf,0xf7,0xff,0xff,0xff,0xff,0xff,0xff,0xff,0xff,0xff,0xff,
0xff,0xff,0xff,0xff,0xff,0xff,0xff,0xff,0xff,0xff,0xff,0xff,0xff,0xff,0xff,0xff,
0xff,0xff,0xff,0xff,0xff,0xff,0xff,0xff,0xff,0xff,0xff,0xff,0xff,0xff,0xff,0xff,
0xff,0xff,0xff,0xff,0xff,0xff,0xff,0xff,0xff,0xff,0xff,0xff,0x0c,0x0a,0x2c,0x22,
0x4c,0x1a,0x4d,0x22,0x4d,0x1a,0x6d,0x1a,0x6d,0x1a,0x8e,0x1a,0x8e,0x1a,0xaf,0x1a,
0xae,0x12,0xcf,0x12,0xcf,0x12,0xd0,0x12,0xd0,0x12,0xf1,0x1a,0x10,0x1b,0xb0,0x0a,
0xae,0x2a,0xff,0xff,0xff,0xff,0xff,0xff,0xff,0xff,0xff,0xff,0xff,0xff,0xff,0xff,
0xff,0xff,0xf6,0x13,0x11,0x13,0x52,0x1b,0x52,0x13,0x73,0x1b,0x53,0x1b,0x73,0x1b,
0x73,0x1b,0x53,0x1b,0x19,0x55,0xff,0xff,0xff,0xff,0xff,0xff,0xff,0xff,0xff,0xff,
0xff,0xff,0x98,0x34,0x53,0x13,0x93,0x23,0x73,0x1b,0x73,0x23,0x73,0x1b,0x73,0x1b,
0x52,0x1b,0x53,0x13,0xfb,0x8d,0xff,0xff,0xff,0xff,0xff,0xff,0xff,0xff,0xff,0xff,
0xff,0xff,0xff,0xff,0xff,0xff,0xff,0xff,0xff,0xff,0xff,0xff,0xff,0xff,0xff,0xff,
0xff,0xff,0xff,0xff,0xff,0xff,0xff,0xff,0xff,0xff,0xff,0xff,0xff,0xff,0xff,0xff,
0xff,0xff,0xff,0xff,0xff,0xff,0xff,0xff,0xff,0xff,0xff,0xff,0x57,0x8d,0xcb,0x09,
0x4d,0x22,0x4d,0x1a,0x6d,0x1a,0x6d,0x12,0x8e,0x1a,0x8e,0x12,0xaf,0x1a,0x8e,0x12,
0xaf,0x12,0xaf,0x12,0xd0,0x12,0xcf,0x12,0xf0,0x12,0xf0,0x12,0x8f,0x02,0x71,0x3b,
0xff,0xff,0xff,0xff,0xff,0xff,0xff,0xff,0xff,0xff,0xff,0xff,0xff,0xff,0xff,0xff,
0x7c,0xae,0x73,0x23,0x73,0x2b,0x73,0x23,0x93,0x2b,0x93,0x23,0x94,0x2b,0x93,0x23,
0x94,0x23,0x73,0x13,0xf5,0x23,0xff,0xff,0xff,0xff,0xff,0xff,0xff,0xff,0xff,0xff,
0xff,0xff,0x7c,0xae,0x94,0x13,0x73,0x13,0x94,0x1b,0x73,0x1b,0x93,0x1b,0x73,0x1b,
0x73,0x1b,0x32,0x13,0x74,0x03,0xff,0xff,0xff,0xff,0xff,0xff,0xff,0xff,0xff,0xff,
0xff,0xff,0xff,0xff,0xff,0xff,0xff,0xff,0xff,0xff,0xff,0xff,0xff,0xff,0xff,0xff,
0xff,0xff,0xff,0xff,0xff,0xff,0xff,0xff,0xff,0xff,0xff,0xff,0xff,0xff,0xff,0xff,
0xff,0xff,0xff,0xff,0xff,0xff,0xff,0xff,0xff,0xff,0xff,0xff,0xff,0xff,0x4e,0x02,
0x2c,0x1a,0x6d,0x1a,0x6d,0x1a,0x8e,0x1a,0x8e,0x1a,0xae,0x1a,0x8e,0x12,0xaf,0x12,
0xaf,0x12,0xd0,0x12,0xf0,0x1a,0x11,0x23,0x11,0x23,0xf1,0x1a,0x96,0x64,0xff,0xff,
0xff,0xff,0xff,0xff,0xff,0xff,0xff,0xff,0xff,0xff,0xff,0xff,0xff,0xff,0x9f,0xef,
0x76,0x4c,0xb3,0x33,0xd4,0x3b,0xf5,0x3b,0xd4,0x3b,0xf5,0x3b,0xf5,0x3b,0x15,0x3c,
0xf5,0x3b,0x16,0x3c,0xf5,0x33,0x3c,0xa6,0xff,0xff,0xff,0xff,0xff,0xff,0xff,0xff,
0xff,0xff,0xff,0xff,0x76,0x3c,0x74,0x13,0x94,0x13,0xb4,0x1b,0x93,0x1b,0x94,0x23,
0x73,0x1b,0x73,0x23,0x12,0x03,0x5b,0xae,0xff,0xff,0xff,0xff,0xff,0xff,0xff,0xff,
0xff,0xff,0xff,0xff,0xff,0xff,0xff,0xff,0xff,0xff,0xff,0xff,0xff,0xff,0xff,0xff,
0xff,0xff,0xff,0xff,0xff,0xff,0xff,0xff,0xff,0xff,0xff,0xff,0xff,0xff,0xff,0xff,
0xff,0xff,0xff,0xff,0xff,0xff,0xff,0xff,0xff,0xff,0xff,0xff,0xff,0xff,0xd7,0x5c,
0x2c,0x12,0x4d,0x1a,0x6e,0x1a,0x6d,0x12,0x8e,0x12,0x8e,0x12,0xcf,0x1a,0xef,0x22,
0x31,0x33,0x51,0x33,0x71,0x3b,0x51,0x33,0x32,0x23,0x79,0x7d,0xff,0xff,0xff,0xff,
0xff,0xff,0xff,0xff,0xff,0xff,0xff,0xff,0xff,0xff,0xff,0xff,0x5e,0xdf,0x36,0x3c,
0x93,0x33,0xb4,0x33,0xd4,0x3b,0xd4,0x33,0xf5,0x3b,0xf4,0x33,0xf5,0x3b,0xf5,0x3b,
0x16,0x3c,0x15,0x3c,0xf5,0x3b,0xf6,0x2b,0xff,0xff,0xff,0xff,0xff,0xff,0xff,0xff,
0xff,0xff,0xff,0xff,0x5c,0xa6,0xd5,0x2b,0xd5,0x2b,0xb4,0x1b,0xb4,0x1b,0x93,0x13,
0x94,0x1b,0x73,0x1b,0x73,0x1b,0xf0,0x12,0xff,0xff,0xff,0xff,0xff,0xff,0xff,0xff,
0xff,0xff,0xff,0xff,0xff,0xff,0xff,0xff,0xff,0xff,0xff,0xff,0xff,0xff,0xff,0xff,
0xff,0xff,0xff,0xff,0xff,0xff,0xff,0xff,0xff,0xff,0xff,0xff,0xff,0xff,0xff,0xff,
0xff,0xff,0xff,0xff,0xff,0xff,0xff,0xff,0xff,0xff,0xff,0xff,0xff,0xff,0x7f,0xdf,
0xb0,0x02,0x4d,0x1a,0x8e,0x1a,0xcf,0x2a,0xef,0x32,0x31,0x3b,0x30,0x33,0x51,0x3b,
0x31,0x33,0x52,0x3b,0x31,0x33,0x53,0x23,0x3c,0x9e,0xff,0xff,0xff,0xff,0xff,0xff,
0xff,0xff,0xff,0xff,0xff,0xff,0xff,0xff,0xff,0xff,0xfe,0xce,0xb5,0x23,0xb4,0x33,
0xd4,0x33,0xf5,0x3b,0xd4,0x3b,0xf5,0x3b,0xf5,0x3b,0x16,0x3c,0x15,0x3c,0x36,0x3c,
0x16,0x3c,0x36,0x44,0x36,0x3c,0xd5,0x2b,0x3b,0xae,0xff,0xff,0xff,0xff,0xff,0xff,
0xff,0xff,0xff,0xff,0xff,0xff,0xf6,0x2b,0x16,0x3c,0x36,0x44,0x16,0x3c,0x16,0x3c,
0xd4,0x2b,0xb4,0x23,0x94,0x13,0x4f,0x02,0xdc,0xd6,0xff,0xff,0xff,0xff,0xff,0xff,
0xff,0xff,0xff,0xff,0xff,0xff,0xff,0xff,0xff,0xff,0xff,0xff,0xff,0xff,0xff,0xff,
0xff,0xff,0xff,0xff,0xff,0xff,0xff,0xff,0xff,0xff,0xff,0xff,0xff,0xff,0xff,0xff,
0xff,0xff,0xff,0xff,0xff,0xff,0xff,0xff,0xff,0xff,0xff,0xff,0xff,0xff,0xff,0xff,
0xf8,0x5c,0x8e,0x2a,0xf0,0x32,0xef,0x32,0x10,0x33,0x10,0x33,0x31,0x33,0x30,0x33,
0x51,0x33,0x10,0x33,0xb4,0x2b,0xbd,0xb6,0xff,0xff,0xff,0xff,0xff,0xff,0xff,0xff,
0xff,0xff,0xff,0xff,0xff,0xff,0xff,0xff,0x5b,0xae,0x53,0x1b,0xb4,0x3b,0xd4,0x33,
0xf4,0x3b,0xd4,0x33,0xf5,0x3b,0xf5,0x3b,0x15,0x3c,0x15,0x3c,0x16,0x3c,0x16,0x3c,
0x36,0x3c,0x36,0x3c,0x37,0x3c,0x36,0x34,0xd4,0x3b,0xff,0xff,0xff,0xff,0xff,0xff,
0xff,0xff,0xff,0xff,0xff,0xff,0xb7,0x54,0x16,0x34,0x16,0x3c,0x36,0x3c,0x15,0x3c,
0x16,0x3c,0x15,0x3c,0x15,0x3c,0x94,0x1b,0xb1,0x5b,0xff,0xff,0xff,0xff,0xff,0xff,
0xff,0xff,0xff,0xff,0xff,0xff,0xff,0xff,0xff,0xff,0xff,0xff,0xff,0xff,0xff,0xff,
0xff,0xff,0xff,0xff,0xff,0xff,0xff,0xff,0xff,0xff,0xff,0xff,0xff,0xff,0xff,0xff,
0xff,0xff,0xff,0xff,0xff,0xff,0xff,0xff,0xff,0xff,0xff,0xff,0xff,0xff,0xff,0xff,
0x1e,0xcf,0x52,0x33,0xcf,0x32,0x10,0x3b,0x10,0x33,0x31,0x33,0x30,0x33,0x51,0x3b,
0x31,0x33,0x93,0x33,0xbd,0xb6,0xff,0xff,0xff,0xff,0xff,0xff,0xff,0xff,0xff,0xff,
0xff,0xff,0xff,0xff,0xff,0xff,0x99,0x95,0x11,0x13,0xd4,0x3b,0xd4,0x33,0xf5,0x3b,
0xf5,0x3b,0x15,0x3c,0x15,0x3c,0x16,0x3c,0x16,0x3c,0x36,0x3c,0x36,0x3c,0x57,0x3c,
0x37,0x3c,0x57,0x3c,0x57,0x3c,0x78,0x44,0x73,0x23,0xdc,0xce,0xff,0xff,0xff,0xff,
0xff,0xff,0xff,0xff,0xff,0xff,0x1d,0xdf,0x94,0x23,0x57,0x44,0x36,0x3c,0x37,0x3c,
0x16,0x3c,0x36,0x3c,0x15,0x3c,0x36,0x44,0xaf,0x1a,0xdf,0xff,0xff,0xff,0xff,0xff,
0xff,0xff,0xff,0xff,0xff,0xff,0xff,0xff,0xff,0xff,0xff,0xff,0xff,0xff,0xff,0xff,
0xff,0xff,0xff,0xff,0xff,0xff,0xff,0xff,0xff,0xff,0xff,0xff,0xff,0xff,0xff,0xff,
0xff,0xff,0xff,0xff,0xff,0xff,0xff,0xff,0xff,0xff,0xff,0xff,0xff,0xff,0xff,0xff,
0xff,0xff,0xb6,0x5c,0xae,0x2a,0x10,0x33,0x30,0x33,0x10,0x33,0x51,0x33,0x31,0x33,
0x11,0x33,0x59,0x75,0xff,0xff,0xff,0xff,0xff,0xff,0xff,0xff,0xff,0xff,0xff,0xff,
0xff,0xff,0xff,0xff,0xd6,0x7c,0xf1,0x12,0xd4,0x3b,0xd4,0x33,0xf4,0x3b,0xd4,0x33,
0xf5,0x3b,0xf5,0x33,0x16,0x3c,0x16,0x3c,0x36,0x3c,0x36,0x3c,0x57,0x3c,0x37,0x3c,
0x57,0x3c,0x57,0x3c,0x77,0x3c,0x57,0x3c,0x57,0x3c,0xd2,0x53,0xff,0xff,0xff,0xff,
0xff,0xff,0xff,0xff,0xff,0xff,0xff,0xff,0x51,0x33,0x57,0x3c,0x57,0x3c,0x36,0x3c,
0x37,0x3c,0x16,0x3c,0x36,0x3c,0x15,0x3c,0xb4,0x2b,0x77,0x95,0xff,0xff,0xff,0xff,
0xff,0xff,0xff,0xff,0xff,0xff,0xff,0xff,0xff,0xff,0xff,0xff,0xff,0xff,0xff,0xff,
0xff,0xff,0xff,0xff,0xff,0xff,0xff,0xff,0xff,0xff,0xff,0xff,0xff,0xff,0xff,0xff,
0xff,0xff,0xff,0xff,0xff,0xff,0xff,0xff,0xff,0xff,0xff,0xff,0xff,0xff,0xff,0xff,
0xff,0xff,0xdd,0xbe,0x10,0x33,0x10,0x33,0x10,0x33,0x31,0x3b,0x31,0x33,0x51,0x3b,
0x72,0x33,0xfe,0xc6,0xff,0xff,0xff,0xff,0xff,0xff,0xff,0xff,0xff,0xff,0xff,0xff,
0xff,0xff,0x13,0x64,0xf1,0x22,0xd4,0x3b,0xd4,0x33,0xf5,0x3b,0xd5,0x3b,0x15,0x3c,
0xf5,0x3b,0x16,0x3c,0x16,0x3c,0x36,0x3c,0x36,0x3c,0x57,0x44,0x57,0x3c,0x78,0x3c,
0x57,0x3c,0x78,0x44,0x77,0x44,0x78,0x44,0x98,0x44,0xf0,0x22,0xbf,0xff,0xff,0xff,
0xff,0xff,0xff,0xff,0xff,0xff,0xff,0xff,0x97,0xa5,0xb5,0x2b,0x77,0x3c,0x57,0x3c,
0x37,0x3c,0x57,0x44,0x36,0x3c,0x36,0x3c,0x16,0x34,0xb3,0x43,0xff,0xff,0xff,0xff,
0xff,0xff,0xff,0xff,0xff,0xff,0xff,0xff,0xff,0xff,0xff,0xff,0xff,0xff,0xff,0xff,
0xff,0xff,0xff,0xff,0xff,0xff,0xff,0xff,0xff,0xff,0xff,0xff,0xff,0xff,0xff,0xff,
0xff,0xff,0xff,0xff,0xff,0xff,0xff,0xff,0xff,0xff,0xff,0xff,0xff,0xff,0xff,0xff,
0xff,0xff,0xff,0xff,0xd4,0x3b,0xcf,0x2a,0x30,0x33,0x30,0x33,0x51,0x33,0x31,0x33,
0xb4,0x33,0xdf,0xf7,0xff,0xff,0xff,0xff,0xff,0xff,0xff,0xff,0xff,0xff,0xff,0xff,
0x2f,0x3b,0x11,0x23,0xd4,0x3b,0xb3,0x33,0xd4,0x3b,0xd4,0x33,0xf5,0x3b,0xf5,0x33,
0x16,0x3c,0x15,0x3c,0x36,0x3c,0x36,0x3c,0x57,0x3c,0x57,0x3c,0x77,0x3c,0x57,0x3c,
0x77,0x44,0x77,0x44,0x98,0x44,0x77,0x44,0x98,0x4c,0x15,0x34,0xd5,0x84,0xff,0xff,
0xff,0xff,0xff,0xff,0xff,0xff,0xff,0xff,0xff,0xff,0x8e,0x1a,0x98,0x44,0x57,0x3c,
0x57,0x3c,0x36,0x3c,0x57,0x3c,0x16,0x3c,0x36,0x3c,0xb4,0x33,0xdc,0xce,0xff,0xff,
0xff,0xff,0xff,0xff,0xff,0xff,0xff,0xff,0xff,0xff,0xff,0xff,0xff,0xff,0xff,0xff,
0xff,0xff,0xff,0xff,0xff,0xff,0xff,0xff,0xff,0xff,0xff,0xff,0xff,0xff,0xff,0xff,
0xff,0xff,0xff,0xff,0xff,0xff,0xff,0xff,0xff,0xff,0xff,0xff,0xff,0xff,0xff,0xff,
0xff,0xff,0xff,0xff,0x9a,0x75,0xf0,0x32,0x30,0x33,0x51,0x33,0x51,0x33,0x52,0x3b,
0xb4,0x2b,0xff,0xff,0xff,0xff,0xff,0xff,0xff,0xff,0xff,0xff,0xff,0xff,0x95,0x74,
0x11,0x23,0xb4,0x3b,0xb4,0x33,0xd4,0x3b,0xd4,0x33,0xf5,0x3b,0xf5,0x3b,0x16,0x3c,
0x16,0x3c,0x36,0x3c,0x36,0x3c,0x57,0x3c,0x57,0x3c,0x78,0x3c,0x77,0x3c,0x78,0x44,
0x77,0x44,0x98,0x4c,0x97,0x44,0x98,0x4c,0x98,0x4c,0xb8,0x4c,0xf3,0x43,0xff,0xff,
0xff,0xff,0xff,0xff,0xff,0xff,0xff,0xff,0xff,0xff,0x74,0x74,0x57,0x3c,0x78,0x44,
0x77,0x3c,0x77,0x3c,0x37,0x3c,0x37,0x3c,0x36,0x3c,0x16,0x34,0xf7,0x6c,0xff,0xff,
0xff,0xff,0xff,0xff,0xff,0xff,0xff,0xff,0xff,0xff,0xff,0xff,0xff,0xff,0xff,0xff,
0xff,0xff,0xff,0xff,0xff,0xff,0xff,0xff,0xff,0xff,0xff,0xff,0xff,0xff,0xff,0xff,
0xff,0xff,0xff,0xff,0xff,0xff,0xff,0xff,0xff,0xff,0xff,0xff,0xff,0xff,0xff,0xff,
0xff,0xff,0xff,0xff,0x5e,0xdf,0x12,0x1b,0x30,0x33,0x31,0x33,0x51,0x33,0x51,0x33,
0x94,0x2b,0xff,0xff,0xff,0xff,0xff,0xff,0xff,0xff,0xff,0xff,0xff,0xff,0x98,0x95,
0x32,0x23,0x72,0x2b,0x93,0x2b,0x93,0x2b,0xb4,0x33,0xb4,0x2b,0xd5,0x33,0xd5,0x2b,
0xf5,0x33,0xf5,0x2b,0x16,0x34,0x16,0x34,0x37,0x3c,0x36,0x34,0x57,0x3c,0x56,0x3c,
0x57,0x44,0x56,0x3c,0x77,0x44,0x77,0x44,0x97,0x4c,0x77,0x44,0x56,0x44,0x9b,0xb6,
0xff,0xff,0xff,0xff,0xff,0xff,0xff,0xff,0xff,0xff,0x9e,0xf7,0x11,0x1b,0x16,0x34,
0x16,0x34,0x16,0x2c,0x16,0x34,0x16,0x34,0x16,0x34,0xf5,0x2b,0x36,0x3c,0x7e,0xe7,
0xff,0xff,0xff,0xff,0xff,0xff,0xff,0xff,0xff,0xff,0xff,0xff,0xff,0xff,0xff,0xff,
0xff,0xff,0xff,0xff,0xff,0xff,0xff,0xff,0xff,0xff,0xff,0xff,0xff,0xff,0xff,0xff,
0xff,0xff,0xff,0xff,0xff,0xff,0xff,0xff,0xff,0xff,0xff,0xff,0xff,0xff,0xff,0xff,
0xff,0xff,0xff,0xff,0xff,0xff,0x57,0x44,0x10,0x33,0x51,0x3b,0x51,0x33,0x72,0x3b,
0x32,0x23,0x9f,0xef,0xff,0xff,0xff,0xff,0xff,0xff,0xff,0xff,0xff,0xff,0xff,0xff,
0x1d,0xd7,0xdd,0xc6,0xdc,0xc6,0xdd,0xc6,0xdc,0xc6,0xdd,0xce,0xdc,0xc6,0xfd,0xce,
0xdc,0xc6,0xfd,0xce,0xdd,0xce,0xfd,0xce,0xfd,0xc6,0xfd,0xce,0xfd,0xce,0xfd,0xce,
0xfd,0xce,0xfd,0xce,0xfd,0xce,0xfd,0xce,0xfd,0xce,0xfd,0xce,0xdd,0xc6,0xbf,0xef,
0xff,0xff,0xff,0xff,0xff,0xff,0xff,0xff,0xff,0xff,0xff,0xff,0x3d,0xe7,0x3a,0xb6,
0x5a,0xbe,0x9b,0xc6,0x9b,0xc6,0xbc,0xc6,0xdc,0xc6,0xfd,0xce,0xdd,0xc6,0xff,0xff,
0xff,0xff,0xff,0xff,0xff,0xff,0xff,0xff,0xff,0xff,0xff,0xff,0xff,0xff,0xff,0xff,
0xff,0xff,0xff,0xff,0xff,0xff,0xff,0xff,0xff,0xff,0xff,0xff,0xff,0xff,0xff,0xff,
0xff,0xff,0xff,0xff,0xff,0xff,0xff,0xff,0xff,0xff,0xff,0xff,0xff,0xff,0xff,0xff,
0xff,0xff,0xff,0xff,0xff,0xff,0x3b,0xa6,0x11,0x23,0x31,0x33,0x52,0x3b,0x52,0x33,
0x52,0x2b,0xb9,0x95,0xff,0xff,0xff,0xff,0xff,0xff,0xff,0xff,0xff,0xff,0xff,0xff,
0xff,0xff,0xff,0xff,0xff,0xff,0xff,0xff,0xff,0xff,0xff,0xff,0xff,0xff,0xff,0xff,
0xff,0xff,0xff,0xff,0xff,0xff,0xff,0xff,0xff,0xff,0xff,0xff,0xff,0xff,0xff,0xff,
0xff,0xff,0xff,0xff,0xff,0xff,0xff,0xff,0xff,0xff,0xff,0xff,0xff,0xff,0xff,0xff,
0xff,0xff,0xff,0xff,0xff,0xff,0xff,0xff,0xff,0xff,0xff,0xff,0xff,0xff,0xff,0xff,
0xff,0xff,0xff,0xff,0xff,0xff,0xff,0xff,0xff,0xff,0xff,0xff,0xff,0xff,0xff,0xff,
0xff,0xff,0xff,0xff,0xff,0xff,0xff,0xff,0xff,0xff,0xff,0xff,0xff,0xff,0xff,0xff,
0xff,0xff,0xff,0xff,0xff,0xff,0xff,0xff,0xff,0xff,0xff,0xff,0xff,0xff,0xff,0xff,
0xff,0xff,0xff,0xff,0xff,0xff,0xff,0xff,0xff,0xff,0xff,0xff,0xff,0xff,0xff,0xff,
0xff,0xff,0xff,0xff,0xff,0xff,0xff,0xff,0x52,0x23,0x51,0x33,0x51,0x33,0x72,0x3b,
0x72,0x33,0x93,0x33,0xff,0xff,0xff,0xff,0xff,0xff,0xff,0xff,0xff,0xff,0xff,0xff,
0xff,0xff,0xff,0xff,0xff,0xff,0xff,0xff,0xff,0xff,0xff,0xff,0xff,0xff,0xff,0xff,
0xff,0xff,0xff,0xff,0xff,0xff,0xff,0xff,0xff,0xff,0xff,0xff,0xff,0xff,0xff,0xff,
0xff,0xff,0xff,0xff,0xff,0xff,0xff,0xff,0xff,0xff,0xff,0xff,0xff,0xff,0xff,0xff,
0xff,0xff,0xff,0xff,0xff,0xff,0xff,0xff,0xff,0xff,0xff,0xff,0xff,0xff,0xff,0xff,
0xff,0xff,0xff,0xff,0xff,0xff,0xff,0xff,0xff,0xff,0xff,0xff,0xff,0xff,0xff,0xff,
0xff,0xff,0xff,0xff,0xff,0xff,0xff,0xff,0xff,0xff,0xff,0xff,0xff,0xff,0xff,0xff,
0xff,0xff,0xff,0xff,0xff,0xff,0xff,0xff,0xff,0xff,0xff,0xff,0xff,0xff,0xff,0xff,
0xff,0xff,0xff,0xff,0xff,0xff,0xff,0xff,0xff,0xff,0xff,0xff,0xff,0xff,0xff,0xff,
0xff,0xff,0xff,0xff,0xff,0xff,0xff,0xff,0x37,0x85,0x10,0x23,0x72,0x3b,0x72,0x33,
0x93,0x3b,0x31,0x23,0xf7,0x7c,0xff,0xff,0xff,0xff,0xff,0xff,0xff,0xff,0xff,0xff,
0xff,0xff,0xff,0xff,0xff,0xff,0xff,0xff,0xff,0xff,0xff,0xff,0xff,0xff,0xff,0xff,
0xff,0xff,0xff,0xff,0xff,0xff,0xff,0xff,0xff,0xff,0xff,0xff,0xff,0xff,0xff,0xff,
0xff,0xff,0xff,0xff,0xff,0xff,0xff,0xff,0xff,0xff,0xff,0xff,0xff,0xff,0xff,0xff,
0xff,0xff,0xff,0xff,0xff,0xff,0xff,0xff,0xff,0xff,0xff,0xff,0xff,0xff,0xff,0xff,
0xff,0xff,0xff,0xff,0xff,0xff,0xff,0xff,0xff,0xff,0xff,0xff,0xff,0xff,0xff,0xff,
0xff,0xff,0xff,0xff,0xff,0xff,0xff,0xff,0xff,0xff,0xff,0xff,0xff,0xff,0xff,0xff,
0xff,0xff,0xff,0xff,0xff,0xff,0xff,0xff,0xff,0xff,0xff,0xff,0xff,0xff,0xff,0xff,
0xff,0xff,0xff,0xff,0xff,0xff,0xff,0xff,0xff,0xff,0xff,0xff,0xff,0xff,0xff,0xff,
0xff,0xff,0xff,0xff,0xff,0xff,0xff,0xff,0xdf,0xff,0xd0,0x1a,0x72,0x33,0x73,0x3b,
0x92,0x33,0xb3,0x3b,0xd0,0x1a,0x78,0x95,0xff,0xff,0xff,0xff,0xff,0xff,0xff,0xff,
0xff,0xff,0xff,0xff,0xff,0xff,0xff,0xff,0xff,0xff,0xff,0xff,0xff,0xff,0xff,0xff,
0xff,0xff,0xff,0xff,0xff,0xff,0xff,0xff,0xff,0xff,0xff,0xff,0xff,0xff,0xff,0xff,
0xff,0xff,0xff,0xff,0xff,0xff,0xff,0xff,0xff,0xff,0xff,0xff,0xff,0xff,0xff,0xff,
0xff,0xff,0xff,0xff,0xff,0xff,0xff,0xff,0xff,0xff,0xff,0xff,0xff,0xff,0xff,0xff,
0xff,0xff,0xff,0xff,0xff,0xff,0xff,0xff,0xff,0xff,0xff,0xff,0xff,0xff,0xff,0xff,
0xff,0xff,0xff,0xff,0xff,0xff,0xff,0xff,0xff,0xff,0xff,0xff,0xff,0xff,0xff,0xff,
0xff,0xff,0xff,0xff,0xff,0xff,0xff,0xff,0xff,0xff,0xff,0xff,0xff,0xff,0xff,0xff,
0xff,0xff,0xff,0xff,0xff,0xff,0xff,0xff,0xff,0xff,0xff,0xff,0xff,0xff,0xff,0xff,
0xff,0xff,0xff,0xff,0xff,0xff,0xff,0xff,0xff,0xff,0xd2,0x4b,0x52,0x33,0x72,0x33,
0x93,0x3b,0x93,0x33,0xd4,0x3b,0xf0,0x1a,0x91,0x4b,0x7e,0xef,0xff,0xff,0xff,0xff,
0xff,0xff,0xff,0xff,0xff,0xff,0xff,0xff,0xff,0xff,0xff,0xff,0xff,0xff,0xff,0xff,
0xff,0xff,0xff,0xff,0xff,0xff,0xff,0xff,0xff,0xff,0xff,0xff,0xff,0xff,0xff,0xff,
0xff,0xff,0xff,0xff,0xff,0xff,0xff,0xff,0xff,0xff,0xff,0xff,0xff,0xff,0xff,0xff,
0xff,0xff,0xff,0xff,0xff,0xff,0xff,0xff,0xff,0xff,0xff,0xff,0xff,0xff,0xff,0xff,
0xff,0xff,0xff,0xff,0xff,0xff,0xff,0xff,0xff,0xff,0xff,0xff,0xff,0xff,0xff,0xff,
0xff,0xff,0xff,0xff,0xff,0xff,0xff,0xff,0xff,0xff,0xff,0xff,0xff,0xff,0xff,0xff,
0xff,0xff,0xff,0xff,0xff,0xff,0xff,0xff,0xff,0xff,0xff,0xff,0xff,0xff,0xff,0xff,
0xff,0xff,0xff,0xff,0xff,0xff,0xff,0xff,0xff,0xff,0xff,0xff,0xff,0xff,0xff,0xff,
0xff,0xff,0xff,0xff,0xff,0xff,0xff,0xff,0xff,0xff,0xfc,0xd6,0x6e,0x12,0x93,0x3b,
0x93,0x33,0xb3,0x3b,0xb3,0x33,0xd4,0x3b,0xb4,0x33,0x8f,0x12,0xef,0x2a,0x94,0x74,
0x36,0x95,0x57,0x9d,0x36,0x95,0x57,0x9d,0x36,0x95,0x56,0x95,0x36,0x95,0x36,0x95,
0x36,0x95,0x36,0x95,0x36,0x95,0x36,0x95,0x16,0x95,0x36,0x95,0x16,0x8d,0x36,0x95,
0x16,0x95,0x36,0x95,0x16,0x95,0x36,0x95,0x16,0x95,0x36,0x95,0x36,0x95,0x36,0x95,
0x36,0x95,0x36,0x95,0x36,0x95,0x57,0x9d,0x36,0x95,0x57,0x9d,0x56,0x95,0x57,0x9d,
0x56,0x95,0x57,0x9d,0x56,0x95,0x57,0x9d,0x57,0x9d,0x77,0x9d,0x57,0x9d,0x77,0x9d,
0x77,0x9d,0x57,0x95,0xbe,0xf7,0xff,0xff,0xff,0xff,0xff,0xff,0xff,0xff,0xff,0xff,
0xff,0xff,0xff,0xff,0xff,0xff,0xff,0xff,0xff,0xff,0xff,0xff,0xff,0xff,0xff,0xff,
0xff,0xff,0xff,0xff,0xff,0xff,0xff,0xff,0xff,0xff,0xff,0xff,0xff,0xff,0xff,0xff,
0xff,0xff,0xff,0xff,0xff,0xff,0xff,0xff,0xff,0xff,0xff,0xff,0xb1,0x53,0x11,0x2b,
0x93,0x3b,0x92,0x33,0xb3,0x3b,0xb3,0x33,0xd4,0x3b,0xf5,0x33,0x16,0x3c,0xd4,0x2b,
0x94,0x2b,0x93,0x23,0xb4,0x2b,0xb4,0x2b,0xb5,0x2b,0xb4,0x2b,0xd5,0x33,0xd5,0x33,
0xf5,0x3b,0xf5,0x33,0x15,0x3c,0x15,0x3c,0x35,0x44,0x35,0x44,0x56,0x4c,0x55,0x4c,
0x76,0x4c,0x75,0x4c,0x96,0x54,0x76,0x54,0x96,0x54,0x76,0x54,0x76,0x54,0x56,0x4c,
0x76,0x4c,0x55,0x44,0x56,0x4c,0x35,0x44,0x36,0x44,0x15,0x3c,0x15,0x3c,0xf5,0x33,
0xf5,0x3b,0xf5,0x33,0xf5,0x33,0xd5,0x2b,0xd5,0x2b,0xb4,0x2b,0xb4,0x2b,0x93,0x2b,
0x94,0x2b,0x32,0x1b,0xf6,0x84,0xff,0xff,0xff,0xff,0xff,0xff,0xff,0xff,0xff,0xff,
0xff,0xff,0xff,0xff,0xff,0xff,0xff,0xff,0xff,0xff,0xff,0xff,0xff,0xff,0xff,0xff,
0xff,0xff,0xff,0xff,0xff,0xff,0xff,0xff,0xff,0xff,0xff,0xff,0xff,0xff,0xff,0xff,
0xff,0xff,0xff,0xff,0xff,0xff,0xff,0xff,0xff,0xff,0xff,0xff,0xff,0xff,0x30,0x33,
0x52,0x2b,0x93,0x3b,0xb3,0x33,0xd4,0x3b,0xd4,0x33,0xf5,0x3b,0xf5,0x3b,0x16,0x3c,
0x16,0x3c,0x57,0x3c,0x57,0x3c,0x78,0x44,0x77,0x3c,0x98,0x44,0x98,0x44,0xb8,0x4c,
0xb8,0x4c,0xd9,0x54,0xd8,0x54,0xf9,0x5c,0xf8,0x5c,0x19,0x65,0x19,0x65,0x39,0x65,
0x39,0x65,0x59,0x6d,0x59,0x6d,0x7a,0x75,0x59,0x6d,0x59,0x75,0x39,0x6d,0x39,0x6d,
0x19,0x65,0x19,0x65,0xf8,0x5c,0xf9,0x5c,0xd8,0x54,0xd9,0x54,0xb8,0x54,0xb8,0x4c,
0x98,0x4c,0x98,0x4c,0x77,0x44,0x78,0x44,0x57,0x3c,0x57,0x44,0x36,0x3c,0x36,0x3c,
0x15,0x3c,0xf6,0x3b,0x72,0x33,0xff,0xff,0xff,0xff,0xff,0xff,0xff,0xff,0xff,0xff,
0xff,0xff,0xff,0xff,0xff,0xff,0xff,0xff,0xff,0xff,0xff,0xff,0xff,0xff,0xff,0xff,
0xff,0xff,0xff,0xff,0xff,0xff,0xff,0xff,0xff,0xff,0xff,0xff,0xff,0xff,0xff,0xff,
0xff,0xff,0xff,0xff,0xff,0xff,0xff,0xff,0xff,0xff,0xff,0xff,0xff,0xff,0xff,0xff,
0x74,0x64,0x11,0x23,0x93,0x33,0xb3,0x33,0xd4,0x3b,0xd4,0x33,0xf5,0x3b,0xf5,0x33,
0x16,0x3c,0x16,0x34,0x37,0x3c,0x57,0x3c,0x77,0x3c,0x57,0x3c,0x98,0x44,0x97,0x44,
0x98,0x4c,0x98,0x4c,0xd8,0x54,0xd8,0x54,0xf8,0x5c,0xf8,0x5c,0x19,0x65,0x18,0x5d,
0x39,0x65,0x39,0x6d,0x59,0x6d,0x59,0x6d,0x59,0x6d,0x39,0x6d,0x39,0x6d,0x18,0x65,
0x19,0x65,0xf8,0x5c,0xf9,0x5c,0xd8,0x54,0xd8,0x54,0xb8,0x54,0xb8,0x4c,0x97,0x44,
0x98,0x4c,0x77,0x44,0x78,0x44,0x57,0x3c,0x57,0x3c,0x16,0x3c,0x36,0x3c,0x15,0x34,
0xf5,0x3b,0xd4,0x33,0xb4,0x33,0x7b,0xb6,0xff,0xff,0xff,0xff,0xff,0xff,0xff,0xff,
0xff,0xff,0xff,0xff,0xff,0xff,0xff,0xff,0xff,0xff,0xff,0xff,0xff,0xff,0xff,0xff,
0xff,0xff,0xff,0xff,0xff,0xff,0xff,0xff,0xff,0xff,0xff,0xff,0xff,0xff,0xff,0xff,
0xff,0xff,0xff,0xff,0xff,0xff,0xff,0xff,0xff,0xff,0xff,0xff,0xff,0xff,0xff,0xff,
0xff,0xff,0xdc,0xce,0xb6,0x64,0x93,0x33,0x93,0x2b,0xb4,0x33,0xb4,0x33,0xd5,0x33,
0xd4,0x33,0xf5,0x33,0xf5,0x33,0x16,0x34,0x16,0x34,0x36,0x3c,0x16,0x3c,0x36,0x3c,
0x36,0x3c,0x56,0x44,0x56,0x44,0x77,0x4c,0x76,0x4c,0x97,0x4c,0x96,0x4c,0x97,0x54,
0x97,0x54,0xb7,0x54,0xb7,0x54,0xd8,0x5c,0xb7,0x54,0xd7,0x5c,0xb7,0x54,0xb8,0x54,
0x97,0x54,0x97,0x54,0x97,0x4c,0x97,0x4c,0x77,0x4c,0x97,0x4c,0x77,0x44,0x77,0x44,
0x56,0x44,0x77,0x44,0x56,0x3c,0x57,0x3c,0x36,0x3c,0x36,0x3c,0x16,0x3c,0x36,0x3c,
0x15,0x3c,0x15,0x3c,0xd4,0x33,0x18,0x6d,0xff,0xff,0xff,0xff,0xff,0xff,0xff,0xff,
0xff,0xff,0xff,0xff,0xff,0xff,0xff,0xff,0xff,0xff,0xff,0xff,0xff,0xff,0xff,0xff,
0xff,0xff,0xff,0xff,0xff,0xff,0xff,0xff,0xff,0xff,0xff,0xff,0xff,0xff,0xff,0xff,
0xff,0xff,0xff,0xff,0xff,0xff,0xff,0xff,0xff,0xff,0xff,0xff,0xff,0xff,0xff,0xff,
0xff,0xff,0xff,0xff,0xff,0xff,0xff,0xff,0x7e,0xef,0x3d,0xdf,0x5e,0xdf,0x3d,0xdf,
0x5e,0xe7,0x3d,0xdf,0x5d,0xdf,0x3d,0xdf,0x3e,0xe7,0x3d,0xdf,0x3d,0xdf,0x3d,0xdf,
0x5e,0xdf,0x3d,0xdf,0x5e,0xdf,0x3d,0xdf,0x5e,0xdf,0x3d,0xdf,0x5e,0xdf,0x3d,0xdf,
0x5e,0xdf,0x3d,0xdf,0x5e,0xdf,0x3d,0xdf,0x5e,0xdf,0x3d,0xdf,0x5e,0xdf,0x3d,0xdf,
0x5e,0xe7,0x5d,0xdf,0x5e,0xe7,0x5e,0xdf,0x5e,0xe7,0x5d,0xdf,0x5e,0xe7,0x5e,0xdf,
0x7e,0xe7,0x5e,0xdf,0x7e,0xe7,0x5e,0xe7,0x7e,0xe7,0x7e,0xe7,0x7e,0xe7,0x7e,0xe7,
0x7f,0xe7,0x7e,0xe7,0x7e,0xe7,0x7e,0xe7,0xff,0xff,0xff,0xff,0xff,0xff,0xff,0xff,
0xff,0xff,0xff,0xff,0xff,0xff,0xff,0xff,0xff,0xff,0xff,0xff,0xff,0xff,0xff,0xff,
0xff,0xff,0xff,0xff,0xff,0xff,0xff,0xff,0xff,0xff,0xff,0xff,0xff,0xff,0xff,0xff,
0xff,0xff,0xff,0xff,0xff,0xff,0xff,0xff,0xff,0xff,0xff,0xff,0xff,0xff,0xff,0xff,
0xff,0xff,0xff,0xff,0xff,0xff,0xff,0xff,0xff,0xff,0xff,0xff,0xff,0xff,0xff,0xff,
0xff,0xff,0xff,0xff,0xff,0xff,0xff,0xff,0xff,0xff,0xff,0xff,0xff,0xff,0xff,0xff,
0xff,0xff,0xff,0xff,0xff,0xff,0xff,0xff,0xff,0xff,0xff,0xff,0xff,0xff,0xff,0xff,
0xff,0xff,0xff,0xff,0xff,0xff,0xff,0xff,0xff,0xff,0xff,0xff,0xff,0xff,0xff,0xff,
0xff,0xff,0xff,0xff,0xff,0xff,0xff,0xff,0xff,0xff,0xff,0xff,0xff,0xff,0xff,0xff,
0xff,0xff,0xff,0xff,0xff,0xff,0xff,0xff,0xff,0xff,0xff,0xff,0xff,0xff,0xff,0xff,
0xff,0xff,0xff,0xff,0xff,0xff,0xff,0xff,0xff,0xff,0xff,0xff,0xff,0xff,0xff,0xff,
0xff,0xff,0xff,0xff,0xff,0xff,0xff,0xff,0xff,0xff,0xff,0xff,0xff,0xff,0xff,0xff,
0xff,0xff,0xff,0xff,0xff,0xff,0xff,0xff,0xff,0xff,0xff,0xff,0xff,0xff,0xff,0xff,
0xff,0xff,0xff,0xff,0xff,0xff,0xff,0xff,0xff,0xff,0xff,0xff,0xff,0xff,0xff,0xff,
0xff,0xff,0xff,0xff,0xff,0xff,0xff,0xff,0xff,0xff,0xff,0xff,0xff,0xff,0xff,0xff,
0xff,0xff,0xff,0xff,0xff,0xff,0xff,0xff,0xff,0xff,0xff,0xff,0xff,0xff,0xff,0xff,
0xff,0xff,0xff,0xff,0xff,0xff,0xff,0xff,0xff,0xff,0xff,0xff,0xff,0xff,0xff,0xff,
0xff,0xff,0xff,0xff,0xff,0xff,0xff,0xff,0xff,0xff,0xff,0xff,0xff,0xff,0xff,0xff,
0xff,0xff,0xff,0xff,0xff,0xff,0xff,0xff,0xff,0xff,0xff,0xff,0xff,0xff,0xff,0xff,
0xff,0xff,0xff,0xff,0xff,0xff,0xff,0xff,0xff,0xff,0xff,0xff,0xff,0xff,0xff,0xff,
0xff,0xff,0xff,0xff,0xff,0xff,0xff,0xff,0xff,0xff,0xff,0xff,0xff,0xff,0xff,0xff,
0xff,0xff,0xff,0xff,0xff,0xff,0xff,0xff,0xff,0xff,0xff,0xff,0xff,0xff,0xff,0xff,
0xff,0xff,0xff,0xff,0xff,0xff,0xff,0xff,0xff,0xff,0xff,0xff,0xff,0xff,0xff,0xff,
0xff,0xff,0xff,0xff,0xff,0xff,0xff,0xff,0xff,0xff,0xff,0xff,0xff,0xff,0xff,0xff,
0xff,0xff,0xff,0xff,0xff,0xff,0xff,0xff,0xff,0xff,0xff,0xff,0xff,0xff,0xff,0xff,
0xff,0xff,0xff,0xff,0xff,0xff,0xff,0xff,0xff,0xff,0xff,0xff,0xff,0xff,0xff,0xff,
0xff,0xff,0xff,0xff,0xff,0xff,0xff,0xff,0xff,0xff,0xff,0xff,0xff,0xff,0xff,0xff,
0xff,0xff,0xff,0xff,0xff,0xff,0xff,0xff,0xff,0xff,0xff,0xff,0xff,0xff,0xff,0xff,
0xff,0xff,0xff,0xff,0xff,0xff,0xff,0xff,0xff,0xff,0xff,0xff,0xff,0xff,0xff,0xff,
0xff,0xff,0xff,0xff,0xff,0xff,0xff,0xff,0xff,0xff,0xff,0xff,0xff,0xff,0xff,0xff,
0xff,0xff,0xff,0xff,0xff,0xff,0xff,0xff,0xff,0xff,0xff,0xff,0xff,0xff,0xff,0xff,
0xff,0xff,0xff,0xff,0xff,0xff,0xff,0xff,0xff,0xff,0xff,0xff,0xff,0xff,0xff,0xff,
0xff,0xff,0xff,0xff,0xff,0xff,0xff,0xff,0xff,0xff,0xff,0xff,0xff,0xff,0xff,0xff,
0xff,0xff,0xff,0xff,0xff,0xff,0xff,0xff,0xff,0xff,0xff,0xff,0xff,0xff,0xff,0xff,
0xff,0xff,0xff,0xff,0xff,0xff,0xff,0xff,0xff,0xff,0xff,0xff,0xff,0xff,0xff,0xff,
0xff,0xff,0xff,0xff,0xff,0xff,0xff,0xff,0xff,0xff,0xff,0xff,0xff,0xff,0xff,0xff,
0xff,0xff,0xff,0xff,0xff,0xff,0xff,0xff,0xff,0xff,0xff,0xff,0xff,0xff,0xff,0xff,
0xff,0xff,0xff,0xff,0xff,0xff,0xff,0xff,0xff,0xff,0xff,0xff,0xff,0xff,0xff,0xff,
0xff,0xff,0xff,0xff,0xff,0xff,0xff,0xff,0xff,0xff,0xff,0xff,0xff,0xff,0xff,0xff,
0xff,0xff,0xff,0xff,0xff,0xff,0xff,0xff,0xff,0xff,0xff,0xff,0xff,0xff,0xff,0xff,
0xff,0xff,0xff,0xff,0xff,0xff,0xff,0xff,0xff,0xff,0xff,0xff,0xff,0xff,0xff,0xff,
0xff,0xff,0xff,0xff,0xff,0xff,0xff,0xff,0xff,0xff,0xff,0xff,0xff,0xff,0xff,0xff,
0xff,0xff,0xff,0xff,0xff,0xff,0xff,0xff,0xff,0xff,0xff,0xff,0xff,0xff,0xff,0xff,
0xff,0xff,0xff,0xff,0xff,0xff,0xff,0xff,0xff,0xff,0xff,0xff,0xff,0xff,0xff,0xff,
0xff,0xff,0xff,0xff,0xff,0xff,0xff,0xff,0xff,0xff,0xff,0xff,0xff,0xff,0xff,0xff,
0xff,0xff,0xff,0xff,0xff,0xff,0xff,0xff,0xff,0xff,0xff,0xff,0xff,0xff,0xff,0xff,
0xff,0xff,0xff,0xff,0xff,0xff,0xff,0xff,0xff,0xff,0xff,0xff,0xff,0xff,0xff,0xff,
0xff,0xff,0xff,0xff,0xff,0xff,0xff,0xff,0xff,0xff,0xff,0xff,0xff,0xff,0xff,0xff,
0xff,0xff,0xff,0xff,0xff,0xff,0xff,0xff,0xff,0xff,0xff,0xff,0xff,0xff,0xff,0xff,
0xff,0xff,0xff,0xff,0xff,0xff,0xff,0xff,0xff,0xff,0xff,0xff,0xff,0xff,0xff,0xff,
0xff,0xff,0xff,0xff,0xff,0xff,0xff,0xff,0xff,0xff,0xff,0xff,0xff,0xff,0xff,0xff,
0xff,0xff,0xff,0xff,0xff,0xff,0xff,0xff,0xff,0xff,0xff,0xff,0xff,0xff,0xff,0xff,
0xff,0xff,0xff,0xff,0xff,0xff,0xff,0xff,0xff,0xff,0xff,0xff,0xff,0xff,0xff,0xff,
0xff,0xff,0xff,0xff,0xff,0xff,0xff,0xff,0xff,0xff,0xff,0xff,0xff,0xff,0xff,0xff,
0xff,0xff,0xff,0xff,0xff,0xff,0xff,0xff,0xff,0xff,0xff,0xff,0xff,0xff,0xff,0xff,
0xff,0xff,0xff,0xff,0xff,0xff,0xff,0xff,0xff,0xff,0xff,0xff,0xff,0xff,0xff,0xff,
0xff,0xff,0xff,0xff,0xff,0xff,0xff,0xff,0xff,0xff,0xff,0xff,0xff,0xff,0xff,0xff,
0xff,0xff,0xff,0xff,0xff,0xff,0xff,0xff,0xff,0xff,0xff,0xff,0xff,0xff,0xff,0xff,
0xff,0xff,0xff,0xff,0xff,0xff,0xff,0xff,0xff,0xff,0xff,0xff,0xff,0xff,0xff,0xff,
0xff,0xff,0xff,0xff,0xff,0xff,0xff,0xff,0xff,0xff,0xff,0xff,0xff,0xff,0xff,0xff,
0xff,0xff,0xff,0xff,0xff,0xff,0xff,0xff,0xff,0xff,0xff,0xff,0xff,0xff,0xff,0xff,
0xff,0xff,0xff,0xff,0xff,0xff
};


__ALIGN_END const unsigned long stlogo01[]= 
{
  0xA0424D42ul, 0x00000000ul, 0x00420000ul, 0x00280000ul,
	0x00800000ul, 0x00A00000ul, 0x00010000ul, 0x00030010ul,
	0x00000000ul, 0x2E230000ul, 0x2E230000ul, 0x00000000ul,
	0x00000000ul, 0xF8000000ul, 0x07E00000ul, 0x001F0000ul,
	0xFFFF0000ul, 0xFFFFFFFFul, 0xFFFFFFFFul, 0xFFFFFFFFul,
	0xFFFFFFFFul, 0xFFFFFFFFul, 0xFFFFFFFFul, 0xFFFFFFFFul,
	0xFFFFFFFFul, 0xFFFFFFFFul, 0xFFFFFFFFul, 0xFFFFFFFFul,
	0xFFFFFFFFul, 0xFFFFFFFFul, 0xFFFFFFFFul, 0xFFFFFFFFul,
	0xFFFFFFFFul, 0xFFFFFFFFul, 0xFFFFFFFFul, 0xFFFFFFFFul,
	0xFFFFFFFFul, 0xFFFFFFFFul, 0xFFFFFFFFul, 0xFFFFFFFFul,
	0xFFFFFFFFul, 0xFFFFFFFFul, 0xFFFFFFFFul, 0xFFFFFFFFul,
	0xFFFFFFFFul, 0xFFFFFFFFul, 0xFFFFFFFFul, 0xFFFFFFFFul,
	0xFFFFFFFFul, 0xFFFFFFFFul, 0xFFFFFFFFul, 0xFFFFFFFFul,
	0xFFFFFFFFul, 0xFFFFFFFFul, 0xFFFFFFFFul, 0xFFFFFFFFul,
	0xFFFFFFFFul, 0xFFFFFFFFul, 0xFFFFFFFFul, 0xFFFFFFFFul,
	0xFFFFFFFFul, 0xFFFFFFFFul, 0xFFFFFFFFul, 0xFFFFFFFFul,
	0xFFFFFFFFul, 0xFFFFFFFFul, 0xFFFFFFFFul, 0xFFFFFFFFul,
	0xFFFFFFFFul, 0xFFFFFFFFul, 0xFFFFFFFFul, 0xFFFFFFFFul,
	0xFFFFFFFFul, 0xFFFFFFFFul, 0xFFFFFFFFul, 0xFFFFFFFFul,
	0xFFFFFFFFul, 0xFFFFFFFFul, 0xFFFFFFFFul, 0xFFFFFFFFul,
	0xFFFFFFFFul, 0xFFFFFFFFul, 0xFFFFFFFFul, 0xFFFFFFFFul,
	0xFFFFFFFFul, 0xFFFFFFFFul, 0xFFFFFFFFul, 0xFFFFFFFFul,
	0xFFFFFFFFul, 0xFFFFFFFFul, 0xFFFFFFFFul, 0xFFFFFFFFul,
	0xFFFFFFFFul, 0xFFFFFFFFul, 0xFFFFFFFFul, 0xFFFFFFFFul,
	0xFFFFFFFFul, 0xFFFFFFFFul, 0xFFFFFFFFul, 0xFFFFFFFFul,
	0xFFFFFFFFul, 0xFFFFFFFFul, 0xFFFFFFFFul, 0xFFFFFFFFul,
	0xFFFFFFFFul, 0xFFFFFFFFul, 0xFFFFFFFFul, 0xFFFFFFFFul,
	0xFFFFFFFFul, 0xFFFFFFFFul, 0xFFFFFFFFul, 0xFFFFFFFFul,
	0xFFFFFFFFul, 0xFFFFFFFFul, 0xFFFFFFFFul, 0xFFFFFFFFul,
	0xFFFFFFFFul, 0xFFFFFFFFul, 0xFFFFFFFFul, 0xFFFFFFFFul,
	0xFFFFFFFFul, 0xFFFFFFFFul, 0xFFFFFFFFul, 0xFFFFFFFFul,
	0xFFFFFFFFul, 0xFFFFFFFFul, 0xFFFFFFFFul, 0xFFFFFFFFul,
	0xFFFFFFFFul, 0xFFFFFFFFul, 0xFFFFFFFFul, 0xFFFFFFFFul,
	0xFFFFFFFFul, 0xFFFFFFFFul, 0xFFFFFFFFul, 0xFFFFFFFFul,
	0xFFFFFFFFul, 0xFFFFFFFFul, 0xFFFFFFFFul, 0xFFFFFFFFul,
	0xFFFFFFFFul, 0xFFFFFFFFul, 0xFFFFFFFFul, 0xFFFFFFFFul,
	0xFFFFFFFFul, 0xFFFFFFFFul, 0xFFFFFFFFul, 0xFFFFFFFFul,
	0xFFFFFFFFul, 0xFFFFFFFFul, 0xFFFFFFFFul, 0xFFFFFFFFul,
	0xFFFFFFFFul, 0xFFFFFFFFul, 0xFFFFFFFFul, 0xFFFFFFFFul,
	0xFFFFFFFFul, 0xFFFFFFFFul, 0xFFFFFFFFul, 0xFFFFFFFFul,
	0xFFFFFFFFul, 0xFFFFFFFFul, 0xFFFFFFFFul, 0xFFFFFFFFul,
	0xFFFFFFFFul, 0xFFFFFFFFul, 0xFFFFFFFFul, 0xFFFFFFFFul,
	0xFFFFFFFFul, 0xFFFFFFFFul, 0xFFFFFFFFul, 0xFFFFFFFFul,
	0xFFFFFFFFul, 0xFFFFFFFFul, 0xFFFFFFFFul, 0xFFFFFFFFul,
	0xFFFFFFFFul, 0xFFFFFFFFul, 0xFFFFFFFFul, 0xFFFFFFFFul,
	0xFFFFFFFFul, 0xFFFFFFFFul, 0xFFFFFFFFul, 0xFFFFFFFFul,
	0xFFFFFFFFul, 0xFFFFFFFFul, 0xFFFFFFFFul, 0xFFFFFFFFul,
	0xFFFFFFFFul, 0xFFFFFFFFul, 0xFFFFFFFFul, 0xFFFFFFFFul,
	0xFFFFFFFFul, 0xFFFFFFFFul, 0xFFFFFFFFul, 0xFFFFFFFFul,
	0xFFFFFFFFul, 0xFFFFFFFFul, 0xFFFFFFFFul, 0xFFFFFFFFul,
	0xFFFFFFFFul, 0xFFFFFFFFul, 0xFFFFFFFFul, 0xFFFFFFFFul,
	0xFFFFFFFFul, 0xFFFFFFFFul, 0xFFFFFFFFul, 0xFFFFFFFFul,
	0xFFFFFFFFul, 0xFFFFFFFFul, 0xFFFFFFFFul, 0xFFFFFFFFul,
	0xFFFFFFFFul, 0xFFFFFFFFul, 0xFFFFFFFFul, 0xFFFFFFFFul,
	0xFFFFFFFFul, 0xFFFFFFFFul, 0xFFFFFFFFul, 0xFFFFFFFFul,
	0xFFFFFFFFul, 0xFFFFFFFFul, 0xFFFFFFFFul, 0xFFFFFFFFul,
	0xFFFFFFFFul, 0xFFFFFFFFul, 0xFFFFFFFFul, 0xFFFFFFFFul,
	0xFFFFFFFFul, 0xFFFFFFFFul, 0xFFFFFFFFul, 0xFFFFFFFFul,
	0xFFFFFFFFul, 0xFFFFFFFFul, 0xFFFFFFFFul, 0xFFFFFFFFul,
	0xFFFFFFFFul, 0xFFFFFFFFul, 0xFFFFFFFFul, 0xFFFFFFFFul,
	0xFFFFFFFFul, 0xFFFFFFFFul, 0xFFFFFFFFul, 0xFFFFFFFFul,
	0xFFFFFFFFul, 0xFFFFFFFFul, 0xFFFFFFFFul, 0xFFFFFFFFul,
	0xFFFFFFFFul, 0xFFFFFFFFul, 0xFFFFFFFFul, 0xFFFFFFFFul,
	0xFFFFFFFFul, 0xFFFFFFFFul, 0xFFFFFFFFul, 0xFFFFFFFFul,
	0xFFFFFFFFul, 0xFFFFFFFFul, 0xFFFFFFFFul, 0xFFFFFFFFul,
	0xFFFFFFFFul, 0xFFFFFFFFul, 0xFFFFFFFFul, 0xFFFFFFFFul,
	0xFFFFFFFFul, 0xFFFFFFFFul, 0xFFFFFFFFul, 0xFFFFFFFFul,
	0xFFFFFFFFul, 0xFFFFFFFFul, 0xFFFFFFFFul, 0xFFFFFFFFul,
	0xFFFFFFFFul, 0xFFFFFFFFul, 0xFFFFFFFFul, 0xFFFFFFFFul,
	0xFFFFFFFFul, 0xFFFFFFFFul, 0xFFFFFFFFul, 0xFFFFFFFFul,
	0xFFFFFFFFul, 0xFFFFFFFFul, 0xFFFFFFFFul, 0xFFFFFFFFul,
	0xFFFFFFFFul, 0xFFFFFFFFul, 0xFFFFFFFFul, 0xFFFFFFFFul,
	0xFFFFFFFFul, 0xFFFFFFFFul, 0xFFFFFFFFul, 0xFFFFFFFFul,
	0xFFFFFFFFul, 0xFFFFFFFFul, 0xFFFFFFFFul, 0xFFFFFFFFul,
	0xFFFFFFFFul, 0xFFFFFFFFul, 0xFFFFFFFFul, 0xFFFFFFFFul,
	0xFFFFFFFFul, 0xFFFFFFFFul, 0xFFFFFFFFul, 0xFFFFFFFFul,
	0xFFFFFFFFul, 0xFFFFFFFFul, 0xFFFFFFFFul, 0xFFFFFFFFul,
	0xFFFFFFFFul, 0xFFFFFFFFul, 0xFFFFFFFFul, 0xFFFFFFFFul,
	0xFFFFFFFFul, 0xFFFFFFFFul, 0xFFFFFFFFul, 0xFFFFFFFFul,
	0xFFFFFFFFul, 0xFFFFFFFFul, 0xFFFFFFFFul, 0xFFFFFFFFul,
	0xFFFFFFFFul, 0xFFFFFFFFul, 0xFFFFFFFFul, 0xFFFFFFFFul,
	0xFFFFFFFFul, 0xFFFFFFFFul, 0xFFFFFFFFul, 0xFFFFFFFFul,
	0xFFFFFFFFul, 0xFFFFFFFFul, 0xFFFFFFFFul, 0xFFFFFFFFul,
	0xFFFFFFFFul, 0xFFFFFFFFul, 0xFFFFFFFFul, 0xFFFFFFFFul,
	0xFFFFFFFFul, 0xFFFFFFFFul, 0xFFFFFFFFul, 0xFFFFFFFFul,
	0xFFFFFFFFul, 0xFFFFFFFFul, 0xFFFFFFFFul, 0xFFFFFFFFul,
	0xFFFFFFFFul, 0xFFFFFFFFul, 0xFFFFFFFFul, 0xFFFFFFFFul,
	0xFFFFFFFFul, 0xFFFFFFFFul, 0xFFFFFFFFul, 0xFFFFFFFFul,
	0xFFFFFFFFul, 0xFFFFFFFFul, 0xFFFFFFFFul, 0xFFFFFFFFul,
	0xFFFFFFFFul, 0xFFFFFFFFul, 0xFFFFFFFFul, 0xFFFFFFFFul,
	0xFFFFFFFFul, 0xFFFFFFFFul, 0xFFFFFFFFul, 0xFFFFFFFFul,
	0xFFFFFFFFul, 0xFFFFFFFFul, 0xFFFFFFFFul, 0xFFFFFFFFul,
	0xFFFFFFFFul, 0xFFFFFFFFul, 0xFFFFFFFFul, 0xFFFFFFFFul,
	0xFFFFFFFFul, 0xFFFFFFFFul, 0xFFFFFFFFul, 0xFFFFFFFFul,
	0xFFFFFFFFul, 0xFFFFFFFFul, 0xFFFFFFFFul, 0xFFFFFFFFul,
	0xFFFFFFFFul, 0xFFFFFFFFul, 0xFFFFFFFFul, 0xFFFFFFFFul,
	0xFFFFFFFFul, 0xFFFFFFFFul, 0xFFFFFFFFul, 0xFFFFFFFFul,
	0xFFFFFFFFul, 0xFFFFFFFFul, 0xFFFFFFFFul, 0xFFFFFFFFul,
	0xFFFFFFFFul, 0xFFFFFFFFul, 0xFFFFFFFFul, 0xFFFFFFFFul,
	0xFFFFFFFFul, 0xFFFFFFFFul, 0xFFFFFFFFul, 0xFFFFFFFFul,
	0xFFFFFFFFul, 0xFFFFFFFFul, 0xFFFFFFFFul, 0xFFFFFFFFul,
	0xFFFFFFFFul, 0xFFFFFFFFul, 0xFFFFFFFFul, 0xFFFFFFFFul,
	0xFFFFFFFFul, 0xFFFFFFFFul, 0xFFFFFFFFul, 0xFFFFFFFFul,
	0xFFFFFFFFul, 0xFFFFFFFFul, 0xFFFFFFFFul, 0xFFFFFFFFul,
	0xFFFFFFFFul, 0xFFFFFFFFul, 0xFFFFFFFFul, 0xFFFFFFFFul,
	0xFFFFFFFFul, 0xFFFFFFFFul, 0xFFFFFFFFul, 0xFFFFFFFFul,
	0xFFFFFFFFul, 0xFFFFFFFFul, 0xFFFFFFFFul, 0xFFFFFFFFul,
	0xFFFFFFFFul, 0xFFFFFFFFul, 0xFFFFFFFFul, 0xFFFFFFFFul,
	0xFFFFFFFFul, 0xFFFFFFFFul, 0xFFFFFFFFul, 0xFFFFFFFFul,
	0xFFFFFFFFul, 0xFFFFFFFFul, 0xFFFFFFFFul, 0xFFFFFFFFul,
	0xFFFFFFFFul, 0xFFFFFFFFul, 0xFFFFFFFFul, 0xFFFFFFFFul,
	0xFFFFFFFFul, 0xFFFFFFFFul, 0xFFFFFFFFul, 0xFFFFFFFFul,
	0xFFFFFFFFul, 0xFFFFFFFFul, 0xFFFFFFFFul, 0xFFFFFFFFul,
	0xFFFFFFFFul, 0xFFFFFFFFul, 0xFFFFFFFFul, 0xFFFFFFFFul,
	0xFFFFFFFFul, 0xFFFFFFFFul, 0xFFFFFFFFul, 0xFFFFFFFFul,
	0xFFFFFFFFul, 0xFFFFFFFFul, 0xFFFFFFFFul, 0xFFFFFFFFul,
	0xFFFFFFFFul, 0xFFFFFFFFul, 0xFFFFFFFFul, 0xFFFFFFFFul,
	0xFFFFFFFFul, 0xFFFFFFFFul, 0xFFFFFFFFul, 0xFFFFFFFFul,
	0xFFFFFFFFul, 0xFFFFFFFFul, 0xFFFFFFFFul, 0xFFFFFFFFul,
	0xFFFFFFFFul, 0xFFFFFFFFul, 0xFFFFFFFFul, 0xFFFFFFFFul,
	0xFFFFFFFFul, 0xFFFFFFFFul, 0xFFFFFFFFul, 0xFFFFFFFFul,
	0xFFFFFFFFul, 0xFFFFFFFFul, 0xFFFFFFFFul, 0xFFFFFFFFul,
	0xFFFFFFFFul, 0xFFFFFFFFul, 0xFFFFFFFFul, 0xFFFFFFFFul,
	0xFFFFFFFFul, 0xFFFFFFFFul, 0xFFFFFFFFul, 0xFFFFFFFFul,
	0xFFFFFFFFul, 0xFFFFFFFFul, 0xFFFFFFFFul, 0xFFFFFFFFul,
	0xFFFFFFFFul, 0xFFFFFFFFul, 0xFFFFFFFFul, 0xFFFFFFFFul,
	0xFFFFFFFFul, 0xFFFFFFFFul, 0xFFFFFFFFul, 0xFFFFFFFFul,
	0xFFFFFFFFul, 0xFFFFFFFFul, 0xFFFFFFFFul, 0xFFFFFFFFul,
	0xFFFFFFFFul, 0xFFFFFFFFul, 0xFFFFFFFFul, 0xFFFFFFFFul,
	0xFFFFFFFFul, 0xFFFFFFFFul, 0xFFFFFFFFul, 0xFFFFFFFFul,
	0xFFFFFFFFul, 0xFFFFFFFFul, 0xFFFFFFFFul, 0xFFFFFFFFul,
	0xFFFFFFFFul, 0xFFFFFFFFul, 0xFFFFFFFFul, 0xFFFFFFFFul,
	0xFFFFFFFFul, 0xFFFFFFFFul, 0xFFFFFFFFul, 0xFFFFFFFFul,
	0xFFFFFFFFul, 0xFFFFFFFFul, 0xFFFFFFFFul, 0xFFFFFFFFul,
	0xFFFFFFFFul, 0xFFFFFFFFul, 0xFFFFFFFFul, 0xFFFFFFFFul,
	0xFFFFFFFFul, 0xFFFFFFFFul, 0xFFFFFFFFul, 0xFFFFFFFFul,
	0xFFFFFFFFul, 0xFFFFFFFFul, 0xFFFFFFFFul, 0xFFFFFFFFul,
	0xFFFFFFFFul, 0xFFFFFFFFul, 0xFFFFFFFFul, 0xFFFFFFFFul,
	0xFFFFFFFFul, 0xFFFFFFFFul, 0xFFFFFFFFul, 0xFFFFFFFFul,
	0xFFFFFFFFul, 0xFFFFFFFFul, 0xFFFFFFFFul, 0xFFFFFFFFul,
	0xFFFFFFFFul, 0xFFFFFFFFul, 0xFFFFFFFFul, 0xFFFFFFFFul,
	0xFFFFFFFFul, 0xFFFFFFFFul, 0xFFFFFFFFul, 0xFFFFFFFFul,
	0xFFFFFFFFul, 0xFFFFFFFFul, 0xFFFFFFFFul, 0xFFFFFFFFul,
	0xFFFFFFFFul, 0xFFFFFFFFul, 0xFFFFFFFFul, 0xFFFFFFFFul,
	0xFFFFFFFFul, 0xFFFFFFFFul, 0xFFFFFFFFul, 0xFFFFFFFFul,
	0xFFFFFFFFul, 0xFFFFFFFFul, 0xFFFFFFFFul, 0xFFFFFFFFul,
	0xFFFFFFFFul, 0xFFFFFFFFul, 0xFFFFFFFFul, 0xFFFFFFFFul,
	0xFFFFFFFFul, 0xFFFFFFFFul, 0xFFFFFFFFul, 0xFFFFFFFFul,
	0xFFFFFFFFul, 0xFFFFFFFFul, 0xFFFFFFFFul, 0xFFFFFFFFul,
	0xFFFFFFFFul, 0xFFFFFFFFul, 0xFFFFFFFFul, 0xFFFFFFFFul,
	0xFFFFFFFFul, 0xFFFFFFFFul, 0xFFFFFFFFul, 0xFFFFFFFFul,
	0xFFFFFFFFul, 0xFFFFFFFFul, 0xFFFFFFFFul, 0xFFFFFFFFul,
	0xFFFFFFFFul, 0xFFFFFFFFul, 0xFFFFFFFFul, 0xFFFFFFFFul,
	0xFFFFFFFFul, 0xFFFFFFFFul, 0xFFFFFFFFul, 0xFFFFFFFFul,
	0xFFFFFFFFul, 0xFFFFFFFFul, 0xFFFFFFFFul, 0xFFFFFFFFul,
	0xFFFFFFFFul, 0xFFFFFFFFul, 0xFFFFFFFFul, 0xFFFFFFFFul,
	0xFFFFFFFFul, 0xFFFFFFFFul, 0xFFFFFFFFul, 0xFFFFFFFFul,
	0xFFFFFFFFul, 0xFFFFFFFFul, 0xFFFFFFFFul, 0xFFFFFFFFul,
	0xFFFFFFFFul, 0xFFFFFFFFul, 0xFFFFFFFFul, 0xFFFFFFFFul,
	0xFFFFFFFFul, 0xFFFFFFFFul, 0xFFFFFFFFul, 0xFFFFFFFFul,
	0xFFFFFFFFul, 0xFFFFFFFFul, 0xFFFFFFFFul, 0xFFFFFFFFul,
	0xFFFFFFFFul, 0xFFFFFFFFul, 0xFFFFFFFFul, 0xFFFFFFFFul,
	0xFFFFFFFFul, 0xFFFFFFFFul, 0xFFFFFFFFul, 0xFFFFFFFFul,
	0xFFFFFFFFul, 0xFFFFFFFFul, 0xFFFFFFFFul, 0xFFFFFFFFul,
	0xFFFFFFFFul, 0xFFFFFFFFul, 0xFFFFFFFFul, 0xFFFFFFFFul,
	0xFFFFFFFFul, 0xFFFFFFFFul, 0xFFFFFFFFul, 0xFFFFFFFFul,
	0xFFFFFFFFul, 0xFFFFFFFFul, 0xFFFFFFFFul, 0xFFFFFFFFul,
	0xFFFFFFFFul, 0xFFFFFFFFul, 0xFFFFFFFFul, 0xFFFFFFFFul,
	0xFFFFFFFFul, 0xFFFFFFFFul, 0xFFFFFFFFul, 0xFFFFFFFFul,
	0xFFFFFFFFul, 0xFFFFFFFFul, 0xFFFFFFFFul, 0xFFFFFFFFul,
	0xFFFFFFFFul, 0xFFFFFFFFul, 0xFFFFFFFFul, 0xFFFFFFFFul,
	0xFFFFFFFFul, 0xFFFFFFFFul, 0xFFFFFFFFul, 0xFFFFFFFFul,
	0xFFFFFFFFul, 0xFFFFFFFFul, 0xFFFFFFFFul, 0xFFFFFFFFul,
	0xFFFFFFFFul, 0xFFFFFFFFul, 0xFFFFFFFFul, 0xFFFFFFFFul,
	0xFFFFFFFFul, 0xFFFFFFFFul, 0xFFFFFFFFul, 0xFFFFFFFFul,
	0xFFFFFFFFul, 0xFFFFFFFFul, 0xFFFFFFFFul, 0xFFFFFFFFul,
	0xFFFFFFFFul, 0xFFFFFFFFul, 0xFFFFFFFFul, 0xFFFFFFFFul,
	0xFFFFFFFFul, 0xFFFFFFFFul, 0xFFFFFFFFul, 0xFFFFFFFFul,
	0xFFFFFFFFul, 0xFFFFFFFFul, 0xFFFFFFFFul, 0xFFFFFFFFul,
	0xFFFFFFFFul, 0xFFFFFFFFul, 0xFFFFFFFFul, 0xFFFFFFFFul,
	0xFFFFFFFFul, 0xFFFFFFFFul, 0xFFFFFFFFul, 0xFFFFFFFFul,
	0xFFFFFFFFul, 0xFFFFFFFFul, 0xFFFFFFFFul, 0xFFFFFFFFul,
	0xFFFFFFFFul, 0xFFFFFFFFul, 0xFFFFFFFFul, 0xFFFFFFFFul,
	0xFFFFFFFFul, 0xFFFFFFFFul, 0xFFFFFFFFul, 0xFFFFFFFFul,
	0xFFFFFFFFul, 0xFFFFFFFFul, 0xFFFFFFFFul, 0xFFFFFFFFul,
	0xFFFFFFFFul, 0xFFFFFFFFul, 0xFFFFFFFFul, 0xFFFFFFFFul,
	0xFFFFFFFFul, 0xFFFFFFFFul, 0xFFFFFFFFul, 0xFFFFFFFFul,
	0xFFFFFFFFul, 0xFFFFFFFFul, 0xFFFFFFFFul, 0xFFFFFFFFul,
	0xFFFFFFFFul, 0xFFFFFFFFul, 0xFFFFFFFFul, 0xFFFFFFFFul,
	0xFFFFFFFFul, 0xFFFFFFFFul, 0xFFFFFFFFul, 0xFFFFFFFFul,
	0xFFFFFFFFul, 0xFFFFFFFFul, 0xFFFFFFFFul, 0xFFFFFFFFul,
	0xFFFFFFFFul, 0xFFFFFFFFul, 0xFFFFFFFFul, 0xFFFFFFFFul,
	0xFFFFFFFFul, 0xFFFFFFFFul, 0xFFFFFFFFul, 0xFFFFFFFFul,
	0xFFFFFFFFul, 0xFFFFFFFFul, 0xFFFFFFFFul, 0xFFFFFFFFul,
	0xFFFFFFFFul, 0xFFFFFFFFul, 0xFFFFFFFFul, 0xFFFFFFFFul,
	0xFFFFFFFFul, 0xFFFFFFFFul, 0xFFFFFFFFul, 0xFFFFFFFFul,
	0xFFFFFFFFul, 0xFFFFFFFFul, 0xFFFFFFFFul, 0xFFFFFFFFul,
	0xFFFFFFFFul, 0xFFFFFFFFul, 0xFFFFFFFFul, 0xFFFFFFFFul,
	0xFFFFFFFFul, 0xFFFFFFFFul, 0xFFFFFFFFul, 0xFFFFFFFFul,
	0xFFFFFFFFul, 0xFFFFFFFFul, 0xFFFFFFFFul, 0xFFFFFFFFul,
	0xFFFFFFFFul, 0xFFFFFFFFul, 0xFFFFFFFFul, 0xFFFFFFFFul,
	0xFFFFFFFFul, 0xFFFFFFFFul, 0xFFFFFFFFul, 0xFFFFFFFFul,
	0xFFFFFFFFul, 0xFFFFFFFFul, 0xFFFFFFFFul, 0xFFFFFFFFul,
	0xFFFFFFFFul, 0xD6BCFFFFul, 0x0007216Aul, 0xFFFF5AF1ul,
	0xFFFFFFFFul, 0xFFFFFFFFul, 0xFFFFFFFFul, 0xFFFFFFFFul,
	0xFFFFFFFFul, 0xFFFFFFFFul, 0xFFFFFFFFul, 0xFFFFFFFFul,
	0xFFFFFFFFul, 0xFFFFFFFFul, 0xFFFFFFFFul, 0xFFFFFFFFul,
	0xFFFFFFFFul, 0xFFFFFFFFul, 0xFFFFFFFFul, 0xFFFFFFFFul,
	0xFFFFFFFFul, 0xFFFFFFFFul, 0xFFFFFFFFul, 0xFFFFFFFFul,
	0xFFFFFFFFul, 0xFFFFFFFFul, 0xFFFFFFFFul, 0xFFFFFFFFul,
	0xFFFFFFFFul, 0xFFFFFFFFul, 0xFFFFFFFFul, 0xFFFFFFFFul,
	0xFFFFFFFFul, 0xFFFFFFFFul, 0xFFFFFFFFul, 0xFFFFFFFFul,
	0xFFFFFFFFul, 0xFFFFFFFFul, 0xFFFFFFFFul, 0xFFFFFFFFul,
	0xFFFFFFFFul, 0xFFFFFFFFul, 0xFFFFFFFFul, 0xFFFFFFFFul,
	0xFFFFFFFFul, 0xFFFFFFFFul, 0xFFFFFFFFul, 0xFFFFFFFFul,
	0xFFFFFFFFul, 0xFFFFFFFFul, 0xFFFFFFFFul, 0xFFFFFFFFul,
	0xFFFFFFFFul, 0xFFFFFFFFul, 0xFFFFFFFFul, 0xFFFFFFFFul,
	0xFFFFFFFFul, 0xFFFFFFFFul, 0xFFFFFFFFul, 0xFFFFFFFFul,
	0xFFFFFFFFul, 0xFFFFFFFFul, 0xFFFFFFFFul, 0xFFFFFFFFul,
	0xFFFFFFFFul, 0x0002D6BCul, 0x11090005ul, 0x10C80004ul,
	0xFFFFFFFFul, 0xFFFFFFFFul, 0xFFFFFFFFul, 0xFFFFFFFFul,
	0xFFFFFFFFul, 0xFFFFFFFFul, 0xFFFFFFFFul, 0xFFFFFFFFul,
	0xFFFFFFFFul, 0xFFFFFFFFul, 0xFFFFFFFFul, 0xFFFFFFFFul,
	0xFFFFFFFFul, 0xFFFFFFFFul, 0xFFFFFFFFul, 0xFFFFFFFFul,
	0xFFFFFFFFul, 0xFFFFFFFFul, 0xFFFFFFFFul, 0xFFFFFFFFul,
	0xFFFFFFFFul, 0xFFFFFFFFul, 0xFFFFFFFFul, 0xFFFFFFFFul,
	0xFFFFFFFFul, 0xFFFFFFFFul, 0xFFFFFFFFul, 0xFFFFFFFFul,
	0xFFFFFFFFul, 0xFFFFFFFFul, 0xFFFFFFFFul, 0xFFFFFFFFul,
	0xFFFFFFFFul, 0xFFFFFFFFul, 0xFFFFFFFFul, 0xFFFFFFFFul,
	0xFFFFFFFFul, 0xFFFFFFFFul, 0xFFFFFFFFul, 0xFFFFFFFFul,
	0xFFFFFFFFul, 0xFFFFFFFFul, 0xFFFFFFFFul, 0xFFFFFFFFul,
	0xFFFFFFFFul, 0xFFFFFFFFul, 0xFFFFFFFFul, 0xFFFFFFFFul,
	0xFFFFFFFFul, 0xFFFFFFFFul, 0xFFFFFFFFul, 0xFFFFFFFFul,
	0xFFFFFFFFul, 0xFFFFFFFFul, 0xFFFFFFFFul, 0xFFFFFFFFul,
	0xFFFFFFFFul, 0xFFFFFFFFul, 0xFFFFFFFFul, 0xFFFFFFFFul,
	0xFFFFFFFFul, 0x21290846ul, 0xFFFFFFFFul, 0x0003D6DCul,
	0xFFFF94D5ul, 0xFFFFFFFFul, 0xFFFFFFFFul, 0xFFFFFFFFul,
	0xFFFFFFFFul, 0xFFFFFFFFul, 0xFFFFFFFFul, 0xFFFFFFFFul,
	0xFFFFFFFFul, 0xFFFFFFFFul, 0xFFFFFFFFul, 0xFFFFFFFFul,
	0xFFFFFFFFul, 0xFFFFFFFFul, 0xFFFFFFFFul, 0xFFFFFFFFul,
	0xFFFFFFFFul, 0xFFFFFFFFul, 0xFFFFFFFFul, 0xFFFFFFFFul,
	0xFFFFFFFFul, 0xFFFFFFFFul, 0xFFFFFFFFul, 0xFFFFFFFFul,
	0xFFFFFFFFul, 0xFFFFFFFFul, 0xFFFFFFFFul, 0xFFFFFFFFul,
	0xFFFFFFFFul, 0xFFFFFFFFul, 0xFFFFFFFFul, 0xFFFFFFFFul,
	0xFFFFFFFFul, 0xFFFFFFFFul, 0xFFFFFFFFul, 0xFFFFFFFFul,
	0xFFFFFFFFul, 0xFFFFFFFFul, 0xFFFFFFFFul, 0xFFFFFFFFul,
	0xFFFFFFFFul, 0xFFFFFFFFul, 0xFFFFFFFFul, 0xFFFFFFFFul,
	0xFFFFFFFFul, 0xFFFFFFFFul, 0xFFFFFFFFul, 0xFFFFFFFFul,
	0xFFFFFFFFul, 0xFFFFFFFFul, 0xFFFFFFFFul, 0xFFFFFFFFul,
	0xFFFFFFFFul, 0xFFFFFFFFul, 0xFFFFFFFFul, 0xFFFFFFFFul,
	0xFFFFFFFFul, 0xFFFFFFFFul, 0xFFFFFFFFul, 0xFFFFFFFFul,
	0xCE3BFFFFul, 0xF7BF0002ul, 0xFFFFFFFFul, 0x73F1FFFFul,
	0xFFFF190Aul, 0xFFFFFFFFul, 0xFFFFFFFFul, 0xFFFFFFFFul,
	0xFFFFFFFFul, 0xFFFFFFFFul, 0xFFFFFFFFul, 0xFFFFFFFFul,
	0xFFFFFFFFul, 0xFFFFFFFFul, 0xFFFFFFFFul, 0xFFFFFFFFul,
	0xFFFFFFFFul, 0xFFFFFFFFul, 0xFFFFFFFFul, 0xFFFFFFFFul,
	0xFFFFFFFFul, 0xFFFFFFFFul, 0xFFFFFFFFul, 0xFFFFFFFFul,
	0xFFFFFFFFul, 0xFFFFFFFFul, 0xFFFFFFFFul, 0xFFFFFFFFul,
	0xFFFFFFFFul, 0xFFFFFFFFul, 0xFFFFFFFFul, 0xFFFFFFFFul,
	0xFFFFFFFFul, 0xFFFFFFFFul, 0xFFFFFFFFul, 0xFFFFFFFFul,
	0xFFFFFFFFul, 0xFFFFFFFFul, 0xFFFFFFFFul, 0xFFFFFFFFul,
	0xFFFFFFFFul, 0xFFFFFFFFul, 0xFFFFFFFFul, 0xFFFFFFFFul,
	0xFFFFFFFFul, 0xFFFFFFFFul, 0xFFFFFFFFul, 0xFFFFFFFFul,
	0xFFFFFFFFul, 0xFFFFFFFFul, 0xFFFFFFFFul, 0xFFFFFFFFul,
	0xFFFFFFDFul, 0xFFFFFFFFul, 0xFFFFFFFFul, 0xFFFFFFDFul,
	0xFFFFFFFFul, 0xFFFFFFFFul, 0xFFFFFFFFul, 0xFFFFFFFFul,
	0xFFFFFFFFul, 0xFFFFFFFFul, 0xFFFFE73Eul, 0xFFFFFFFFul,
	0x6350FFFFul, 0xFFFF318Aul, 0xFFFFFFFFul, 0xFFDFFFFFul,
	0xFFFF0000ul, 0xFFFFFFFFul, 0xFFFFFFFFul, 0xFFFFFFFFul,
	0xFFFFFFFFul, 0xFFFFFFFFul, 0xFFFFFFFFul, 0xFFFFFFFFul,
	0xFFFFFFFFul, 0xF7DFFFFFul, 0xFFFFFFFFul, 0xFFFFFFFFul,
	0xFFFFFFFFul, 0xFFFFFFFFul, 0xFFFFFFFFul, 0xFFFFFFFFul,
	0xFFFFFFFFul, 0xFFFFFFFFul, 0xFFFFFFFFul, 0xFFFFFFFFul,
	0xF79FFFFFul, 0xFFFFFFFFul, 0xFFFFFFFFul, 0xFFFFFFFFul,
	0xFFFFFFFFul, 0xFFFFF7DFul, 0xFFFFFFFFul, 0xFFFFFFFFul,
	0xFFFFFFFFul, 0xFFFFFFFFul, 0xFFFFFFFFul, 0xFFFFFFFFul,
	0xFFFFFFFFul, 0xFFFFFFFFul, 0xFFFFFFFFul, 0xFFFFFFFFul,
	0xCF9FFFFFul, 0x44FA3CD9ul, 0xBF5D3CB8ul, 0x34B9BF1Eul,
	0x2C784D3Bul, 0x54F9FFFFul, 0x3CFA451Bul, 0xFFFF759Aul,
	0xFFFFFFFFul, 0x1C7985FBul, 0x75FB1C78ul, 0xFFFFFFFFul,
	0xFFFFFFFFul, 0x14178E3Cul, 0xFFFFBF1Dul, 0xFFFFFFFFul,
	0x4A6DFFFFul, 0x00030003ul, 0xF7BE3A0Dul, 0xD6FC10A6ul,
	0xFFFFFFFFul, 0x0004DEFDul, 0x00050004ul, 0x0000DF1Dul,
	0xFFFFFFFFul, 0x6BB1FFFFul, 0x00020003ul, 0xFFFF31ACul,
	0xFFFF0001ul, 0x294AB5B8ul, 0xFFFFFFFFul, 0xE73EFFFFul,
	0xFFFF0001ul, 0xFFFFFFFFul, 0x08A7DEFCul, 0xFFFFF7BFul,
	0x8434FFFFul, 0x00020003ul, 0xF7FF1929ul, 0xFFFFFFFFul,
	0x2969AD77ul, 0xFFFFFFFFul, 0xFFFFFFFFul, 0x94B3422Bul,
	0xFFFFFFFFul, 0xB5B80045ul, 0xFFFFFFFFul, 0xF7BFFFFFul,
	0x000210A8ul, 0x9D370003ul, 0xFFFFFFFFul, 0xFFFFFFFEul,
	0x1909FFFFul, 0x00030003ul, 0xE75E7C14ul, 0xFFFF0003ul,
	0xFFFFFFFFul, 0xFFFFFFFFul, 0xFFFFFFFFul, 0xFFFFFFFFul,
	0xFFFFFFFFul, 0xFFFFFFFFul, 0xFFFFFFFFul, 0xFFFFFFFFul,
	0xD79FFFFFul, 0x3D1B4D1Aul, 0xCF7E4CF9ul, 0x4D1BCF3Eul,
	0x4CF92D1Bul, 0x6D9AFFFFul, 0x4D3B353Bul, 0xFFFF85DAul,
	0x8E3CFFFFul, 0x865C2478ul, 0x2C987E3Cul, 0xFFFF7E1Bul,
	0xFFFFFFFFul, 0x355C3519ul, 0xFFFF6559ul, 0xFFFFFFFFul,
	0x00035B10ul, 0x637252D0ul, 0x4A900004ul, 0xE6FD2149ul,
	0xFFFFFFFFul, 0x08E90003ul, 0x10E97C53ul, 0x0026112Cul,
	0xFFFFFFFFul, 0x00037C33ul, 0x6B923A6Eul, 0x63520003ul,
	0xFFFF0006ul, 0x294AAD98ul, 0xFFFFFFFFul, 0xF77FFFFFul,
	0xFFFF0001ul, 0xFFFFFFFFul, 0x1088DEFDul, 0xFFFFF7BFul,
	0x0002ADB8ul, 0x6BB331EEul, 0x18E90004ul, 0xFFFFFFFFul,
	0x296AA557ul, 0xFFFFFFFFul, 0xFFFFFFFFul, 0x9CB439EAul,
	0xFFFFFFFFul, 0xBDFA0026ul, 0xFFFFFFFFul, 0x10A9FFFFul,
	0x74150005ul, 0x000221ABul, 0xFFFFB5D9ul, 0xFFFFFFFFul,
	0x000410E8ul, 0x4A906BD3ul, 0x73F30003ul, 0xFFFF0045ul,
	0xFFFFFFFFul, 0xFFFFFFFFul, 0xFFFFFFFFul, 0xFFFFFFFFul,
	0xFFFFFFFFul, 0xFFFFFFFFul, 0xFFFFFFFFul, 0xFFFFFFFFul,
	0xFFFFFFFFul, 0x4C75FFFFul, 0xFFFFDFDFul, 0xFFFFFFFFul,
	0xFFFF2479ul, 0xFFFFFFFFul, 0xA6BC765Dul, 0xFFFFFFFFul,
	0x1BB4EFFFul, 0xFFFFC79Ful, 0xC77FFFFFul, 0xD79F2C78ul,
	0xFFFFFFFFul, 0x2D3B3CDAul, 0xFFFF6559ul, 0xEF9FFFFFul,
	0xBE1A0000ul, 0xFFFFFFFFul, 0x0006D6DDul, 0xDEFD0067ul,
	0x8CB3FFFFul, 0xFFFF0006ul, 0xFFFFFFFFul, 0x000408C8ul,
	0xFFFFFFFFul, 0x8C750002ul, 0xFFFFFFFFul, 0x0005DEFDul,
	0xFFFF0005ul, 0x2949ADB8ul, 0xFFFFFFFFul, 0xEF5FFFFFul,
	0xFFFF0001ul, 0xFFFFFFFFul, 0x08A7DEFDul, 0xFFFFFFBFul,
	0x4ACD0005ul, 0xFFFFFFFFul, 0x0004FFDFul, 0xFFFF9CD6ul,
	0x2969AD78ul, 0xFFFFFFFFul, 0xFFFFFFFFul, 0x94B43A0Bul,
	0xFFFFFFFFul, 0xBDD90046ul, 0xFFFFFFFFul, 0x00028434ul,
	0xFFFFFFFFul, 0x5B10FFFFul, 0xFFFF10A8ul, 0x9CF6FFFFul,
	0xEFDF0001ul, 0xFFFFFFFFul, 0x000494F5ul, 0xFFFF10C8ul,
	0xFFFFFFFFul, 0xFFFFFFFFul, 0xFFFFFFFFul, 0xFFFFFFFFul,
	0xFFFFFFFFul, 0xFFFFFFFFul, 0xFFFFFFFFul, 0xFFFFFFFFul,
	0xFFFFFFFFul, 0x5475FFFFul, 0xFFFFD79Eul, 0xFFFFFFFFul,
	0xFFFF1C58ul, 0xFFFFFFFFul, 0xA69D761Cul, 0xFFFFFFFFul,
	0x6DBA8E5Cul, 0xFFFFFFFFul, 0xFFFFFFFFul, 0x8E1A7578ul,
	0xFFFFFFFFul, 0x1C577DFBul, 0xFFFFAEDDul, 0x6350FFFFul,
	0xFFFF31ABul, 0xFFFFFFFFul, 0x6B71FFFFul, 0xDF1D0006ul,
	0x52AFFFFFul, 0xFFFF6B4Ful, 0xFFFFFFDFul, 0x00037C13ul,
	0x8C95FFFFul, 0xFFFF1089ul, 0xFFFFFFFFul, 0x6B72FFFFul,
	0xFFFF0002ul, 0x296AADB8ul, 0xFFFFFFFFul, 0xEF7FFFFFul,
	0xFFFF0000ul, 0xFFFFFFFFul, 0x10A7DEFCul, 0xC65BFFDFul,
	0xFFFF0001ul, 0xFFFFFFFFul, 0x8C75FFFFul, 0xFFFF0004ul,
	0x296AA558ul, 0xFFFFFFFFul, 0xFFFFFFFFul, 0x9CB43A0Bul,
	0xFFFFFFFFul, 0xBDF90026ul, 0xFFFFFFFFul, 0x949518E9ul,
	0xFFFFFFFFul, 0xFFFFFFFFul, 0xCE3A0003ul, 0x29AAFFFFul,
	0xFFFF7C12ul, 0xFFFFFFDFul, 0x29ACFFFFul, 0xFFFF08A7ul,
	0xFFFFFFFFul, 0xFFFFFFFFul, 0xFFFFFFFFul, 0xFFFFFFFFul,
	0xFFFFFFFFul, 0xFFFFFFFFul, 0xFFFFFFFFul, 0xFFFFFFFFul,
	0xFFFFFFFFul, 0x4C75FFFFul, 0xFFFFD79Ful, 0xFFFFFFFFul,
	0xFFFF2478ul, 0xFFFFFFFFul, 0x9E7D7E1Bul, 0xFFFFFFFFul,
	0xAEFF655Aul, 0xFFFFFFFFul, 0xFFFFFFFFul, 0xFFFFFFFFul,
	0xFFFFFFFFul, 0xCF1DFFFFul, 0xFFFFFFFFul, 0x214AFFFFul,
	0xFFFF9D16ul, 0xFFFEFFFFul, 0xDF1DFFFFul, 0xDF1D0004ul,
	0x18E9FFFFul, 0xFFFFA556ul, 0xFFFFFFFFul, 0x0000D6BDul,
	0x3A0CFFFFul, 0xFFFF6B92ul, 0xFFFFFFFFul, 0xE73DFFFFul,
	0xFFFF0000ul, 0x2149B5D8ul, 0xFFFFFFFFul, 0xEF5FFFFFul,
	0xFFFF0001ul, 0xFFFFFFFFul, 0x0887E6FDul, 0x5AEEFFFFul,
	0xFFFF6310ul, 0xFFDFFFFFul, 0xF7BEFFFFul, 0xFFFF6B8Ful,
	0x294AAD78ul, 0xFFFFFFFFul, 0xFFFFFFFFul, 0x9494420Bul,
	0xFFFFFFFFul, 0xBDD90027ul, 0xE73CFFFFul, 0xEF7F0004ul,
	0xFFFFFFFFul, 0xFFFFFFFFul, 0xAD777BF1ul, 0x0003FFFFul,
	0xFFFFF77Ful, 0xFFFFFFFFul, 0x94F6FFFFul, 0xFFFF0025ul,
	0xFFFFFFFFul, 0xFFFFFFFFul, 0xFFFFFFFFul, 0xFFFFFFFFul,
	0xFFFFFFFFul, 0xFFFFFFFFul, 0xFFFFFFFFul, 0xFFFFFFFFul,
	0xFFFFFFFFul, 0x5477FFFFul, 0xFFFFD79Eul, 0xFFFFFFFFul,
	0xFFFF2458ul, 0xFFFFFFFFul, 0xA69D761Bul, 0xFFFFFFFFul,
	0xCFFF4CB7ul, 0xFFFFFFFFul, 0xFFFFFFFFul, 0xFFFFFFFFul,
	0xFFFFFFFFul, 0xFFFFFFFFul, 0xFFFFFFFFul, 0x0045FFFFul,
	0xFFFFE6FEul, 0xFFFFFFFFul, 0xEFBFFFFFul, 0xDF1D0887ul,
	0x0868FFFFul, 0xFFFFBE19ul, 0xFFFFFFFFul, 0x0000F7BEul,
	0x0045FFFFul, 0xFFFFB61Aul, 0xFFFFFFFFul, 0xFFFFFFFFul,
	0xFFFF0001ul, 0x2969ADB7ul, 0xFFFFFFFFul, 0xF77FFFFFul,
	0xFFFF0001ul, 0xFFFFFFFFul, 0x10A8DEFDul, 0x422DFFFFul,
	0xFFFFA515ul, 0xFFFFFFFFul, 0xFFFFFFFFul, 0xFFFFFFFFul,
	0x296AA558ul, 0xFFFFFFFFul, 0xFFFFFFFFul, 0x9CB53A0Aul,
	0xFFFFFFFFul, 0xBDFA0026ul, 0xDEFCFFFFul, 0xFFFF0003ul,
	0xFFFFFFFFul, 0xFFFFFFFFul, 0xFFFFFFFFul, 0x0003F77Eul,
	0xFFFFFFFFul, 0xFFFFFFFFul, 0xDEFCFFFFul, 0xFFFF0003ul,
	0xFFFFFFFFul, 0xFFFFFFFFul, 0xFFFFFFFFul, 0xFFFFFFFFul,
	0xFFFFFFFFul, 0xFFFFFFFFul, 0xFFFFFFFFul, 0xFFFFFFFFul,
	0xFFFFFFFFul, 0x4C76FFFFul, 0xFFFFD79Ful, 0xFFFFFFFFul,
	0xFFFF2458ul, 0xFFFFFFFFul, 0xA67C7DFCul, 0xF7FFFFFFul,
	0x1C795D19ul, 0x1C781C79ul, 0x1C581C58ul, 0x1C571499ul,
	0xFFFFFFFFul, 0xFFFFFFFFul, 0xFFFFFFFFul, 0x0003F7DFul,
	0xFFFFF7DFul, 0xFFFFFFFFul, 0xF7BFFFFFul, 0xD6FC18E7ul,
	0x0847FFFFul, 0xFFFFC63Aul, 0xFFFFFFFFul, 0x0000F77Ful,
	0x0002FFFFul, 0xFFFFD6DDul, 0xFFFFFFFFul, 0xFFFFFFFFul,
	0xFFFF0004ul, 0x2149B5B8ul, 0xFFFFFFFFul, 0xEF7EFFFFul,
	0xFFFF0000ul, 0xFFFFFFFFul, 0x08A7DF1Dul, 0x424EFFFFul,
	0x00040006ul, 0x00030004ul, 0x00040004ul, 0xBDF90003ul,
	0x2169B5B9ul, 0xFFFFFFFFul, 0xFFFFFFFFul, 0x94943A2Bul,
	0xFFFFFFFFul, 0xBDD90045ul, 0xC65BFFFFul, 0x00040005ul,
	0x00040004ul, 0x00040004ul, 0x11280005ul, 0x0003EFBFul,
	0xFFFFFFFFul, 0xFFFFFFFFul, 0xDEFCFFFFul, 0xFFFF0004ul,
	0xFFFFFFFFul, 0xFFFFFFFFul, 0xFFFFFFFFul, 0xFFFFFFFFul,
	0xFFFFFFFFul, 0xFFFFFFFFul, 0xFFFFFFFFul, 0xFFFFFFFFul,
	0xFFFFFFFFul, 0x5476FFFFul, 0xFFFFD79Eul, 0xFFFFFFFFul,
	0xFFFF2C38ul, 0xFFFFFFFFul, 0xA69C75FCul, 0xFFFFFFFFul,
	0x8EDE54D8ul, 0xA69CA69Cul, 0xA69C9E9Bul, 0x3CDA8E7Cul,
	0xFFFFFFFFul, 0xFFFFFFFFul, 0xFFFFFFFFul, 0x0004F7DFul,
	0xFFFFEF7Ful, 0xFFFFFFFFul, 0xFFBFFFFFul, 0xDF1C10C7ul,
	0x0867FFFFul, 0xFFFFC63Aul, 0xFFFFFFFFul, 0x0000F79Eul,
	0x0004FFFFul, 0xFFFFCE9Cul, 0xFFFFFFFFul, 0xFFFFFFFFul,
	0xFFFF0003ul, 0x298AADB7ul, 0xFFFFFFFFul, 0xEF7FFFFFul,
	0xFFFF0000ul, 0xFFFFFFFFul, 0x10A8DEFCul, 0x4A6DFFFFul,
	0x4A9029ADul, 0x4A6F426Eul, 0x4AB0426Dul, 0xD69B0068ul,
	0x296AADB8ul, 0xFFFFFFFFul, 0xFFFFFFFFul, 0x9CB53A2Bul,
	0xFFFFFFFFul, 0xBDF90046ul, 0xDEDCFFFFul, 0x5AD20005ul,
	0x428F426Eul, 0x528F4A2Eul, 0x3A4E21CCul, 0x0003FFDFul,
	0xFFFFFFFFul, 0xFFFFFFFFul, 0xE6FDFFFFul, 0xFFFF0003ul,
	0xFFFFFFFFul, 0xFFFFFFFFul, 0xFFFFFFFFul, 0xFFFFFFFFul,
	0xFFFFFFFFul, 0xFFFFFFFFul, 0xFFFFFFFFul, 0xFFFFFFFFul,
	0xFFFFFFFFul, 0x5456FFFFul, 0xFFFFD79Ful, 0xF7FFFFFFul,
	0xFFFF1C77ul, 0xFFFFFFFFul, 0x9E7C761Cul, 0xFFFFFFFFul,
	0xAF3E6D5Aul, 0xFFFFFFFFul, 0xFFFFFFFFul, 0x4519DFBFul,
	0xFFFFFFFFul, 0xFFFFFFFFul, 0xFFFFFFFFul, 0x10C7FFFFul,
	0xFFFFBDFAul, 0xFFFFFFFFul, 0xE75DFFFFul, 0xDEFD0005ul,
	0x0847FFFFul, 0xFFFFC63Aul, 0xFFFFFFFFul, 0x0000F79Ful,
	0x212AFFFFul, 0xFFFF9495ul, 0xFFFFFFFFul, 0xFFFFFFFFul,
	0xFFFF0001ul, 0x1928B5B8ul, 0xFFFFFFFFul, 0xE73FFFFFul,
	0xFFFF0000ul, 0xFFFFFFFFul, 0x0868DEDCul, 0x52ACFFFFul,
	0xFFFF8C73ul, 0xFFFFFFFFul, 0xFFFFFFFFul, 0xEF5E0888ul,
	0x10E8B598ul, 0xFFFFFFFFul, 0xFFFFFFFFul, 0x94B339CAul,
	0xFFFFFFFFul, 0xBDD90026ul, 0xDEFCFFFFul, 0xFFFF0003ul,
	0xFFFFFFFFul, 0xFFFFFFFFul, 0x5AEF73D2ul, 0x0001FFFFul,
	0xFFFFFFFFul, 0xFFDFFFFFul, 0xBDDAFFFFul, 0xFFFF0004ul,
	0xFFFFFFFFul, 0xFFFFFFFFul, 0xFFFFFFFFul, 0xFFFFFFFFul,
	0xFFFFFFFFul, 0xFFFFFFFFul, 0xFFFFFFFFul, 0xFFFFFFFFul,
	0xFFFFFFFFul, 0x5496FFFFul, 0xFFFFD79Ful, 0xFFFFFFFFul,
	0xFFFF1C59ul, 0xFFFFFFFFul, 0xA69C7DFCul, 0xFFFFFFFFul,
	0x6DBB8E5Cul, 0xFFFFFFFFul, 0xFFFFFFFFul, 0x965C7D99ul,
	0xFFFFFFFFul, 0xFFFFFFFFul, 0xFFFFFFFFul, 0x422DFFFFul,
	0xFFFF7391ul, 0xFFFFFFFFul, 0xA537FFFFul, 0xE71E0005ul,
	0x0868FFFFul, 0xFFFFBE3Aul, 0xFFFFFFFFul, 0x0001F79Eul,
	0x7392FFFFul, 0xFFFF420Cul, 0xFFFFFFFFul, 0x9D16FFFFul,
	0xFFFF0002ul, 0x1089B5B8ul, 0xFFFFF7BFul, 0xBE3AFFFFul,
	0xFFFF0000ul, 0xFFFFFFFFul, 0x0047CE7Bul, 0x9CD5FFFFul,
	0xFFFF1067ul, 0xFFFFFFFFul, 0xCE7BFFFFul, 0xFFFF0002ul,
	0x0003AD98ul, 0xFFFFFFFFul, 0xFFFFFFFFul, 0xAD7718E9ul,
	0xFFFFFFFFul, 0xBDFA0027ul, 0xF7DFFFFFul, 0xC61908A7ul,
	0xFFFFFFFFul, 0xFFFFFFFFul, 0xB5B90866ul, 0x10A7FFFFul,
	0xFFFFAD97ul, 0xFFFFFFFFul, 0x4AAEFFFFul, 0xFFFF0086ul,
	0xFFFFFFFFul, 0xFFFFFFFFul, 0xFFFFFFFFul, 0xFFFFFFFFul,
	0xFFFFFFFFul, 0xFFFFFFFFul, 0xFFFFFFFFul, 0xFFFFFFFFul,
	0xFFFFFFFFul, 0x4C75FFFFul, 0xFFFFCF9Ful, 0xFFFFFFFFul,
	0xFFFF2C57ul, 0xFFFFFFFFul, 0xA69C7E1Cul, 0xFFFFFFFFul,
	0x1BB5EFFFul, 0xFFFFC79Ful, 0xCF9FFFFFul, 0xD79F3478ul,
	0xFFDFFFFFul, 0xFFFFFFFFul, 0xFFDFFFFFul, 0xAD99FFFFul,
	0xFFFF0001ul, 0xFFFFFFFFul, 0x10E8FFFFul, 0xDEFD0047ul,
	0x0067FFFFul, 0xFFFFBE3Aul, 0xFFFFFFFFul, 0x0000F79Ful,
	0xD6BCFFFFul, 0xDEFD0001ul, 0xFFFFFFFFul, 0x10E9FFFFul,
	0xFFFF0004ul, 0x0004BDF9ul, 0xFFFFD6FDul, 0x5B70FFFFul,
	0xB5D90005ul, 0xFFFFFFFFul, 0x19297BD2ul, 0xFFFFFFFFul,
	0xCE7B0000ul, 0xFFFFFFFFul, 0x1908FFFFul, 0xFFFF6B70ul,
	0x0003ADB9ul, 0xFFFFBE1Bul, 0xD6BCFFFFul, 0xEF5E0004ul,
	0xFFFFFFFFul, 0xC63A0046ul, 0xFFFFFFFFul, 0x214952AEul,
	0xFFFFFFFFul, 0xB5B9FFFFul, 0xEF7E0006ul, 0x632FFFFFul,
	0xFFFF00A9ul, 0xFFFFFFFFul, 0x0006EF5Eul, 0xFFFF08C7ul,
	0xFFFFFFFFul, 0xFFFFFFFFul, 0xFFFFFFFFul, 0xFFFFFFFFul,
	0xFFFFFFFFul, 0xFFFFFFFFul, 0xFFFFFFFFul, 0xFFFFFFFFul,
	0xFFFFFFFFul, 0x5476FFFFul, 0xFFFFD79Eul, 0x969DE79Ful,
	0xFFFF2CB8ul, 0x9E7BFFFFul, 0x6DDC4D9Cul, 0xFFFFAE9Bul,
	0x7E1BFFFFul, 0x8E7D24B9ul, 0x34B98E5Cul, 0xFFFF75DBul,
	0xFFFFFFFFul, 0xFFFFFFFFul, 0xFFFFFFFFul, 0xFFFFFFFFul,
	0x10E90066ul, 0xEF7FD6DCul, 0x004729ABul, 0xDF1D1929ul,
	0x0887FFFFul, 0xFFFFBE3Aul, 0xFFFFFFFFul, 0x0001F79Eul,
	0xFFFFFFFFul, 0x0047298Aul, 0xEFBFC67Cul, 0x10EA29ABul,
	0xFFFF0006ul, 0x0007B5D9ul, 0xE75F08E8ul, 0x0004A557ul,
	0x086731EEul, 0xBDFADF1Dul, 0xA5780003ul, 0xFFFFFFFFul,
	0x00055AEFul, 0xEFBFB5D9ul, 0x00044A6Ful, 0xFFFFEF5Eul,
	0x0006AD99ul, 0xC63C0047ul, 0x0887D6DDul, 0xFFFF218Bul,
	0x8C33C639ul, 0x63510088ul, 0xF79E7BF1ul, 0x0003F79Ful,
	0xFFFF3A6Dul, 0x0003B5B9ul, 0xFFFF6371ul, 0xFFFFFFFFul,
	0x31ED0002ul, 0xCE9BEF9Eul, 0x216D0026ul, 0xFFFF08A7ul,
	0xFFFFFFFFul, 0xFFFFFFFFul, 0xFFFFFFFFul, 0xFFFFFFFFul,
	0xFFFFFFFFul, 0xFFFFFFFFul, 0xFFFFFFFFul, 0xFFFFFFFFul,
	0xFFFFFFFFul, 0x4C75FFFFul, 0xFFFFD79Ful, 0x0C17BEFEul,
	0xFFFF2498ul, 0x3CB7FFFFul, 0x24DA2D1Bul, 0xFFFF5D39ul,
	0xFFFFFFFFul, 0x1C38757Aul, 0x65BB1C78ul, 0xFFFFFFFFul,
	0xFFFFFFFFul, 0xFFFFFFFFul, 0xFFFFFFFFul, 0xFFFFFFFFul,
	0x0002E77Eul, 0x00030003ul, 0xC61A0003ul, 0xD6DB0045ul,
	0x0003FFFFul, 0xFFFFB5D8ul, 0xFFFFFFFFul, 0x0000F77Eul,
	0xFFFFFFFFul, 0x0045FFFFul, 0x00030004ul, 0xDF3D0004ul,
	0xFFFF0000ul, 0x1107AD77ul, 0x00030909ul, 0x39EB0004ul,
	0x0004FFFFul, 0x00030005ul, 0xFFFF296Aul, 0xFFFFFFFFul,
	0x0887FFFFul, 0x00040005ul, 0xA5160004ul, 0xFFFFFFFFul,
	0x31CBA4F6ul, 0x000331CCul, 0x00040004ul, 0xFFFFE77Eul,
	0x00018453ul, 0x000600C9ul, 0xCE9B0003ul, 0xAD99FFFFul,
	0x00040002ul, 0x19480004ul, 0xFFFFFFFFul, 0xFFFFFFFFul,
	0x0003BDF9ul, 0x00020003ul, 0xD6BC0887ul, 0xFFFF0004ul,
	0xFFFFFFFFul, 0xFFFFFFFFul, 0xFFFFFFFFul, 0xFFFFFFFFul,
	0xFFFFFFFFul, 0xFFFFFFFFul, 0xFFFFFFFFul, 0xFFFFFFFFul,
	0xFFFFFFFFul, 0x5476FFFFul, 0xFFFFD79Eul, 0xDF9FFFFFul,
	0xFFFFDF7Ful, 0xEFDFFFFFul, 0x967E6DDCul, 0xFFFFEFDFul,
	0xFFFFFFFFul, 0xEFDFFFFFul, 0xFFFFEFDFul, 0xFFFFFFFFul,
	0xFFFFFFFFul, 0xFFFFFFFFul, 0xFFFFFFFFul, 0xFFFFFFFFul,
	0xFFFFFFFFul, 0x739373D2ul, 0xFFFFEF7Eul, 0xFFDFD6BCul,
	0xD6BCFFFFul, 0xFFFFF7BFul, 0xFFFFFFFFul, 0xD67AFFFFul,
	0xFFFFFFFFul, 0xFFFFFFFFul, 0x6BB28433ul, 0xFFFFE77Eul,
	0xFFFFCE7Aul, 0xE73DF7BEul, 0x73F2FFFFul, 0xFFFF94B5ul,
	0xFFFFFFFFul, 0x8C9473D2ul, 0xFFFFFFFFul, 0xFFFFFFFFul,
	0xFFFFFFFFul, 0x6B928494ul, 0xFFFFD6FCul, 0xFFFFFFFFul,
	0xDF1CF79Eul, 0x8C54FFFFul, 0xEFBF6BB1ul, 0xFFFFFFFFul,
	0xEF9FF79Eul, 0xA5590087ul, 0xFFFFDF1Dul, 0xFFFFFFFFul,
	0x6372DEFDul, 0xFFFF94D4ul, 0xFFFFFFFFul, 0xFFFFFFFFul,
	0xE73EFFFFul, 0x845463B2ul, 0xE71DFFFFul, 0xFFFF0002ul,
	0xFFFFFFFFul, 0xFFFFFFFFul, 0xFFFFFFFFul, 0xFFFFFFFFul,
	0xFFFFFFFFul, 0xFFFFFFFFul, 0xFFFFFFFFul, 0xFFFFFFFFul,
	0xFFFFFFFFul, 0x5456FFFFul, 0xFFFFD79Ful, 0xFFFFFFFFul,
	0xFFFFFFFFul, 0xFFFFFFFFul, 0x965B763Cul, 0xFFFFFFFFul,
	0xFFFFFFFFul, 0xFFFFFFFFul, 0xFFFFFFFFul, 0xFFFFFFFFul,
	0xFFFFFFFFul, 0xFFFFFFFFul, 0xFFFFFFFFul, 0xFFDFFFFFul,
	0xFFFFFFFFul, 0xFFFFFFFFul, 0xFFFFFFFFul, 0xFFFFFFFFul,
	0xFFFFFFFFul, 0xFFFFFFFFul, 0xFFFFFFFFul, 0xFFFFFFFFul,
	0xFFFFFFFFul, 0xFFFFFFFFul, 0xFFFFFFFFul, 0xFFFFFFFFul,
	0xFFFFFFFFul, 0xFFFFFFFFul, 0xFFFFFFFFul, 0xFFFFFFFFul,
	0xFFFFFFFFul, 0xFFFFFFFFul, 0xFFFFFFFFul, 0xFFFFFFFFul,
	0xFFFFFFFFul, 0xFFFFFFFFul, 0xFFFFFFFFul, 0xFFFFFFFFul,
	0xFFFFFFFFul, 0xFFFFFFFFul, 0xFFFFFFFFul, 0xFFFFFFFFul,
	0xFFFFFFFFul, 0xBE1A0027ul, 0xFFFFFFFFul, 0xFFFFFFFFul,
	0xFFFFFFFFul, 0xFFFFFFFFul, 0xFFFFFFFFul, 0xFFFFFFFFul,
	0xFFFFFFFFul, 0xFFFFFFFFul, 0xD6DBFFFFul, 0xFFFF0003ul,
	0xFFFFFFFFul, 0xFFFFFFFFul, 0xFFFFFFFFul, 0xFFFFFFFFul,
	0xFFFFFFFFul, 0xFFFFFFFFul, 0xFFFFFFFFul, 0xFFFFFFFFul,
	0xFFFFFFFFul, 0x5496FFFFul, 0xFFFFCF9Eul, 0xDF5EFFFFul,
	0xFFFFB69Bul, 0xFFFFFFFFul, 0x65189EFDul, 0xFFFFFFFFul,
	0xFFFFFFFFul, 0xFFFFFFFFul, 0xFFFFFFFFul, 0xFFFFFFFFul,
	0xFFFFFFFFul, 0xFFFFFFFFul, 0xFFFFFFFFul, 0xFFFFFFFFul,
	0xFFFFFFFFul, 0xFFFFFFFFul, 0xFFFFFFFFul, 0xFFFFFFFFul,
	0xFFFFFFFFul, 0xFFFFFFFFul, 0xFFFFFFFFul, 0xFFFFFFFFul,
	0xFFFFFFFFul, 0xFFFFFFFFul, 0xFFFFFFFFul, 0xFFFFFFFFul,
	0xFFFFFFFFul, 0xFFFFFFFFul, 0xFFFFFFFFul, 0xFFFFFFFFul,
	0xFFFFFFFFul, 0xFFFFFFFFul, 0xFFFFFFFFul, 0xFFFFFFFFul,
	0xFFFFFFFFul, 0xFFFFFFFFul, 0xFFFFFFFFul, 0xFFFFFFFFul,
	0xFFFFFFFFul, 0xFFFFFFFFul, 0xFFFFFFFFul, 0xFFFFFFFFul,
	0xFFFFFFFFul, 0xBDFA0007ul, 0xFFFFFFFFul, 0xFFFFFFFFul,
	0xFFFFFFFFul, 0xFFFFFFFFul, 0xFFFFFFFFul, 0xFFFFFFFFul,
	0xFFFFFFFFul, 0xFFFFFFFFul, 0xDEDCFFFFul, 0xFFFF0003ul,
	0xFFFFFFFFul, 0xFFFFFFFFul, 0xFFFFFFFFul, 0xFFFFFFFFul,
	0xFFFFFFFFul, 0xFFFFFFFFul, 0xFFFFFFFFul, 0xFFFFFFFFul,
	0xE7DFFFFFul, 0x34B93C98ul, 0xFFFFD7BFul, 0xAEBCFFFFul,
	0xFFFF657Aul, 0xFFFFFFFFul, 0x3477DFBFul, 0xEFFF657Bul,
	0xFFFFFFFFul, 0xFFFFFFFFul, 0xFFFFFFFFul, 0xFFFFFFFFul,
	0xFFFFFFFFul, 0xFFFFFFFFul, 0xFFFFFFFFul, 0xFFFFFFFFul,
	0xFFFFFFFFul, 0xFFFFFFFFul, 0xFFFFFFFFul, 0xFFFFFFFFul,
	0xFFFFFFFFul, 0xFFFFFFFFul, 0xFFFFFFFFul, 0xFFFFFFFFul,
	0xFFFFFFFFul, 0xFFFFFFFFul, 0xFFFFFFFFul, 0xFFFFFFFFul,
	0xFFFFFFFFul, 0xFFFFFFFFul, 0xFFFFFFFFul, 0xFFFFFFFFul,
	0xFFFFFFFFul, 0xFFFFFFFFul, 0xFFFFFFFFul, 0xFFFFFFFFul,
	0xFFFFFFFFul, 0xFFFFFFFFul, 0xFFFFFFFFul, 0xFFFFFFFFul,
	0xFFFFFFFFul, 0xFFFFFFFFul, 0xFFFFFFFFul, 0xFFFFFFFFul,
	0xFFFFFFFFul, 0xB5D90026ul, 0xFFFFFFFFul, 0xFFFFFFFFul,
	0xFFFFFFFFul, 0xFFFFFFFFul, 0xFFFFFFFFul, 0xFFFFFFFFul,
	0xFFFFFFFFul, 0xFFFFFFFFul, 0xDEDBFFFFul, 0xFFFF0002ul,
	0xFFFFFFFFul, 0xFFFFFFFFul, 0xFFFFFFFFul, 0xFFFFFFFFul,
	0xFFFFFFFFul, 0xFFFFFFFFul, 0xFFFFFFFFul, 0xFFFFFFFFul,
	0xE7FFFFFFul, 0x5D1A5519ul, 0xFFFFDF9Eul, 0xAEBDFFFFul,
	0xFFFF5539ul, 0xFFFFFFFFul, 0xB6FDFFFFul, 0xF7FF4435ul,
	0xFFFFFFFFul, 0xFFFFFFFFul, 0xFFFFFFFFul, 0xFFFFFFFFul,
	0xFFFFFFFFul, 0xFFFFFFFFul, 0xFFFFFFFFul, 0xFFFFFFFFul,
	0xFFFFFFFFul, 0xFFFFFFFFul, 0xFFFFFFFFul, 0xFFFFFFFFul,
	0xFFFFFFFFul, 0xFFFFFFFFul, 0xFFFFFFFFul, 0xFFFFFFFFul,
	0xFFFFFFFFul, 0xFFFFFFFFul, 0xFFFFFFFFul, 0xFFFFFFFFul,
	0xFFFFFFFFul, 0xFFFFFFFFul, 0xFFFFFFFFul, 0xFFFFFFFFul,
	0xFFFFFFFFul, 0xFFFFFFFFul, 0xFFFFFFFFul, 0xFFFFFFFFul,
	0xFFFFFFFFul, 0xFFFFFFFFul, 0xFFFFFFFFul, 0xFFFFFFFFul,
	0xFFFFFFFFul, 0xFFFFFFFFul, 0xFFFFFFFFul, 0xFFFFFFFFul,
	0xFFFFFFFFul, 0xC61A18C7ul, 0xFFFFFFFFul, 0xFFFFFFFFul,
	0xFFFFFFFFul, 0xFFFFFFFFul, 0xFFFFFFFFul, 0xFFFFFFFFul,
	0xFFFFFFFFul, 0xFFFFFFFFul, 0xE6FCFFFFul, 0xFFFF1084ul,
	0xFFFFFFFFul, 0xFFFFFFFFul, 0xFFFFFFFFul, 0xFFFFFFFFul,
	0xFFFFFFFFul, 0xFFFFFFFFul, 0xFFFFFFFFul, 0xFFFFFFFFul,
	0xFFFFFFFFul, 0xFFFFFFFFul, 0xFFDFFFFFul, 0xEFDFFFFFul,
	0xFFDFE7BFul, 0xFFFFFFFFul, 0xFFFFFFFFul, 0xFFFFFFFFul,
	0xFFFFFFFFul, 0xFFFFFFFFul, 0xFFFFFFFFul, 0xFFFFFFFFul,
	0xFFFFFFFFul, 0xFFFFFFFFul, 0xFFFFFFFFul, 0xFFFFFFFFul,
	0xFFFFFFFFul, 0xFFFFFFFFul, 0xFFFFFFFFul, 0xFFFFFFFFul,
	0xFFFFFFFFul, 0xFFFFFFFFul, 0xFFFFFFFFul, 0xFFFFFFFFul,
	0xFFFFFFFFul, 0xFFFFFFFFul, 0xFFFFFFFFul, 0xFFFFFFFFul,
	0xFFFFFFFFul, 0xFFFFFFFFul, 0xFFFFFFFFul, 0xFFFFFFFFul,
	0xFFFFFFFFul, 0xFFFFFFFFul, 0xFFFFFFFFul, 0xFFFFFFFFul,
	0xFFFFFFFFul, 0xFFFFFFFFul, 0xFFFFFFFFul, 0xFFFFFFFFul,
	0xFFFFFFFFul, 0xFFFFFFFFul, 0xFFFFFFFFul, 0xFFFFFFFFul,
	0xFFFFFFFFul, 0xFFFFFFFFul, 0xFFFFFFFFul, 0xFFFFFFFFul,
	0xFFFFFFFFul, 0xFFFFFFFFul, 0xFFFFFFFFul, 0xFFFFFFFFul,
	0xFFFFFFFFul, 0xFFFFFFFFul, 0xFFFFFFFFul, 0xFFFFFFFFul,
	0xFFFFFFFFul, 0xFFFFFFFFul, 0xFFFFFFFFul, 0xFFFFFFFFul,
	0xFFFFFFFFul, 0xFFFFFFFFul, 0xFFFFFFFFul, 0xFFFFFFFFul,
	0xFFFFFFFFul, 0xFFFFFFFFul, 0xFFFFFFFFul, 0xFFFFFFFFul,
	0xFFFFFFFFul, 0xFFFFFFFFul, 0xFFFFFFFFul, 0xFFFFFFFFul,
	0xFFFFFFFFul, 0xFFFFFFFFul, 0xFFFFFFFFul, 0xFFFFFFFFul,
	0xFFFFFFFFul, 0xFFFFFFFFul, 0xFFFFFFFFul, 0xFFFFFFFFul,
	0xFFFFFFFFul, 0xFFFFFFFFul, 0xFFFFFFFFul, 0xFFFFFFFFul,
	0xFFFFFFFFul, 0xFFFFFFFFul, 0xFFFFFFFFul, 0xFFFFFFFFul,
	0xFFFFFFFFul, 0xFFFFFFFFul, 0xFFFFFFFFul, 0xFFFFFFFFul,
	0xFFFFFFFFul, 0xFFFFFFFFul, 0xFFFFFFFFul, 0xFFFFFFFFul,
	0xFFFFFFFFul, 0xFFFFFFFFul, 0xFFFFFFFFul, 0xFFFFFFFFul,
	0xFFFFFFFFul, 0xFFFFFFFFul, 0xFFFFFFFFul, 0xFFFFFFFFul,
	0xFFFFFFFFul, 0xFFFFFFFFul, 0xFFFFFFFFul, 0xFFFFFFFFul,
	0xFFFFFFFFul, 0xFFFFFFFFul, 0xFFFFFFFFul, 0xFFFFFFFFul,
	0xFFFFFFFFul, 0xFFFFFFFFul, 0xFFFFFFFFul, 0xFFFFFFFFul,
	0xFFFFFFFFul, 0xFFFFFFFFul, 0xFFFFFFFFul, 0xFFFFFFFFul,
	0xFFFFFFFFul, 0xFFFFFFFFul, 0xFFFFFFFFul, 0xFFFFFFFFul,
	0xFFFFFFFFul, 0xFFFFFFFFul, 0xFFFFFFFFul, 0xFFFFFFFFul,
	0xFFFFFFFFul, 0xFFFFFFFFul, 0xFFDFFFFFul, 0xFFFFFFFFul,
	0xFFFFFFFFul, 0xFFFFFFFFul, 0xFFFFFFFFul, 0xFFFFFFFFul,
	0xFFFFFFFFul, 0xFFFFFFFFul, 0xFFFFFFFFul, 0xFFFFFFFFul,
	0xFFFFFFFFul, 0xFFFFFFFFul, 0xFFFFFFFFul, 0xFFFFFFFFul,
	0xFFFFFFFFul, 0xFFFFFFFFul, 0xFFFFFFFFul, 0xFFFFFFFFul,
	0xFFFFFFFFul, 0xFFFFFFFFul, 0xFFFFFFFFul, 0xFFFFFFFFul,
	0xFFFFFFFFul, 0xFFFFFFFFul, 0xFFFFFFFFul, 0xFFFFFFFFul,
	0xFFFFFFFFul, 0xFFFFFFFFul, 0xFFFFFFFFul, 0xFFFFFFFFul,
	0xFFFFFFFFul, 0xFFFFFFFFul, 0xFFFFFFFFul, 0xFFFFFFFFul,
	0xFFFFFFFFul, 0xFFFFFFFFul, 0xFFFFFFFFul, 0xFFFFFFFFul,
	0xFFFFFFFFul, 0xFFFFFFFFul, 0xFFFFFFFFul, 0xFFFFFFFFul,
	0xFFFFFFFFul, 0xFFFFFFFFul, 0xFFFFFFFFul, 0xFFFFFFFFul,
	0xFFFFFFFFul, 0xFFFFFFFFul, 0xFFFFFFFFul, 0xFFFFFFFFul,
	0xFFFFFFFFul, 0xFFFFFFFFul, 0xFFFFFFFFul, 0xFFFFFFFFul,
	0xFFFFFFFFul, 0xFFFFFFFFul, 0xFFFFFFFFul, 0xFFFFFFFFul,
	0xFFFFFFFFul, 0xFFFFFFFFul, 0xFFFFFFFFul, 0xFFFFFFFFul,
	0xFFFFFFFFul, 0xFFFFFFFFul, 0xFFFFFFFFul, 0xFFFFFFFFul,
	0xFFFFFFFFul, 0xFFFFFFFFul, 0xFFFFFFFFul, 0xFFFFFFFFul,
	0xFFFFFFFFul, 0xFFFFFFFFul, 0xFFFFFFFFul, 0xFFFFFFFFul,
	0xFFFFFFFFul, 0xFFFFFFFFul, 0xFFFFFFFFul, 0xFFFFFFFFul,
	0xFFFFFFFFul, 0xFFFFFFFFul, 0xFFFFFFFFul, 0xFFFFFFFFul,
	0xFFFFFFFFul, 0xFFFFFFFFul, 0xFFFFFFFFul, 0xFFFFFFFFul,
	0xFFFFFFFFul, 0xFFFFFFFFul, 0xFFFFFFFFul, 0xFFFFFFFFul,
	0xFFFFFFFFul, 0xFFFFFFFFul, 0xFFFFFFFFul, 0xFFFFFFFFul,
	0xFFFFFFFFul, 0xFFFFFFFFul, 0xFFFFFFFFul, 0xFFFFFFFFul,
	0xFFFFFFFFul, 0xFFFFFFFFul, 0xFFFFFFFFul, 0xFFFFFFFFul,
	0xFFFFFFFFul, 0xFFFFFFFFul, 0xFFFFFFFFul, 0xFFFFFFFFul,
	0xFFFFFFFFul, 0xFFFFFFFFul, 0xFFFFFFFFul, 0xFFFFFFFFul,
	0xFFFFFFFFul, 0xFFFFFFFFul, 0xFFFFFFFFul, 0xFFFFFFFFul,
	0xFFFFFFFFul, 0xFFFFFFFFul, 0xFFFFFFFFul, 0xFFFFFFFFul,
	0xFFFFFFFFul, 0xFFFFFFFFul, 0xFFFFFFFFul, 0xFFFFFFFFul,
	0xFFFFFFFFul, 0xFFFFFFFFul, 0xFFFFFFFFul, 0xFFFFFFFFul,
	0xFFFFFFFFul, 0xFFFFFFFFul, 0xFFFFFFFFul, 0xFFFFFFFFul,
	0xFFFFFFFFul, 0xFFFFFFFFul, 0xFFFFFFFFul, 0xFFFFFFFFul,
	0xFFFFFFFFul, 0xFFFFFFFFul, 0xFFFFFFFFul, 0xFFFFFFFFul,
	0xFFFFFFFFul, 0xFFFFFFFFul, 0xFFFFFFFFul, 0xFFFFFFFFul,
	0xFFFFFFFFul, 0xFFFFFFFFul, 0xFFFFFFFFul, 0xFFFFFFFFul,
	0xFFFFFFFFul, 0xFFFFFFFFul, 0xFFFFFFFFul, 0xFFFFFFFFul,
	0xFFFFFFFFul, 0xFFFFFFFFul, 0xFFFFFFFFul, 0xFFFFFFFFul,
	0xFFFFFFFFul, 0xFFFFFFFFul, 0xFFFFFFFFul, 0xFFFFFFFFul,
	0xFFFFFFFFul, 0xFFFFFFFFul, 0xFFFFFFFFul, 0xFFFFFFFFul,
	0xFFFFFFFFul, 0xFFFFFFFFul, 0xFFFFFFFFul, 0xFFFFFFFFul,
	0xFFFFFFFFul, 0xFFFFFFFFul, 0xFFFFFFFFul, 0xFFFFFFFFul,
	0xFFFFFFFFul, 0xFFFFFFFFul, 0xFFFFFFFFul, 0xFFFFFFFFul,
	0xFFFFFFFFul, 0xFFFFFFFFul, 0xFFFFFFFFul, 0xFFFFFFFFul,
	0xFFFFFFFFul, 0xFFFFFFFFul, 0xFFFFFFFFul, 0xFFFFFFFFul,
	0xFFFFFFFFul, 0xFFFFFFFFul, 0xFFFFFFFFul, 0xFFFFFFFFul,
	0xFFFFFFFFul, 0xFFFFFFFFul, 0xFFFFFFFFul, 0xFFFFFFFFul,
	0xFFFFFFFFul, 0xFFFFFFFFul, 0xFFFFFFFFul, 0xFFFFFFFFul,
	0xFFFFFFFFul, 0xFFFFFFFFul, 0xFFFFFFFFul, 0xFFFFFFFFul,
	0xFFFFFFFFul, 0xFFFFFFFFul, 0xFFFFFFFFul, 0xFFFFFFFFul,
	0xFFFFFFFFul, 0xFFFFFFFFul, 0xFFFFFFFFul, 0xFFFFFFFFul,
	0xFFFFFFFFul, 0xFFFFFFFFul, 0xFFFFFFFFul, 0xFFFFFFFFul,
	0xFFFFFFFFul, 0xFFFFFFFFul, 0xFFFFFFFFul, 0xFFFFFFFFul,
	0xFFFFFFFFul, 0xFFFFFFFFul, 0xFFFFFFFFul, 0xFFFFFFFFul,
	0xFFFFFFFFul, 0xFFFFFFFFul, 0xFFFFFFFFul, 0xFFFFFFFFul,
	0xFFFFFFFFul, 0xFFFFFFFFul, 0xFFFFFFFFul, 0xFFFFFFFFul,
	0xFFFFFFFFul, 0xFFFFFFFFul, 0xFFFFFFFFul, 0xFFFFFFFFul,
	0xFFFFFFFFul, 0xFFFFFFFFul, 0xFFFFFFFFul, 0xFFFFFFFFul,
	0xFFFFFFFFul, 0xFFFFFFFFul, 0xFFFFFFFFul, 0xFFFFFFFFul,
	0xFFFFFFFFul, 0xFFFFFFFFul, 0xFFFFFFFFul, 0xFFFFFFFFul,
	0xFFFFFFFFul, 0xFFFFFFFFul, 0xFFFFFFFFul, 0xFFFFFFFFul,
	0xFFFFFFFFul, 0xFFFFFFFFul, 0xFFFFFFFFul, 0xFFFFFFFFul,
	0xFFFFFFFFul, 0xFFFFFFFFul, 0xFFFFFFFFul, 0xFFFFFFFFul,
	0xFFFFFFFFul, 0xFFFFFFFFul, 0xFFFFFFFFul, 0xFFFFFFFFul,
	0xFFFFFFFFul, 0xFFFFFFFFul, 0xFFFFFFFFul, 0xFFFFFFFFul,
	0xFFFFFFFFul, 0xFFFFFFFFul, 0xFFFFFFFFul, 0xFFFFFFFFul,
	0xFFFFFFFFul, 0xFFFFFFFFul, 0xFFFFFFFFul, 0xFFFFFFFFul,
	0xFFFFFFFFul, 0xFFFFFFFFul, 0xFFFFFFFFul, 0xFFFFFFFFul,
	0xFFFFFFFFul, 0xFFFFFFFFul, 0xFFFFFFFFul, 0xFFFFFFFFul,
	0xFFFFFFFFul, 0xFFFFFFFFul, 0xFFFFFFFFul, 0xFFFFFFFFul,
	0xFFFFFFFFul, 0xFFFFFFFFul, 0xFFFFFFFFul, 0xFFFFFFFFul,
	0xFFFFFFFFul, 0xFFFFFFFFul, 0xFFFFFFFFul, 0xFFFFFFFFul,
	0xFFFFFFFFul, 0xFFFFFFFFul, 0xFFFFFFFFul, 0xFFFFFFFFul,
	0xFFFFFFFFul, 0xFFFFFFFFul, 0xFFFFFFFFul, 0xFFFFFFFFul,
	0xFFFFFFFFul, 0xFFFFFFFFul, 0xFFFFFFFFul, 0xFFFFFFFFul,
	0xFFFFFFFFul, 0xFFFFFFFFul, 0xFFFFFFFFul, 0xFFFFFFFFul,
	0xFFFFFFFFul, 0xFFFFFFFFul, 0xFFFFFFFFul, 0xFFFFFFFFul,
	0xFFFFFFFFul, 0xFFFFFFFFul, 0xFFFFFFFFul, 0xFFFFFFFFul,
	0xFFFFFFFFul, 0xFFFFFFFFul, 0xFFFFFFFFul, 0xFFFFFFFFul,
	0xFFFFFFFFul, 0xFFFFFFFFul, 0xFFFFFFFFul, 0xFFFFFFFFul,
	0xFFFFFFFFul, 0xFFFFFFFFul, 0xFFFFFFFFul, 0xFFFFFFFFul,
	0xFFFFFFFFul, 0xFFFFFFFFul, 0xFFFFFFFFul, 0xFFFFFFFFul,
	0xFFFFFFFFul, 0xFFFFFFFFul, 0xFFFFFFFFul, 0xFFFFFFFFul,
	0xFFFFFFFFul, 0xFFFFFFFFul, 0xFFFFFFFFul, 0xFFFFFFFFul,
	0xFFFFFFFFul, 0xFFFFFFFFul, 0xFFFFFFFFul, 0xFFFFFFFFul,
	0xFFFFFFFFul, 0xFFFFFFFFul, 0xFFFFFFFFul, 0xFFFFFFFFul,
	0xFFFFFFFFul, 0xFFFFFFFFul, 0xFFFFFFFFul, 0xFFFFFFFFul,
	0xFFFFFFFFul, 0xFFFFFFFFul, 0xFFFFFFFFul, 0xFFFFFFFFul,
	0xFFFFFFFFul, 0xFFFFFFFFul, 0xFFFFFFFFul, 0xFFFFFFFFul,
	0xFFFFFFFFul, 0xFFFFFFFFul, 0xFFFFFFFFul, 0xFFFFFFFFul,
	0xFFFFFFFFul, 0xFFFFFFFFul, 0xFFFFFFFFul, 0xFFFFFFFFul,
	0xFFFFFFFFul, 0xFFFFFFFFul, 0xFFFFFFFFul, 0xFFFFFFFFul,
	0xFFFFFFFFul, 0xFFFFFFFFul, 0xFFFFFFFFul, 0xFFFFFFFFul,
	0xFFFFFFFFul, 0xFFFFFFFFul, 0xFFFFFFFFul, 0xFFFFFFFFul,
	0xFFFFFFFFul, 0xFFFFFFFFul, 0xFFFFFFFFul, 0xFFFFFFFFul,
	0xFFFFFFFFul, 0xFFFFFFFFul, 0xFFFFFFFFul, 0xFFFFFFFFul,
	0xFFFFFFFFul, 0xFFFFFFFFul, 0xFFFFFFFFul, 0xFFFFFFFFul,
	0xFFFFFFFFul, 0xFFFFFFFFul, 0xFFFFFFFFul, 0xFFFFFFFFul,
	0xFFFFFFFFul, 0xFFFFFFFFul, 0xFFFFFFFFul, 0xFFFFFFFFul,
	0xFFFFFFFFul, 0xFFFFFFFFul, 0xFFFFFFFFul, 0xFFFFFFFFul,
	0xFFFFFFFFul, 0xFFFFFFFFul, 0xFFFFFFFFul, 0xFFFFFFFFul,
	0xFFFFFFFFul, 0xFFFFFFFFul, 0xFFFFFFFFul, 0xFFFFFFFFul,
	0xFFFFFFFFul, 0xFFFFFFFFul, 0xFFFFFFFFul, 0xFFFFFFFFul,
	0xFFFFFFFFul, 0xFFFFFFFFul, 0xFFFFFFFFul, 0xFFFFFFFFul,
	0xFFFFFFFFul, 0xFFFFFFFFul, 0xFFFFFFFFul, 0xFFFFFFFFul,
	0xFFFFFFFFul, 0xFFFFFFFFul, 0xFFFFFFFFul, 0xFFFFFFFFul,
	0xFFFFFFFFul, 0xFFFFFFFFul, 0xFFFFFFFFul, 0xFFFFFFFFul,
	0xFFFFFFFFul, 0xFFFFFFFFul, 0xFFFFFFFFul, 0xFFFFFFFFul,
	0xFFFFFFFFul, 0xFFFFFFFFul, 0xFFFFFFFFul, 0xFFFFFFFFul,
	0xFFFFFFFFul, 0xFFFFFFFFul, 0xFFFFFFFFul, 0xFFFFFFFFul,
	0xFFFFFFFFul, 0xFFFFFFFFul, 0xFFFFFFFFul, 0xFFFFFFFFul,
	0xFFFFFFFFul, 0xFFFFFFFFul, 0xFFFFFFFFul, 0xFFFFFFFFul,
	0xFFFFFFFFul, 0xFFFFFFFFul, 0xFFFFFFFFul, 0xFFFFFFFFul,
	0xFFFFFFFFul, 0xFFFFFFFFul, 0xFFFFFFFFul, 0xFFFFFFFFul,
	0xFFFFFFFFul, 0xFFFFFFFFul, 0xFFFFFFFFul, 0xFFFFFFFFul,
	0xFFFFFFFFul, 0xFFFFFFFFul, 0xFFFFFFFFul, 0xFFFFFFFFul,
	0xFFFFFFFFul, 0xFFFFFFFFul, 0xFFFFFFFFul, 0xFFFFFFFFul,
	0xFFFFFFFFul, 0xFFFFFFFFul, 0xFFFFFFFFul, 0xFFFFFFFFul,
	0xFFFFFFFFul, 0xFFFFFFFFul, 0xFFFFFFFFul, 0xFFFFFFFFul,
	0xFFFFFFFFul, 0xFFFFFFFFul, 0xFFFFFFFFul, 0xFFFFFFFFul,
	0xFFFFFFFFul, 0xFFFFFFFFul, 0xFFFFFFFFul, 0xFFFFFFFFul,
	0xFFFFFFFFul, 0xFFFFFFFFul, 0xFFFFFFFFul, 0xFFFFFFFFul,
	0xFFFFFFFFul, 0xFFFFFFFFul, 0xFFFFFFFFul, 0xFFFFFFFFul,
	0xFFFFFFFFul, 0xFFFFFFFFul, 0xFFFFFFFFul, 0xFFFFFFFFul,
	0xFFFFFFFFul, 0xFFFFFFFFul, 0xFFFFFFFFul, 0xFFFFFFFFul,
	0xFFFFFFFFul, 0xFFFFFFFFul, 0xFFFFFFFFul, 0xFFFFFFFFul,
	0xFFFFFFFFul, 0xFFFFFFFFul, 0xFFFFFFFFul, 0xFFFFFFFFul,
	0xFFFFFFFFul, 0xFFFFFFFFul, 0xFFFFFFFFul, 0xFFFFFFFFul,
	0xFFFFFFFFul, 0xFFFFFFFFul, 0xFFFFFFFFul, 0xFFFFFFFFul,
	0xFFFFFFFFul, 0xFFFFFFFFul, 0xFFFFFFFFul, 0xFFFFFFFFul,
	0xFFFFFFFFul, 0xFFFFFFFFul, 0xFFFFFFFFul, 0xFFFFFFFFul,
	0xFFFFFFFFul, 0xFFFFFFFFul, 0xFFFFFFFFul, 0xFFFFFFFFul,
	0xFFFFFFFFul, 0xFFFFFFFFul, 0xFFFFFFFFul, 0xFFFFFFFFul,
	0xFFFFFFFFul, 0xFFFFFFFFul, 0xFFFFFFFFul, 0xFFFFFFFFul,
	0xFFFFFFFFul, 0xFFFFFFFFul, 0xFFFFFFFFul, 0xFFFFFFFFul,
	0xFFFFFFFFul, 0xFFFFFFFFul, 0xFFFFFFFFul, 0xFFFFFFFFul,
	0xFFFFFFFFul, 0xFFFFFFFFul, 0xFFFFFFFFul, 0xFFFFFFFFul,
	0xFFFFFFFFul, 0xFFFFFFFFul, 0xFFFFFFFFul, 0xFFFFFFFFul,
	0xFFFFFFFFul, 0xFFFFFFFFul, 0xFFFFFFFFul, 0xFFFFFFFFul,
	0xFFFFFFFFul, 0xFFFFFFFFul, 0xFFFFFFFFul, 0xFFFFFFFFul,
	0xFFFFFFFFul, 0xFFFFFFFFul, 0xFFFFFFFFul, 0xFFFFFFFFul,
	0xFFFFFFFFul, 0xFFFFFFFFul, 0xFFFFFFFFul, 0xFFFFFFFFul,
	0xFFFFFFFFul, 0xFFFFFFFFul, 0xFFFFFFFFul, 0xFFFFFFFFul,
	0xFFFFFFFFul, 0xFFFFFFFFul, 0xFFFFFFFFul, 0xFFFFFFFFul,
	0xFFFFFFFFul, 0xFFFFFFFFul, 0xFFFFFFFFul, 0xFFFFFFFFul,
	0xFFFFFFFFul, 0xFFFFFFFFul, 0xFFFFFFFFul, 0xFFFFFFFFul,
	0xFFFFFFFFul, 0xFFFFFFFFul, 0xFFFFFFFFul, 0xFFFFFFFFul,
	0xFFFFFFFFul, 0xFFFFFFFFul, 0xFFFFFFFFul, 0xFFFFFFFFul,
	0xFFFFFFFFul, 0xFFFFFFFFul, 0xFFFFFFFFul, 0xFFFFFFFFul,
	0xFFFFFFFFul, 0xFFFFFFFFul, 0xFFFFFFFFul, 0xFFFFFFFFul,
	0xFFFFFFFFul, 0xFFFFFFFFul, 0xFFFFFFFFul, 0xFFFFFFFFul,
	0xFFFFFFFFul, 0xFFFFFFFFul, 0xFFFFFFFFul, 0xFFFFFFFFul,
	0xFFFFFFFFul, 0xFFFFFFFFul, 0xFFFFFFFFul, 0xFFFFFFFFul,
	0xFFFFFFFFul, 0xFFFFFFFFul, 0xFFFFFFFFul, 0xFFFFFFFFul,
	0xFFFFFFFFul, 0xFFFFFFFFul, 0xFFFFFFFFul, 0xFFFFFFFFul,
	0xFFFFFFFFul, 0xFFFFFFFFul, 0xFFFFFFFFul, 0xFFFFFFFFul,
	0xFFFFFFFFul, 0xFFFFFFFFul, 0xFFFFFFFFul, 0xFFFFFFFFul,
	0xFFFFFFFFul, 0xFFFFFFFFul, 0xFFFFFFFFul, 0xFFFFFFFFul,
	0xFFFFFFFFul, 0xFFFFFFFFul, 0xFFFFFFFFul, 0xFFFFFFFFul,
	0xFFFFFFFFul, 0xFFFFFFFFul, 0xFFFFFFFFul, 0xFFFFFFFFul,
	0xFFFFFFFFul, 0xFFFFFFFFul, 0xFFFFFFFFul, 0xFFFFFFFFul,
	0xFFFFFFFFul, 0xFFFFFFFFul, 0xFFFFFFFFul, 0xFFFFFFFFul,
	0xFFFFFFFFul, 0xFFFFFFFFul, 0xFFFFFFFFul, 0xFFFFFFFFul,
	0xFFFFFFFFul, 0xFFFFFFFFul, 0xFFFFFFFFul, 0xFFFFFFFFul,
	0xFFFFFFFFul, 0xFFFFFFFFul, 0xFFFFFFFFul, 0xFFFFFFFFul,
	0xFFFFFFFFul, 0xFFFFFFFFul, 0xFFFFFFFFul, 0xFFFFFFFFul,
	0xFFFFFFFFul, 0xFFFFFFFFul, 0xFFFFFFFFul, 0xFFFFFFFFul,
	0xFFFFFFFFul, 0xFFFFFFFFul, 0xFFFFFFFFul, 0xFFFFFFFFul,
	0xFFFFFFFFul, 0xFFFFFFFFul, 0xFFFFFFFFul, 0xFFFFFFFFul,
	0xFFFFFFFFul, 0xFFFFFFFFul, 0xFFFFFFFFul, 0xFFFFFFFFul,
	0xFFFFFFFFul, 0xFFFFFFFFul, 0xFFFFFFFFul, 0xFFFFFFFFul,
	0xFFFFFFFFul, 0xFFFFFFFFul, 0xFFFFFFFFul, 0xFFFFFFFFul,
	0xFFFFFFFFul, 0xFFFFFFFFul, 0xFFFFFFFFul, 0xFFFFFFFFul,
	0xFFFFFFFFul, 0xFFFFFFFFul, 0xFFFFFFFFul, 0xFFFFFFFFul,
	0xFFFFFFFFul, 0xFFFFFFFFul, 0xFFFFFFFFul, 0xFFFFFFFFul,
	0xFFFFFFFFul, 0xFFFFFFFFul, 0xFFFFFFFFul, 0xFFFFFFFFul,
	0xFFFFFFFFul, 0xFFFFFFFFul, 0xFFFFFFFFul, 0xFFFFFFFFul,
	0xFFFFFFFFul, 0xFFFFFFFFul, 0xFFFFFFFFul, 0xFFFFFFFFul,
	0xFFFFFFFFul, 0xFFFFFFFFul, 0xFFFFFFFFul, 0xFFFFFFFFul,
	0xFFFFFFFFul, 0xFFFFFFFFul, 0xFFFFFFFFul, 0xFFFFFFFFul,
	0xFFFFFFFFul, 0xFFFFFFFFul, 0xFFFFFFFFul, 0xFFFFFFFFul,
	0xFFFFFFFFul, 0xFFFFFFFFul, 0xFFFFFFFFul, 0xFFFFFFFFul,
	0xFFFFFFFFul, 0xFFFFFFFFul, 0xFFFFFFFFul, 0xFFFFFFFFul,
	0xFFFFFFFFul, 0xFFFFFFFFul, 0xFFFFFFFFul, 0xFFFFFFFFul,
	0xFFFFFFFFul, 0xFFFFFFFFul, 0xFFFFFFFFul, 0xFFFFFFFFul,
	0xFFFFFFFFul, 0xFFFFFFFFul, 0xFFFFFFFFul, 0xFFFFFFFFul,
	0xFFFFFFFFul, 0xFFFFFFFFul, 0xFFFFFFFFul, 0xFFFFFFFFul,
	0xFFFFFFFFul, 0xFFFFFFFFul, 0xFFFFFFFFul, 0xFFFFFFFFul,
	0xFFFFFFFFul, 0xFFFFFFFFul, 0xFFFFFFFFul, 0xFFFFFFFFul,
	0xFFFFFFFFul, 0xFFFFFFFFul, 0xFFFFFFFFul, 0xFFFFFFFFul,
	0xFFFFFFFFul, 0xFFFFFFFFul, 0xFFFFFFFFul, 0xFFFFFFFFul,
	0xFFFFFFFFul, 0xFFFFFFFFul, 0xFFFFFFFFul, 0xFFFFFFFFul,
	0xFFFFFFFFul, 0xFFFFFFFFul, 0xFFFFFFFFul, 0xFFFFFFFFul,
	0xFFFFFFFFul, 0xFFFFFFFFul, 0xFFFFFFFFul, 0xFFFFFFFFul,
	0xFFFFFFFFul, 0xFFFFFFFFul, 0xFFFFFFFFul, 0xFFFFFFFFul,
	0xFFFFFFFFul, 0xFFFFFFFFul, 0xFFFFFFFFul, 0xFFFFFFFFul,
	0xFFFFFFFFul, 0xFFFFFFFFul, 0xFFFFFFFFul, 0x53B0FFFFul,
	0x022E01ABul, 0x0A2D0A4Dul, 0x0A2D0A4Dul, 0x022D0A4Dul,
	0x0A2D0A4Dul, 0x022D0A2Dul, 0x120C0A2Dul, 0xFFFFCEFDul,
	0xFFFFFFFFul, 0xFFFFFFFFul, 0xFFFFFFFFul, 0xFFFEFFFFul,
	0x6C73FFFFul, 0x0A2D09CBul, 0x022D0A2Dul, 0x0A4D0A4Dul,
	0x74D422CFul, 0xFFFFF7DFul, 0xFFFFFFFFul, 0xFFFFFFFFul,
	0xFFFFFFFFul, 0xFFFFFFFFul, 0xFFFFFFFFul, 0xFFFFFFFFul,
	0xFFFFFFFFul, 0xFFFFFFFFul, 0xFFFFFFFFul, 0xFFFFFFFFul,
	0xFFFFFFFFul, 0xFFFFFFFFul, 0xFFFFFFFFul, 0xFFFFFFFFul,
	0xFFFFFFFFul, 0xFFFFFFFFul, 0xFFFFFFFFul, 0xFFFFFFFFul,
	0xFFFFFFFFul, 0xFFFFFFFFul, 0xFFFFFFFFul, 0xFFFFFFFFul,
	0xFFFFFFFFul, 0xFFFFFFFFul, 0xFFFFFFFFul, 0xFFFFFFFFul,
	0xFFFFFFFFul, 0xFFFFFFFFul, 0xFFFFFFFFul, 0xFFFFFFFFul,
	0xFFFFFFFFul, 0xFFFFFFFFul, 0xFFFFFFFFul, 0xFFFFFFFFul,
	0xFFFFFFFFul, 0xFFFFFFFFul, 0xFFFFFFFFul, 0xFFFFFFFFul,
	0xFFFFFFFFul, 0xFFFFFFFFul, 0xFFFFFFFFul, 0xFFFFFFFFul,
	0xFFFFFFFFul, 0xFFFFFFFFul, 0xFFFFFFFFul, 0xFFFFFFFFul,
	0x12906433ul, 0x22F01AF0ul, 0x231022F0ul, 0x23111AF0ul,
	0x23111AF0ul, 0x23111AF0ul, 0x22F01AF0ul, 0xFFFF2ACDul,
	0xFFFFFFDFul, 0xFFFFFFFFul, 0xFFFFFFFFul, 0xFFFFFFFFul,
	0x4BD2FFFFul, 0x1B311ACFul, 0x23112310ul, 0x22F11AF1ul,
	0x1AF02311ul, 0x74B5020Cul, 0xFFFFFFFFul, 0xFFFFFFFFul,
	0xFFFFFFFFul, 0xFFFFFFFFul, 0xFFFFFFFFul, 0xFFFFFFFFul,
	0xFFFFFFFFul, 0xFFFFFFFFul, 0xFFFFFFFFul, 0xFFFFFFFFul,
	0xFFFFFFFFul, 0xFFFFFFFFul, 0xFFFFFFFFul, 0xFFFFFFFFul,
	0xFFFFFFFFul, 0xFFFFFFFFul, 0xFFFFFFFFul, 0xFFFFFFFFul,
	0xFFFFFFFFul, 0xFFFFFFFFul, 0xFFFFFFFFul, 0xFFFFFFFFul,
	0xFFFFFFFFul, 0xFFFFFFFFul, 0xFFFFFFFFul, 0xFFFFFFFFul,
	0xFFFFFFFFul, 0xFFFFFFFFul, 0xFFFFFFFFul, 0xFFFFFFFFul,
	0xFFFFFFFFul, 0xFFFFFFFFul, 0xFFFFFFFFul, 0xFFFFFFFFul,
	0xFFFFFFFFul, 0xFFFFFFFFul, 0xFFFFFFFFul, 0xFFFFFFFFul,
	0xFFFFFFFFul, 0xFFFFFFFFul, 0xFFFFFFFFul, 0xFFFFFFFFul,
	0xFFFFFFFFul, 0xFFFFFFFFul, 0xFFFFFFFFul, 0xFFFFFFFFul,
	0x4350FFFFul, 0x0A6D1AF0ul, 0x0A8E128Ful, 0x128E12AEul,
	0x128E12AEul, 0x12AE12AFul, 0x0AAF12AFul, 0xD75E1ACFul,
	0xFFFFFFFFul, 0xFFFFFFFFul, 0xFFFFFFFFul, 0xFFFFFFFFul,
	0x7D36FFFFul, 0x0ACF12AFul, 0x12AF1ACFul, 0x1AAE1ACFul,
	0x12CF1ACFul, 0x12AF1B11ul, 0xFFFF2ACFul, 0xFFFFFFFFul,
	0xFFFFFFFFul, 0xFFFFFFFFul, 0xFFFFFFFFul, 0xFFFFFFFFul,
	0xFFFFFFFFul, 0xFFFFFFFFul, 0xFFFFFFFFul, 0xFFFFFFFFul,
	0xFFFFFFFFul, 0xFFFFFFFFul, 0xFFFFFFFFul, 0xFFFFFFFFul,
	0xFFFFFFFFul, 0xFFFFFFFFul, 0xFFFFFFFFul, 0xFFFFFFFFul,
	0xFFFFFFFFul, 0xFFFFFFFFul, 0xFFFFFFFFul, 0xFFFFFFFFul,
	0xFFFFFFFFul, 0xFFFFFFFFul, 0xFFFFFFFFul, 0xFFFFFFFFul,
	0xFFFFFFFFul, 0xFFFFFFFFul, 0xFFFFFFFFul, 0xFFFFFFFFul,
	0xFFFFFFFFul, 0xFFFFFFFFul, 0xFFFFFFFFul, 0xFFFFFFFFul,
	0xFFFFFFFFul, 0xFFFFFFFFul, 0xFFFFFFFFul, 0xFFFFFFFFul,
	0xFFFFFFFFul, 0xFFFFFFFFul, 0xFFFFFFFFul, 0xFFFFFFFFul,
	0xFFFFFFFFul, 0xFFFFFFFFul, 0xFFFFFFFFul, 0xFFFFFFFFul,
	0xFFFFFFFFul, 0x1AF0126Dul, 0x1AAF128Eul, 0x1AAE128Eul,
	0x1AAF12AEul, 0x1ACF12AEul, 0x12D012AEul, 0xAE390A8Ful,
	0xFFFFFFFFul, 0xFFFFFFFFul, 0xFFFFFFFFul, 0xFFFFFFFFul,
	0xC6BCFFFFul, 0x12D00AAFul, 0x12D112CFul, 0x0B100AD0ul,
	0x1ACF12CFul, 0x1AF012CFul, 0x2A8D1AEFul, 0xFFFFF7FFul,
	0xFFFFFFFFul, 0xFFFFFFFFul, 0xFFFFFFFFul, 0xFFFFFFFFul,
	0xFFFFFFFFul, 0xFFFFFFFFul, 0xFFFFFFFFul, 0xFFFFFFFFul,
	0xFFFFFFFFul, 0xFFFFFFFFul, 0xFFFFFFFFul, 0xFFFFFFFFul,
	0xFFFFFFFFul, 0xFFFFFFFFul, 0xFFFFFFFFul, 0xFFFFFFFFul,
	0xFFFFFFFFul, 0xFFFFFFFFul, 0xFFFFFFFFul, 0xFFFFFFFFul,
	0xFFFFFFFFul, 0xFFFFFFFFul, 0xFFFFFFFFul, 0xFFFFFFFFul,
	0xFFFFFFFFul, 0xFFFFFFFFul, 0xFFFFFFFFul, 0xFFFFFFFFul,
	0xFFFFFFFFul, 0xFFFFFFFFul, 0xFFFFFFFFul, 0xFFFFFFFFul,
	0xFFFFFFFFul, 0xFFFFFFFFul, 0xFFFFFFFFul, 0xFFFFFFFFul,
	0xFFFFFFFFul, 0xFFFFFFFFul, 0xFFFFFFFFul, 0xFFFFFFFFul,
	0xFFFFFFFFul, 0xFFFFFFFFul, 0xFFFFFFFFul, 0xFFFFFFFFul,
	0xFFFFFFFFul, 0x126DBE7Bul, 0x128E1AAEul, 0x12AF1AAFul,
	0x12AF12AFul, 0x12AF1AAFul, 0x12AF1ACFul, 0x6C9412AFul,
	0xFFFFFFFFul, 0xFFFFFFFFul, 0xFFFFFFFFul, 0xFFFFFFFFul,
	0xFFFFFFFFul, 0x12CF126Dul, 0x12CF1AEFul, 0x12D012F0ul,
	0x12CF12EFul, 0x0ACE12F0ul, 0x1ACF12EFul, 0xFFFF22F0ul,
	0xFFFFFFFFul, 0xFFFFFFFFul, 0xFFFFFFFFul, 0xFFFFFFFFul,
	0xFFFFFFFFul, 0xFFFFFFFFul, 0xFFFFFFFFul, 0xFFFFFFFFul,
	0xFFFFFFFFul, 0xFFFFFFFFul, 0xFFFFFFFFul, 0xFFFFFFFFul,
	0xFFFFFFFFul, 0xFFFFFFFFul, 0xFFFFFFFFul, 0xFFFFFFFFul,
	0xFFFFFFFFul, 0xFFFFFFFFul, 0xFFFFFFFFul, 0xFFFFFFFFul,
	0xFFFFFFFFul, 0xFFFFFFFFul, 0xFFFFFFFFul, 0xFFFFFFFFul,
	0xFFFFFFFFul, 0xFFFFFFFFul, 0xFFFFFFFFul, 0xFFFFFFFFul,
	0xFFFFFFFFul, 0xFFFFFFFFul, 0xFFFFFFFFul, 0xFFFFFFFFul,
	0xFFFFFFFFul, 0xFFFFFFFFul, 0xFFFFFFFFul, 0xFFFFFFFFul,
	0xFFFFFFFFul, 0xFFFFFFFFul, 0xFFFFFFFFul, 0xFFFFFFFFul,
	0xFFFFFFFFul, 0xFFFFFFFFul, 0xFFFFFFFFul, 0xFFFFFFFFul,
	0xFFFFFFFFul, 0x4B92FFFFul, 0x12CF12CFul, 0x12CF12AFul,
	0x1ACF12CFul, 0x1AD012CFul, 0x1AD012CFul, 0x2ACF12CFul,
	0xFFFFFFFFul, 0xFFFFFFFFul, 0xFFFFFFFFul, 0xFFFFFFFFul,
	0xFFFFFFFFul, 0x1AD03351ul, 0x131012F0ul, 0x1310130Ful,
	0x1AF112F1ul, 0x1AF012CFul, 0x12F112B0ul, 0x6453126Eul,
	0xFFFFFFFFul, 0xFFFFFFFFul, 0xFFFFFFFFul, 0xFFFFFFFFul,
	0xFFFFFFFFul, 0xFFFFFFFFul, 0xFFFFFFFFul, 0xFFFFFFFFul,
	0xFFFFFFFFul, 0xFFFFFFFFul, 0xFFFFFFFFul, 0xFFFFFFFFul,
	0xFFFFFFFFul, 0xFFFFFFFFul, 0xFFFFFFFFul, 0xFFFFFFFFul,
	0xFFFFFFFFul, 0xFFFFFFFFul, 0xFFFFFFFFul, 0xFFFFFFFFul,
	0xFFFFFFFFul, 0xFFFFFFFFul, 0xFFFFFFFFul, 0xFFFFFFFFul,
	0xFFFFFFFFul, 0xFFFFFFFFul, 0xFFFFFFFFul, 0xFFFFFFFFul,
	0xFFFFFFFFul, 0xFFFFFFFFul, 0xFFFFFFFFul, 0xFFFFFFFFul,
	0xFFFFFFFFul, 0xFFFFFFFFul, 0xFFFFFFFFul, 0xFFFFFFFFul,
	0xFFFFFFFFul, 0xFFFFFFFFul, 0xFFFFFFFFul, 0xFFFFFFFFul,
	0xFFFFFFFFul, 0xFFFFFFFFul, 0xFFFFFFFFul, 0xFFFFFFFFul,
	0xFFFFFFFFul, 0xC6DBFFFFul, 0x12AF128Dul, 0x12AF12AFul,
	0x12AF1ACFul, 0x12AF1ACFul, 0x12CF1AD0ul, 0x126E12EFul,
	0xFFFFF7FFul, 0xFFFFFFFFul, 0xFFFFFFFFul, 0xFFFFFFFFul,
	0xFFFFFFFFul, 0x126E8D58ul, 0x0AEF1AF1ul, 0x12F01310ul,
	0x12D01AF0ul, 0x0AF01311ul, 0x12CF12F0ul, 0x01CA1AEFul,
	0xFFFFC6BCul, 0xFFFFFFFFul, 0xFFFFFFFFul, 0xFFFFFFFFul,
	0xFFFFFFFFul, 0xFFFFFFFFul, 0xFFFFFFFFul, 0xFFFFFFFFul,
	0xFFFFFFFFul, 0xFFFFFFFFul, 0xFFFFFFFFul, 0xFFFFFFFFul,
	0xFFFFFFFFul, 0xFFFFFFFFul, 0xFFFFFFFFul, 0xFFFFFFFFul,
	0xFFFFFFFFul, 0xFFFFFFFFul, 0xFFFFFFFFul, 0xFFFFFFFFul,
	0xFFFFFFFFul, 0xFFFFFFFFul, 0xFFFFFFFFul, 0xFFFFFFFFul,
	0xFFFFFFFFul, 0xFFFFFFFFul, 0xFFFFFFFFul, 0xFFFFFFFFul,
	0xFFFFFFFFul, 0xFFFFFFFFul, 0xFFFFFFFFul, 0xFFFFFFFFul,
	0xFFFFFFFFul, 0xFFFFFFFFul, 0xFFFFFFFFul, 0xFFFFFFFFul,
	0xFFFFFFFFul, 0xFFFFFFFFul, 0xFFFFFFFFul, 0xFFFFFFFFul,
	0xFFFFFFFFul, 0xFFFFFFFFul, 0xFFFFFFFFul, 0xFFFFFFFFul,
	0xFFFFFFFFul, 0xFFFFFFFFul, 0x1AF0436Ful, 0x1AAF128Ful,
	0x1AD012CFul, 0x1ACF1AD0ul, 0x12F00ACFul, 0x12B012CFul,
	0xFFFFA619ul, 0xFFFFFFFFul, 0xFFFFFFFFul, 0xFFFFFFFFul,
	0xFFFFFFFFul, 0x12AFBE59ul, 0x1B1112F1ul, 0x1B1112F0ul,
	0x1B1112F0ul, 0x12F012F0ul, 0x1AF012F0ul, 0x0A8E12F0ul,
	0xFFFF0A2Cul, 0xFFFFFFFFul, 0xFFFFFFFFul, 0xFFFFFFFFul,
	0xFFFFFFFFul, 0xFFFFFFFFul, 0xFFFFFFFFul, 0xFFFFFFFFul,
	0xFFFFFFFFul, 0xFFFFFFFFul, 0xFFFFFFFFul, 0xFFFFFFFFul,
	0xFFFFFFFFul, 0xFFFFFFFFul, 0xFFFFFFFFul, 0xFFFFFFFFul,
	0xFFFFFFFFul, 0xFFFFFFFFul, 0xFFFFFFFFul, 0xFFFFFFFFul,
	0xFFFFFFFFul, 0xFFFFFFFFul, 0xFFFFFFFFul, 0xFFFFFFFFul,
	0xFFFFFFFFul, 0xFFFFFFFFul, 0xFFFFFFFFul, 0xFFFFFFFFul,
	0xFFFFFFFFul, 0xFFFFFFFFul, 0xFFFFFFFFul, 0xFFFFFFFFul,
	0xFFFFFFFFul, 0xFFFFFFFFul, 0xFFFFFFFFul, 0xFFFFFFFFul,
	0xFFFFFFFFul, 0xFFFFFFFFul, 0xFFFFFFFFul, 0xFFFFFFFFul,
	0xFFFFFFFFul, 0xFFFFFFFFul, 0xFFFFFFFFul, 0xFFFFFFFFul,
	0xFFFFFFFFul, 0xFFFFFFFFul, 0x0A4DB67Aul, 0x12AF1AD0ul,
	0x12AF1AEFul, 0x12CF1AD0ul, 0x12F012F0ul, 0x0AAF1AF0ul,
	0xFFFF7CF6ul, 0xFFFFFFFFul, 0xFFFFFFFFul, 0xFFFFFFFFul,
	0xFFFFFFFFul, 0x1AAEF7FFul, 0x12F012F1ul, 0x12F01311ul,
	0x12F01310ul, 0x12F012F0ul, 0x12D012F0ul, 0x12F012F0ul,
	0xA5D80189ul, 0xFFFFFFFFul, 0xFFFFFFFFul, 0xFFFFFFFFul,
	0xFFFFFFFFul, 0xFFFFFFFFul, 0xFFFFFFFFul, 0xFFFFFFFFul,
	0xFFFFFFFFul, 0xFFFFFFFFul, 0xFFFFFFFFul, 0xFFFFFFFFul,
	0xFFFFFFFFul, 0xFFFFFFFFul, 0xFFFFFFFFul, 0xFFFFFFFFul,
	0xFFFFFFFFul, 0xFFFFFFFFul, 0xFFFFFFFFul, 0xFFFFFFFFul,
	0xFFFFFFFFul, 0xFFFFFFFFul, 0xFFFFFFFFul, 0xFFFFFFFFul,
	0xFFFFFFFFul, 0xFFFFFFFFul, 0xFFFFFFFFul, 0xFFFFFFFFul,
	0xFFFFFFFFul, 0xFFFFFFFFul, 0xFFFFFFFFul, 0xFFFFFFFFul,
	0xFFFFFFFFul, 0xFFFFFFFFul, 0xFFFFFFFFul, 0xFFFFFFFFul,
	0xFFFFFFFFul, 0xFFFFFFFFul, 0xFFFFFFFFul, 0xFFFFFFFFul,
	0xFFFFFFFFul, 0xFFFFFFFFul, 0xFFFFFFFFul, 0xFFFFFFFFul,
	0xFFFFFFFFul, 0xFFFFFFFFul, 0x2B10EFBFul, 0x1AF012CFul,
	0x12F012CFul, 0x12F012D0ul, 0x131112F0ul, 0x1AF012D0ul,
	0xFFFF2AEFul, 0xFFFFFFFFul, 0xFFFFFFFFul, 0xFFFFFFFFul,
	0xFFFFFFFFul, 0x3330FFFFul, 0x131112F0ul, 0x1B1112F0ul,
	0x131112F1ul, 0x1B111310ul, 0x1B1112F0ul, 0x1B1112F0ul,
	0x2AEF026Dul, 0xFFFFFFFFul, 0xFFFFFFFFul, 0xFFFFFFFFul,
	0xFFFFFFFFul, 0xFFFFFFFFul, 0xFFFFFFFFul, 0xFFFFFFFFul,
	0xFFFFFFFFul, 0xFFFFFFFFul, 0xFFFFFFFFul, 0xFFFFFFFFul,
	0xFFFFFFFFul, 0xFFFFFFFFul, 0xFFFFFFFFul, 0xFFFFFFFFul,
	0xFFFFFFFFul, 0xFFFFFFFFul, 0xFFFFFFFFul, 0xFFFFFFFFul,
	0xFFFFFFFFul, 0xFFFFFFFFul, 0xFFFFFFFFul, 0xFFFFFFFFul,
	0xFFFFFFFFul, 0xFFFFFFFFul, 0xFFFFFFFFul, 0xFFFFFFFFul,
	0xFFFFFFFFul, 0xFFFFFFFFul, 0xFFFFFFFFul, 0xFFFFFFFFul,
	0xFFFFFFFFul, 0xFFFFFFFFul, 0xFFFFFFFFul, 0xFFFFFFFFul,
	0xFFFFFFFFul, 0xFFFFFFFFul, 0xFFFFFFFFul, 0xFFFFFFFFul,
	0xFFFFFFFFul, 0xFFFFFFFFul, 0xFFFFFFFFul, 0xFFFFFFFFul,
	0xFFFFFFFFul, 0xFFFFFFFFul, 0x53F1FFFFul, 0x12AF12EFul,
	0x0ACF12CFul, 0x12EF12F0ul, 0x0AF012F0ul, 0x12F012F0ul,
	0xFFFF020Cul, 0xFFFFFFFFul, 0xFFFFFFFFul, 0xFFFFFFFFul,
	0xFFFFFFFFul, 0x7CF6FFFFul, 0x0B1012AFul, 0x13101311ul,
	0x0AF01311ul, 0x12F01311ul, 0x12F01311ul, 0x12F01310ul,
	0x016A1330ul, 0xFFFFE79Ful, 0xFFFFFFFFul, 0xFFFFFFFFul,
	0xFFFFFFFFul, 0xFFFFFFFFul, 0xFFFFFFFFul, 0xFFFFFFFFul,
	0xFFFFFFFFul, 0xFFFFFFFFul, 0xFFFFFFFFul, 0xFFFFFFFFul,
	0xFFFFFFFFul, 0xFFFFFFFFul, 0xFFFFFFFFul, 0xFFFFFFFFul,
	0xFFFFFFFFul, 0xFFFFFFFFul, 0xFFFFFFFFul, 0xFFFFFFFFul,
	0xFFFFFFFFul, 0xFFFFFFFFul, 0xFFFFFFFFul, 0xFFFFFFFFul,
	0xFFFFFFFFul, 0xFFFFFFFFul, 0xFFFFFFFFul, 0xFFFFFFFFul,
	0xFFFFFFFFul, 0xFFFFFFFFul, 0xFFFFFFFFul, 0xFFFFFFFFul,
	0xFFFFFFFFul, 0xFFFFFFFFul, 0xFFFFFFFFul, 0xFFFFFFFFul,
	0xFFFFFFFFul, 0xFFFFFFFFul, 0xFFFFFFFFul, 0xFFFFFFFFul,
	0xFFFFFFFFul, 0xFFFFFFFFul, 0xFFFFFFFFul, 0xFFFFFFFFul,
	0xFFFFFFFFul, 0xFFFFFFFFul, 0xB65BFFFFul, 0x12D00A8Dul,
	0x131112CFul, 0x131012F0ul, 0x131112F0ul, 0x1B1012F0ul,
	0xBE9C0A6Eul, 0xFFFFFFFFul, 0xFFFFFFFFul, 0xFFFFFFFFul,
	0xFFFFFFFFul, 0xBE7AFFFFul, 0x1332126Eul, 0x13311311ul,
	0x13311311ul, 0x13311311ul, 0x13111310ul, 0x1B1112F0ul,
	0x028F1310ul, 0xFFFF6C94ul, 0xFFFFFFFFul, 0xFFFFFFFFul,
	0xFFFFFFFFul, 0xFFFFFFFFul, 0xFFFFFFFFul, 0xFFFFFFFFul,
	0xFFFFFFFFul, 0xFFFFFFFFul, 0xFFFFFFFFul, 0xFFFFFFFFul,
	0xFFFFFFFFul, 0xFFFFFFFFul, 0xFFFFFFFFul, 0xFFFFFFFFul,
	0xFFFFFFFFul, 0xFFFFFFFFul, 0xFFFFFFFFul, 0xFFFFFFFFul,
	0xFFFFFFFFul, 0xFFFFFFFFul, 0xFFFFFFFFul, 0xFFFFFFFFul,
	0xFFFFFFFFul, 0xFFFFFFFFul, 0xFFFFFFFFul, 0xFFFFFFFFul,
	0xFFFFFFFFul, 0xFFFFFFFFul, 0xFFFFFFFFul, 0xFFFFFFFFul,
	0xFFFFFFFFul, 0xFFFFFFFFul, 0xFFFFFFFFul, 0xFFFFFFFFul,
	0xFFFFFFFFul, 0xFFFFFFFFul, 0xFFFFFFFFul, 0xFFFFFFFFul,
	0xFFFFFFFFul, 0xFFFFFFFFul, 0xFFFFFFFFul, 0xFFFFFFFFul,
	0xFFFFFFFFul, 0xFFFFFFFFul, 0xE77DFFFFul, 0x12D0126Dul,
	0x0AF012F0ul, 0x0AF012F1ul, 0x12F012F1ul, 0x12F012F1ul,
	0x74D512D0ul, 0xFFFFFFFFul, 0xFFFFFFFFul, 0xFFFFFFFFul,
	0xFFFFFFFFul, 0xDF7DFFFFul, 0x12F022EFul, 0x0B111331ul,
	0x13111331ul, 0x0B101311ul, 0x13101311ul, 0x12F01311ul,
	0x0ACF1B11ul, 0xFFFF2331ul, 0xFFFFFFFFul, 0xFFFFFFFFul,
	0xFFFFFFFFul, 0xFFFFFFFFul, 0xFFFFFFFFul, 0xFFFFFFFFul,
	0xFFFFFFFFul, 0xFFFFFFFFul, 0xFFFFFFFFul, 0xFFFFFFFFul,
	0xFFFFFFFFul, 0xFFFFFFFFul, 0xFFFFFFFFul, 0xFFFFFFFFul,
	0xFFFFFFFFul, 0xFFFFFFFFul, 0xFFFFFFFFul, 0xFFFFFFFFul,
	0xFFFFFFFFul, 0xFFFFFFFFul, 0xFFFFFFFFul, 0xFFFFFFFFul,
	0xFFFFFFFFul, 0xFFFFFFFFul, 0xFFFFFFFFul, 0xFFFFFFFFul,
	0xFFFFFFFFul, 0xFFFFFFFFul, 0xFFFFFFFFul, 0xFFFFFFFFul,
	0xFFFFFFFFul, 0xFFFFFFFFul, 0xFFFFFFFFul, 0xFFFFFFFFul,
	0xFFFFFFFFul, 0xFFFFFFFFul, 0xFFFFFFFFul, 0xFFFFFFFFul,
	0xFFFFFFFFul, 0xFFFFFFFFul, 0xFFFFFFFFul, 0xFFFFFFFFul,
	0xFFFFFFFFul, 0xFFFFFFFFul, 0xFFFFFFFFul, 0x1AF13B51ul,
	0x12F012F0ul, 0x1B1112F0ul, 0x13111311ul, 0x131112F0ul,
	0x4B9112F0ul, 0xFFFFFFFFul, 0xFFFFFFFFul, 0xFFFFFFFFul,
	0xFFFFFFFFul, 0xFFFFFFFFul, 0x1B113330ul, 0x13311311ul,
	0x13311311ul, 0x13311311ul, 0x13311311ul, 0x1B111311ul,
	0x133112F0ul, 0xE7DF026Ful, 0xFFFFFFFFul, 0xFFFFFFFFul,
	0xFFFFFFFFul, 0xFFFFFFFFul, 0xFFFFFFFFul, 0xFFFFFFFFul,
	0xFFFFFFFFul, 0xFFFFFFFFul, 0xFFFFFFFFul, 0xFFFFFFFFul,
	0xFFFFFFFFul, 0xFFFFFFFFul, 0xFFFFFFFFul, 0xFFFFFFFFul,
	0xFFFFFFFFul, 0xFFFFFFFFul, 0xFFFFFFFFul, 0xFFFFFFFFul,
	0xFFFFFFFFul, 0xFFFFFFFFul, 0xFFFFFFFFul, 0xFFFFFFFFul,
	0xFFFFFFFFul, 0xFFFFFFFFul, 0xFFFFFFFFul, 0xFFFFFFFFul,
	0xFFFFFFFFul, 0xFFFFFFFFul, 0xFFFFFFFFul, 0xFFFFFFFFul,
	0xFFFFFFFFul, 0xFFFFFFFFul, 0xFFFFFFFFul, 0xFFFFFFFFul,
	0xFFFFFFFFul, 0xFFFFFFFFul, 0xFFFFFFFFul, 0xFFFFFFFFul,
	0xFFFFFFFFul, 0xFFFFFFFFul, 0xFFFFFFFFul, 0xFFFFFFFFul,
	0xFFFFFFFFul, 0xFFFFFFFFul, 0xFFFFFFFFul, 0x12D05BF3ul,
	0x12D01310ul, 0x12F01AF1ul, 0x12F01311ul, 0x13111311ul,
	0x0A0B1B31ul, 0xFFFFFFFFul, 0xFFFFFFFFul, 0xFFFFFFFFul,
	0xFFFFFFFFul, 0xFFFFFFFFul, 0x0A8F6CB5ul, 0x13111331ul,
	0x0B111331ul, 0x0B101331ul, 0x0B101311ul, 0x13111331ul,
	0x12EF1B31ul, 0x8DB902F2ul, 0xFFFFFFFFul, 0xFFFFFFFFul,
	0xFFFFFFFFul, 0xFFFFFFFFul, 0xFFFFFFFFul, 0xFFFFFFFFul,
	0xFFFFFFFFul, 0xFFFFFFFFul, 0xFFFFFFFFul, 0xFFFFFFFFul,
	0xFFFFFFFFul, 0xFFFFFFFFul, 0xFFFFFFFFul, 0xFFFFFFFFul,
	0xFFFFFFFFul, 0xFFFFFFFFul, 0xFFFFFFFFul, 0xFFFFFFFFul,
	0xFFFFFFFFul, 0xFFFFFFFFul, 0xFFFFFFFFul, 0xFFFFFFFFul,
	0xFFFFFFFFul, 0xFFFFFFFFul, 0xFFFFFFFFul, 0xFFFFFFFFul,
	0xFFFFFFFFul, 0xFFFFFFFFul, 0xFFFFFFFFul, 0xFFFFFFFFul,
	0xFFFFFFFFul, 0xFFFFFFFFul, 0xFFFFFFFFul, 0xFFFFFFFFul,
	0xFFFFFFFFul, 0xFFFFFFFFul, 0xFFFFFFFFul, 0xFFFFFFFFul,
	0xFFFFFFFFul, 0xFFFFFFFFul, 0xFFFFFFFFul, 0xFFFFFFFFul,
	0xFFFFFFFFul, 0xFFFFFFFFul, 0xFFFFFFFFul, 0x12CF84D4ul,
	0x1B1112F0ul, 0x1B111310ul, 0x1B311310ul, 0x13311311ul,
	0x0A4E0B11ul, 0xFFFFC6DDul, 0xFFFFFFFFul, 0xFFFFFFFFul,
	0xFFFFFFFFul, 0xFFFFFFFFul, 0x022CB67Bul, 0x13521351ul,
	0x13520B31ul, 0x13321331ul, 0x13321331ul, 0x13311311ul,
	0x1B111311ul, 0x4C950332ul, 0xFFFFFFFFul, 0xFFFFFFFFul,
	0xFFFFFFFFul, 0xFFFFFFFFul, 0xFFFFFFFFul, 0xFFFFFFFFul,
	0xFFFFFFFFul, 0xFFFFFFFFul, 0xFFFFFFFFul, 0xFFFFFFFFul,
	0xFFFFFFFFul, 0xFFFFFFFFul, 0xFFFFFFFFul, 0xFFFFFFFFul,
	0xFFFFFFFFul, 0xFFFFFFFFul, 0xFFFFFFFFul, 0xFFFFFFFFul,
	0xFFFFFFFFul, 0xFFFFFFFFul, 0xFFFFFFFFul, 0xFFFFFFFFul,
	0xCEFCF7FFul, 0xD71CD71Dul, 0xD71DD71Dul, 0xD71CDF1Dul,
	0xD71DD71Dul, 0xD71CDF1Dul, 0xD71CD71Dul, 0xD71CD71Dul,
	0xD71CD71Dul, 0xD71CD71Dul, 0xD71DDF1Dul, 0xD71CDF1Dul,
	0xD71DD71Dul, 0xD71CDF1Dul, 0xD71CD71Dul, 0xD71CDF1Dul,
	0xD6FCDF1Dul, 0xFFFFE73Dul, 0xFFFFFFFFul, 0xFFFFFFFFul,
	0xFFFFFFFFul, 0xFFFFFFFFul, 0xFFFFFFFFul, 0x024DAE19ul,
	0x12F01311ul, 0x12F01311ul, 0x13101331ul, 0x0B111311ul,
	0x0A6E1351ul, 0xFFFF7CB5ul, 0xFFFFFFFFul, 0xFFFFFFFFul,
	0xFFFFFFFFul, 0xFFFFFFFFul, 0x022CDF3Dul, 0x0B111331ul,
	0x0B311332ul, 0x0B311331ul, 0x0B111331ul, 0x0B111332ul,
	0x12F11331ul, 0x2C140B32ul, 0xFFFFF7FFul, 0xFFFFFFFFul,
	0xFFFFFFFFul, 0xFFFFFFFFul, 0xFFFFFFFFul, 0xFFFFFFFFul,
	0xFFFFFFFFul, 0xFFFFFFFFul, 0xFFFFFFFFul, 0xFFFFFFFFul,
	0xFFFFFFFFul, 0xFFFFFFFFul, 0xFFFFFFFFul, 0xFFFFFFFFul,
	0xFFFFFFFFul, 0xFFFFFFFFul, 0xFFFFFFFFul, 0xFFFFFFFFul,
	0xFFFFFFFFul, 0xFFFFFFFFul, 0xFFFFFFFFul, 0xFFFFFFFFul,
	0x122C4B71ul, 0x0A6E0A6Dul, 0x0A6E0A6Eul, 0x0A6E0A6Eul,
	0x0A6E0A6Eul, 0x0A6E0A6Eul, 0x0A6E0A6Eul, 0x0A6E0A6Eul,
	0x0A6E0A6Eul, 0x126E0A6Eul, 0x0A6E0A4Eul, 0x0A6E0A6Eul,
	0x0A6E0A6Eul, 0x0A6E0A6Eul, 0x0A6E0A6Dul, 0x0A6E0A4Dul,
	0x126E0A6Dul, 0x33510A0Cul, 0xFFFFFFFFul, 0xFFFFFFFFul,
	0xFFFFFFFFul, 0xFFFFFFFFul, 0xFFFFFFFFul, 0x022DCEDCul,
	0x13111311ul, 0x1B321331ul, 0x13311311ul, 0x13320B11ul,
	0x0AD01352ul, 0xFFFF4370ul, 0xFFFFFFFFul, 0xFFFFFFFFul,
	0xFFFFFFFFul, 0xFFFFFFFFul, 0x2AEFFFFFul, 0x13720AF0ul,
	0x13521331ul, 0x13321331ul, 0x13321331ul, 0x13310B11ul,
	0x13331331ul, 0x0B731311ul, 0xFFFFDF9Eul, 0xFFFFFFFFul,
	0xFFFFFFFFul, 0xFFFFFFFFul, 0xFFFFFFFFul, 0xFFFFFFFFul,
	0xFFFFFFFFul, 0xFFFFFFFFul, 0xFFFFFFFFul, 0xFFFFFFFFul,
	0xFFFFFFFFul, 0xFFFFFFFFul, 0xFFFFFFFFul, 0xFFFFFFFFul,
	0xFFFFFFFFul, 0xFFFFFFFFul, 0xFFFFFFFFul, 0xFFFFFFFFul,
	0xFFFFFFFFul, 0xFFFFFFFFul, 0xFFFFFFFFul, 0xFFFFFFFFul,
	0x12CF43B3ul, 0x22F022F0ul, 0x1AEF22F0ul, 0x22EF22F0ul,
	0x1AEF22F0ul, 0x22F022F0ul, 0x1AEF22F0ul, 0x22F022F0ul,
	0x1AF02310ul, 0x1AF02310ul, 0x1AF02310ul, 0x1AF02310ul,
	0x1AF02311ul, 0x1B102310ul, 0x1B101B31ul, 0x1B111B31ul,
	0x1B101B31ul, 0x0A4E2331ul, 0xFFFF9577ul, 0xFFFFFFFFul,
	0xFFFFFFFFul, 0xFFFFFFFFul, 0xFFFFFFFFul, 0x01AAEFBFul,
	0x13111B31ul, 0x0B111331ul, 0x0B311311ul, 0x13311332ul,
	0x0B101332ul, 0xF7DF01AAul, 0xFFFFFFFFul, 0xFFFFFFFFul,
	0xFFFFFFFFul, 0xFFFFFFFFul, 0x4BB0FFFFul, 0x1352026Eul,
	0x0B311332ul, 0x0B311332ul, 0x13311352ul, 0x0B311351ul,
	0x0B121331ul, 0x0BB40B10ul, 0xFFFFAE7Dul, 0xFFFFFFFFul,
	0xFFFFFFFFul, 0xFFFFFFFFul, 0xFFFFFFFFul, 0xFFFFFFFFul,
	0xFFFFFFFFul, 0xFFFFFFFFul, 0xFFFFFFFFul, 0xFFFFFFFFul,
	0xFFFFFFFFul, 0xFFFFFFFFul, 0xFFFFFFFFul, 0xFFFFFFFFul,
	0xFFFFFFFFul, 0xFFFFFFFFul, 0xFFFFFFFFul, 0xFFFFFFFFul,
	0xFFFFFFFFul, 0xFFFFFFFFul, 0xFFFFFFFFul, 0xFFFFFFFFul,
	0x128F7CF5ul, 0x124D0A2Cul, 0x124D124Cul, 0x124D124Cul,
	0x124D124Cul, 0x124D124Cul, 0x1A6D124Dul, 0x1A6E124Dul,
	0x1A8E126Dul, 0x128E126Dul, 0x128E128Eul, 0x1AAF12AEul,
	0x1AAF12AFul, 0x1AD012AFul, 0x1AD012D0ul, 0x12F112D0ul,
	0x131112F0ul, 0x1AF012F0ul, 0xFFFF4B90ul, 0xFFFFFFFFul,
	0xFFFFFFFFul, 0xFFFFFFFFul, 0xFFFFFFFFul, 0x016AEFBFul,
	0x1B321331ul, 0x13321311ul, 0x13311331ul, 0x13321332ul,
	0x1B720B31ul, 0xD73E0149ul, 0xFFFFFFFFul, 0xFFFFFFFFul,
	0xFFFFFFFFul, 0xFFFFFFFFul, 0xAE1AFFFFul, 0x1B9301EBul,
	0x13521352ul, 0x13520B32ul, 0x13520B52ul, 0x0B510B51ul,
	0x13321331ul, 0x13B50B11ul, 0xFFFF6D17ul, 0xFFFFFFFFul,
	0xFFFFFFFFul, 0xFFFFFFFFul, 0xFFFFFFFFul, 0xFFFFFFFFul,
	0xFFFFFFFFul, 0xFFFFFFFFul, 0xFFFFFFFFul, 0xFFFFFFFFul,
	0xFFFFFFFFul, 0xFFFFFFFFul, 0xFFFFFFFFul, 0xFFFFFFFFul,
	0xFFFFFFFFul, 0xFFFFFFFFul, 0xFFFFFFFFul, 0xFFFFFFFFul,
	0xFFFFFFFFul, 0xFFFFFFFFul, 0xFFFFFFFFul, 0xFFFFFFFFul,
	0x0A4DC69Bul, 0x124C124Cul, 0x124C126Cul, 0x124C126Cul,
	0x124C126Cul, 0x124C126Dul, 0x126D1A6Dul, 0x126D1A8Eul,
	0x128E128Eul, 0x12AE128Eul, 0x12AE12AFul, 0x12AF12AFul,
	0x12AF12CFul, 0x12CF12D0ul, 0x12CF12F0ul, 0x0AEF1AF0ul,
	0x0AF01310ul, 0x12EF1310ul, 0xFFFF4390ul, 0xFFFFFFFFul,
	0xFFFFFFFFul, 0xFFFFFFFFul, 0xFFFFFFFFul, 0x0169F7BFul,
	0x13111331ul, 0x0B311331ul, 0x13111332ul, 0x0B311352ul,
	0x13511331ul, 0x6C94024Dul, 0xFFFFFFFFul, 0xFFFFFFFFul,
	0xFFFFFFFFul, 0xFFFFFFFFul, 0xDF5DFFFFul, 0x0B5201CBul,
	0x0B521352ul, 0x0B521373ul, 0x13521352ul, 0x0B521352ul,
	0x0B311352ul, 0x13530B32ul, 0xF7FF54D7ul, 0xFFFFFFFFul,
	0xFFFFFFFFul, 0xFFFFFFFFul, 0xFFFFFFFFul, 0xFFFFFFFFul,
	0xFFFFFFFFul, 0xFFFFFFFFul, 0xFFFFFFFFul, 0xFFFFFFFFul,
	0xFFFFFFFFul, 0xFFFFFFFFul, 0xFFFFFFFFul, 0xFFFFFFFFul,
	0xFFFFFFFFul, 0xFFFFFFFFul, 0xFFFFFFFFul, 0xFFFFFFFFul,
	0xFFFFFFFFul, 0xFFFFFFFFul, 0xFFFFFFFFul, 0xFFFFFFFFul,
	0x0A0CFFFFul, 0x1A4D124Dul, 0x1A4D124Dul, 0x1A4D122Cul,
	0x1A4D124Dul, 0x1A6E124Dul, 0x1A8E1A6Dul, 0x1A8E126Eul,
	0x1A8E126Eul, 0x1AAF128Eul, 0x1AAF128Ful, 0x1AD012AFul,
	0x1AD012AFul, 0x1AD012CFul, 0x1AF012D0ul, 0x1B1112D0ul,
	0x13111311ul, 0x1AF01310ul, 0xFFFF4B90ul, 0xFFFFFFFFul,
	0xFFFFFFFFul, 0xFFFFFFFFul, 0xFFFFFFFFul, 0x01ABEFBFul,
	0x13321331ul, 0x13521331ul, 0x13321332ul, 0x13520B52ul,
	0x13731332ul, 0x43B202F0ul, 0xFFFFFFFFul, 0xFFFFFFFFul,
	0xFFFFFFFFul, 0xFFFFFFFFul, 0xFFFFFFFFul, 0x0B322310ul,
	0x0B520B52ul, 0x0B530B52ul, 0x13730B52ul, 0x13530B32ul,
	0x13711351ul, 0x13521332ul, 0xDF7E3C76ul, 0xFFFFFFFFul,
	0xFFFFFFFFul, 0xFFFFFFFFul, 0xFFFFFFFFul, 0xFFFFFFFFul,
	0xFFFFFFFFul, 0xFFFFFFFFul, 0xFFFFFFFFul, 0xFFFFFFFFul,
	0xFFFFFFFFul, 0xFFFFFFFFul, 0xFFFFFFFFul, 0xFFFFFFFFul,
	0xFFFFFFFFul, 0xFFFFFFFFul, 0xFFFFFFFFul, 0xFFFFFFFFul,
	0xFFFFFFFFul, 0xFFFFFFFFul, 0xFFDFFFFFul, 0xFFFFFFFFul,
	0x2B50FFFFul, 0x122C126Dul, 0x124C126Dul, 0x124C124Cul,
	0x124C126Dul, 0x126D126Dul, 0x126D1A6Dul, 0x126D1A8Dul,
	0x128D128Eul, 0x12AE12AEul, 0x12AE1AAEul, 0x12AF12AFul,
	0x12CF12CFul, 0x12CF1AEFul, 0x12F012F0ul, 0x12F012F0ul,
	0x13101310ul, 0x022D1B11ul, 0xFFFF95B8ul, 0xFFFFFFFFul,
	0xFFFFFFFFul, 0xFFFFFFFFul, 0xFFFFFFFFul, 0x01CBF7DFul,
	0x13111352ul, 0x0B311331ul, 0x13121332ul, 0x0B520B52ul,
	0x0B521353ul, 0x12AF0352ul, 0xFFFFEFBFul, 0xFFFFFFFFul,
	0xFFFFFFFFul, 0xFFFFFFFFul, 0xFFFFFFFFul, 0x02F14C33ul,
	0x0B521373ul, 0x0B520B73ul, 0x0B520B52ul, 0x13331373ul,
	0x0B511371ul, 0x03111B32ul, 0xBEFD3455ul, 0xFFFFFFFFul,
	0xFFFFFFFFul, 0xFFFFFFFFul, 0xFFFFFFFFul, 0xFFFFFFFFul,
	0xFFFFFFFFul, 0xFFFFFFFFul, 0xFFFFFFFFul, 0xFFFFFFFFul,
	0xFFFFFFFFul, 0xFFFFFFFFul, 0xFFFFFFFFul, 0xFFFFFFFFul,
	0xFFFFFFFFul, 0xFFFFFFFFul, 0xFFFFFFFFul, 0xFFFFFFFFul,
	0xFFFFFFFFul, 0xFFFFFFFFul, 0xFFFFFFFFul, 0xFFFFFFFFul,
	0x84F5FFFFul, 0x126C126Dul, 0x1A4D126Cul, 0x126D124Cul,
	0x1A6D0A6Cul, 0x1A6D1A4Dul, 0x1A8E126Dul, 0x1A8E126Dul,
	0x1AAF128Eul, 0x1AAF12AEul, 0x1ACF12AEul, 0x1ACF12AFul,
	0x1AF012CFul, 0x12F012CFul, 0x131112F0ul, 0x1B1112F1ul,
	0x1B321310ul, 0x122D12D0ul, 0xFFFFF7DFul, 0xFFFFFFFFul,
	0xFFFFFFFFul, 0xFFFFFFFFul, 0xFFFFFFFFul, 0x022DE77Eul,
	0x13131332ul, 0x0B711332ul, 0x13730B51ul, 0x13731352ul,
	0x0B720B52ul, 0x026F0B53ul, 0xFFFFCF3Dul, 0xFFFFFFFFul,
	0xFFFFFFFFul, 0xFFFFFFFFul, 0xFFFFFFFFul, 0x02AF9E1Aul,
	0x13730B73ul, 0x13740B53ul, 0x13731352ul, 0x13530B52ul,
	0x13731371ul, 0x0B321352ul, 0x95D93414ul, 0xFFFFFFFFul,
	0xFFFFFFFFul, 0xFFFFFFFFul, 0xFFFFFFFFul, 0xFFFFFFFFul,
	0xFFFFFFFFul, 0xFFFFFFFFul, 0xFFFFFFFFul, 0xFFFFFFFFul,
	0xFFFFFFFFul, 0xFFFFFFFFul, 0xFFFFFFFFul, 0xFFFFFFFFul,
	0xFFFFFFFFul, 0xFFFFFFFFul, 0xFFFFFFFFul, 0xFFFFFFFFul,
	0xFFFFFFFFul, 0xFFFFFFFFul, 0xFFFFFFFFul, 0xFFFFFFFFul,
	0xAE19FFFFul, 0x0A4C0A4Dul, 0x122C126Dul, 0x124C124Cul,
	0x126C126Dul, 0x126D1A4Dul, 0x126D1A8Dul, 0x128E126Eul,
	0x128E128Eul, 0x128E1AAFul, 0x12AF12AFul, 0x12AF1ACFul,
	0x12CF12D0ul, 0x12EF12D0ul, 0x12D012F0ul, 0x0AF01B11ul,
	0x13111311ul, 0x9DF801CBul, 0xFFFFFFFFul, 0xFFFFFFFFul,
	0xFFFFFFFFul, 0xFFFFFFFFul, 0xFFFFFFFFul, 0x028EBEBCul,
	0x13321332ul, 0x0B511332ul, 0x13521352ul, 0x0B321352ul,
	0x0B520B72ul, 0x02F10B73ul, 0xFFFF85DAul, 0xFFFFFFFFul,
	0xFFFFFFFFul, 0xFFFFFFFFul, 0xFFFFFFFFul, 0x026EE7DFul,
	0x0B520B73ul, 0x0B530B73ul, 0x0B521373ul, 0x0B320B73ul,
	0x0B520B52ul, 0x03311373ul, 0x6D3723B3ul, 0xFFFFFFFFul,
	0xFFFFFFFFul, 0xFFFFFFFFul, 0xFFFFFFFFul, 0xFFFFFFFFul,
	0xFFFFFFFFul, 0xFFFFFFFFul, 0xFFFFFFFFul, 0xFFFFFFFFul,
	0xFFFFFFFFul, 0xFFFFFFFFul, 0xFFFFFFFFul, 0xFFFFFFFFul,
	0xFFFFFFFFul, 0xFFFFFFFFul, 0xFFFFFFFFul, 0xFFFFFFFFul,
	0xFFFFFFFFul, 0xFFFFFFFFul, 0xFFFFFFFFul, 0xFFFFFFFFul,
	0xFFFFFFFFul, 0x126D01EBul, 0x1A4D124Dul, 0x1A4D124Cul,
	0x1A8D124Dul, 0x1A8E126Dul, 0x1A8E1A8Dul, 0x1AAE126Dul,
	0x1AAF128Eul, 0x1AAF12AEul, 0x1ACF12AFul, 0x1AD012AFul,
	0x12F012CFul, 0x1AF012CFul, 0x1B1112F0ul, 0x1B1012F0ul,
	0x026F1332ul, 0xFFFF330Eul, 0xFFFFFFFFul, 0xFFFFFFFFul,
	0xFFFFFFFFul, 0xFFFFFFFFul, 0xFFFFFFFFul, 0x03118DD9ul,
	0x13520B32ul, 0x13731332ul, 0x13521352ul, 0x13730B52ul,
	0x13730B73ul, 0x03940B52ul, 0xFFFF3C75ul, 0xFFFFFFFFul,
	0xFFFFFFFFul, 0xFFFFFFFFul, 0xFFFFFFFFul, 0x2B93F7FFul,
	0x13730374ul, 0x0B730B73ul, 0x13730B72ul, 0x13730B73ul,
	0x13520B72ul, 0x13730B52ul, 0x54F71352ul, 0xFFFFDF7Eul,
	0xFFFFFFFFul, 0xFFFFFFFFul, 0xFFFFFFFFul, 0xFFFFFFFFul,
	0xFFFFFFFFul, 0xFFFFFFFFul, 0xFFFFFFFFul, 0xFFFFFFFFul,
	0xFFFFFFFFul, 0xFFFFFFFFul, 0xFFFFFFFFul, 0xFFFFFFFFul,
	0xFFFFFFFFul, 0xFFFFFFFFul, 0xFFFFFFFFul, 0xFFFFFFFFul,
	0xFFFFFFFFul, 0xFFFFFFFFul, 0xFFFFFFFFul, 0xFFFFFFFFul,
	0xFFFFFFFFul, 0x0A4D1A6Cul, 0x124C124Dul, 0x124C126Cul,
	0x124C1A4Dul, 0x126D126Dul, 0x126D1A8Eul, 0x128E1A8Eul,
	0x12AE128Ful, 0x128E12AFul, 0x12AF1ACFul, 0x12CF12CFul,
	0x0ACF12F0ul, 0x12F012F0ul, 0x12F01B11ul, 0x1B101310ul,
	0x01280AF1ul, 0xFFFFEFBFul, 0xFFFFFFFFul, 0xFFFFFFFFul,
	0xFFFFFFFFul, 0xFFFFFFFFul, 0xFFFFFFFFul, 0x03535CD6ul,
	0x0B511332ul, 0x0B321352ul, 0x0B311352ul, 0x0B530B53ul,
	0x0B320B73ul, 0x03740B72ul, 0xEFDF2C36ul, 0xFFFFFFFFul,
	0xFFFFFFFFul, 0xFFFFFFFFul, 0xFFFFFFFFul, 0x54D6FFFFul,
	0x0B730394ul, 0x0B921373ul, 0x0B530B93ul, 0x0B730B73ul,
	0x0B520B73ul, 0x0B320B73ul, 0x34350B32ul, 0xFFFFC6DCul,
	0xFFFFFFFFul, 0xFFFFFFFFul, 0xFFFFFFFFul, 0xFFFFFFFFul,
	0xFFFFFFFFul, 0xFFFFFFFFul, 0xFFFFFFFFul, 0xFFFFFFFFul,
	0xFFFFFFFFul, 0xFFFFFFFFul, 0xFFFFFFFFul, 0xFFFFFFFFul,
	0xFFFFFFFFul, 0xFFFFFFFFul, 0xFFFFFFFFul, 0xFFFFFFFFul,
	0xFFFFFFFFul, 0xFFFFFFFFul, 0xFFFFFFFFul, 0xFFFFFFFFul,
	0xFFFFFFFFul, 0x020C6C74ul, 0x1A4D124Dul, 0x1A4D124Cul,
	0x1A6D1A4Dul, 0x1A8E126Dul, 0x1A8E126Dul, 0x1AAE128Eul,
	0x1AAF12AEul, 0x1ACF128Ful, 0x1AD012AFul, 0x1AF012CFul,
	0x1AF012EFul, 0x12F012F0ul, 0x131112F1ul, 0x13321311ul,
	0x7CB401CBul, 0xFFFFFFFFul, 0xFFFFFFFFul, 0xFFFFFFFFul,
	0xFFFFFFFFul, 0xFFFFFFFFul, 0xFFFFFFFFul, 0x0B744497ul,
	0x13721332ul, 0x0B531352ul, 0x13720B52ul, 0x0B730B73ul,
	0x13730B52ul, 0x0B940B93ul, 0xCF5D1BB4ul, 0xFFFFFFFFul,
	0xFFFFFFFFul, 0xFFFFFFFFul, 0xFFFFFFFFul, 0x8E1BFFFFul,
	0x0B740393ul, 0x0BB30B73ul, 0x13740B93ul, 0x13730B53ul,
	0x13730B72ul, 0x13730B53ul, 0x24160332ul, 0xFFFF8599ul,
	0xFFFFFFFFul, 0xFFFFFFFFul, 0xFFFFFFFFul, 0xFFFFFFFFul,
	0xFFFFFFFFul, 0xFFFFFFFFul, 0xFFFFFFFFul, 0xFFFFFFFFul,
	0xFFFFFFFFul, 0xFFFFFFFFul, 0xFFFFFFFFul, 0xFFFFFFFFul,
	0xFFFFFFFFul, 0xFFFFFFFFul, 0xFFFFFFFFul, 0xFFFFFFFFul,
	0xFFFFFFFFul, 0xFFFFFFFFul, 0xFFFFFFFFul, 0xFFFFFFFFul,
	0xFFFFFFFFul, 0x01AAADF8ul, 0x122C124Dul, 0x124D126Dul,
	0x126D1A6Dul, 0x126D1A6Eul, 0x126D126Dul, 0x128E1A8Eul,
	0x128E12AEul, 0x12AF1AAFul, 0x12AF1ACFul, 0x12CF12D0ul,
	0x12F012F0ul, 0x12F012F0ul, 0x0AF01311ul, 0x028F1B31ul,
	0xFFFF01AAul, 0xFFFFFFFFul, 0xFFFFFFFFul, 0xFFFFFFFFul,
	0xFFFFFFFFul, 0xFFFFFFFFul, 0xE7BFFFFFul, 0x0B732BD5ul,
	0x0B511352ul, 0x0B520B32ul, 0x0B720B73ul, 0x03530B73ul,
	0x0B721373ul, 0x03520B94ul, 0x9E7C23D4ul, 0xFFFFFFFFul,
	0xFFFFFFFFul, 0xFFFFFFFFul, 0xFFFFFFFFul, 0xD7FFFFFFul,
	0x03531393ul, 0x03920B73ul, 0x0B730B73ul, 0x0B721374ul,
	0x0B530B73ul, 0x0B520B73ul, 0x13940B53ul, 0xFFFF4C55ul,
	0xFFFFFFFFul, 0xFFFFFFFFul, 0xFFFFFFFFul, 0xFFFFFFFFul,
	0xFFFFFFFFul, 0xFFFFFFFFul, 0xFFFFFFFFul, 0xFFFFFFFFul,
	0xFFFFFFFFul, 0xFFFFFFFFul, 0xFFFFFFFFul, 0xFFFFFFFFul,
	0xFFFFFFFFul, 0xFFFFFFFFul, 0xFFFFFFFFul, 0xFFFFFFFFul,
	0xFFFFFFFFul, 0xFFFFFFFFul, 0xFFFFFFFFul, 0xFFFFFFFFul,
	0xFFFFFFFFul, 0x09EBE77Eul, 0x1A4C124Dul, 0x1A6E124Dul,
	0x1A6D126Dul, 0x1A8E126Dul, 0x1A8E126Dul, 0x1AAF128Eul,
	0x1AAF128Ful, 0x1AD012AFul, 0x1AD012CFul, 0x12F012CFul,
	0x131012F0ul, 0x131112F0ul, 0x1B311311ul, 0x018A12F1ul,
	0xFFFFC6DBul, 0xFFFFFFFFul, 0xFFFFFFFFul, 0xFFFFFFFFul,
	0xFFFFFFFFul, 0xFFFFFFFFul, 0xCF5EFFFFul, 0x0B3223F5ul,
	0x0B730B32ul, 0x13930B53ul, 0x0B730B73ul, 0x13940B73ul,
	0x0B930B73ul, 0x0B930393ul, 0x753923F5ul, 0xFFFFFFFFul,
	0xFFFFFFFFul, 0xFFFFFFFFul, 0xFFFFFFFFul, 0xFFFFFFFFul,
	0x13B533F4ul, 0x0BB40B93ul, 0x0B940B93ul, 0x13930B73ul,
	0x0B940B73ul, 0x13730B73ul, 0x0B730B73ul, 0xE7DF23F5ul,
	0xFFFFFFFFul, 0xFFFFFFFFul, 0xFFFFFFFFul, 0xFFFFFFFFul,
	0xFFFFFFFFul, 0xFFFFFFFFul, 0xFFFFFFFFul, 0xFFFFFFFFul,
	0xFFFFFFFFul, 0xFFFFFFFFul, 0xFFFFFFFFul, 0xFFFFFFFFul,
	0xFFFFFFFFul, 0xFFFFFFFFul, 0xFFFFFFFFul, 0xFFFFFFFFul,
	0xFFFFFFFFul, 0xFFFFFFFFul, 0xFFFFFFFFul, 0xFFFFFFFFul,
	0xFFFFFFFFul, 0x0A4BFFFFul, 0x124C124Dul, 0x124D124Dul,
	0x126D126Dul, 0x126D1A8Dul, 0x128E1A8Eul, 0x128E128Eul,
	0x128E12AFul, 0x12AF12AFul, 0x12CF1ACFul, 0x12CF12D0ul,
	0x12EF12F0ul, 0x13101310ul, 0x13111311ul, 0x53D1024Dul,
	0xFFFFFFFFul, 0xFFFFFFFFul, 0xFFFFFFFFul, 0xFFFFFFFFul,
	0xFFFFFFFFul, 0xFFFFFFFFul, 0x7D57FFFFul, 0x03112416ul,
	0x0B520B52ul, 0x03521353ul, 0x0B730B73ul, 0x0B730B94ul,
	0x03740B93ul, 0x03930B94ul, 0x5CB713D5ul, 0xFFFFFFFFul,
	0xFFFFFFFFul, 0xFFFFFFFFul, 0xFFFFFFFFul, 0xFFFFFFFFul,
	0x13D57559ul, 0x0B940B94ul, 0x03930B94ul, 0x0B730B93ul,
	0x0B740B93ul, 0x0B720B73ul, 0x03720B73ul, 0xAE7B0B94ul,
	0xFFFFFFFFul, 0xFFFFFFFFul, 0xFFFFFFFFul, 0xFFFFFFFFul,
	0xFFFFFFFFul, 0xFFFFFFFFul, 0xFFFFFFFFul, 0xFFFFFFFFul,
	0xFFFFFFFFul, 0xFFFFFFFFul, 0xFFFFFFFFul, 0xFFFFFFFFul,
	0xFFFFFFFFul, 0xFFFFFFFFul, 0xFFFFFFFFul, 0xFFFFFFFFul,
	0xFFFFFFFFul, 0xFFFFFFFFul, 0xFFFFFFFFul, 0xFFFFFFFFul,
	0xFFFFFFFFul, 0x5C53FFFFul, 0x126E09ECul, 0x1A8D124Dul,
	0x1A6E1A4Dul, 0x128E126Eul, 0x1A8E128Eul, 0x1AAF128Eul,
	0x1ACF12AEul, 0x12D012AFul, 0x1AF012D0ul, 0x12F112CFul,
	0x1B100AF0ul, 0x13111311ul, 0x0B111331ul, 0xFFFF024Cul,
	0xFFFFFFFFul, 0xFFFFFFFFul, 0xFFFFFFFFul, 0xFFFFFFFFul,
	0xFFFFFFFFul, 0xFFFFFFFFul, 0x6D19F7FFul, 0x237333D4ul,
	0x23941B72ul, 0x1B931B73ul, 0x1B931B93ul, 0x13731372ul,
	0x0B730B73ul, 0x0B930B93ul, 0x4CD80B93ul, 0xFFFFD75Eul,
	0xFFFFFFFFul, 0xFFFFFFFFul, 0xFFFFFFFFul, 0xFFFFFFFFul,
	0x24369E1Aul, 0x03B40372ul, 0x13B40BB4ul, 0x0B940B93ul,
	0x0B940373ul, 0x13731393ul, 0x0B730B73ul, 0x75990394ul,
	0xFFFFFFFFul, 0xFFFFFFFFul, 0xFFFFFFFFul, 0xFFFFFFFFul,
	0xFFFFFFFFul, 0xFFFFFFFFul, 0xFFFFFFFFul, 0xFFFFFFFFul,
	0xFFFFFFFFul, 0xFFFFFFFFul, 0xFFFFFFFFul, 0xFFFFFFFFul,
	0xFFFFFFFFul, 0xFFFFFFFFul, 0xFFFFFFFFul, 0xFFFFFFFFul,
	0xFFFFFFFFul, 0xFFFFFFFFul, 0xFFFFFFFFul, 0xFFFFFFFFul,
	0xFFFFFFFFul, 0xA639FFFFul, 0x0A4D01ECul, 0x126C1A6Dul,
	0x1A6D1A6Dul, 0x126D1A8Eul, 0x128E1A8Eul, 0x12AE1AAFul,
	0x12AE12AFul, 0x12AE1ACFul, 0x12CF1ACFul, 0x0AD012F0ul,
	0x12F01311ul, 0x131012F1ul, 0x022D0B11ul, 0xFFFF9DF9ul,
	0xFFFFFFFFul, 0xFFFFFFFFul, 0xFFFFFFFFul, 0xFFFFFFFFul,
	0xFFFFFFFFul, 0xFFFFFFFFul, 0x5CB7D73Eul, 0x33B33BB4ul,
	0x33D43BF5ul, 0x33F43BF5ul, 0x3BF43C15ul, 0x33F53C15ul,
	0x34163C16ul, 0x23B433F6ul, 0x4C762393ul, 0xFFFFBEFDul,
	0xFFFFFFFFul, 0xFFFFFFFFul, 0xFFFFFFFFul, 0xFFFFFFFFul,
	0x3436DFBFul, 0x03940B53ul, 0x03730394ul, 0x0B930BB4ul,
	0x03730BB4ul, 0x0B730B73ul, 0x0B531393ul, 0x23500B74ul,
	0xFFFFFFFFul, 0xFFFFFFFFul, 0xFFFFFFFFul, 0xFFFFFFFFul,
	0xFFFFFFFFul, 0xFFFFFFFFul, 0xFFFFFFFFul, 0xFFFFFFFFul,
	0xFFFFFFFFul, 0xFFFFFFFFul, 0xFFFFFFFFul, 0xFFFFFFFFul,
	0xFFFFFFFFul, 0xFFFFFFFFul, 0xFFFFFFFFul, 0xFFFFFFFFul,
	0xFFFFFFFFul, 0xFFFFFFFFul, 0xFFFFFFFFul, 0xFFFFFFFFul,
	0xFFFFFFFFul, 0xD73DFFFFul, 0x126E0A8Eul, 0x1A6D124Cul,
	0x1A8E1A4Dul, 0x1A8E128Dul, 0x1AAE128Eul, 0x1AAF12AEul,
	0x1ACF12AFul, 0x1ACF12AFul, 0x12F01ACFul, 0x12F112EFul,
	0x12F112F1ul, 0x1B1112CFul, 0x4BF312F1ul, 0xFFFFFFFFul,
	0xFFFFFFFFul, 0xFFFFFFFFul, 0xFFFFFFFFul, 0xFFFFFFFFul,
	0xFFFFFFFFul, 0xFFFFFFFFul, 0x64D89599ul, 0x3BF43392ul,
	0x3BD43BD4ul, 0x43D53BD4ul, 0x43F53BD4ul, 0x43F53BF4ul,
	0x3BF53BF5ul, 0x44163BF5ul, 0x54973BF5ul, 0xFFFF8DDAul,
	0xFFFFFFFFul, 0xFFFFFFFFul, 0xFFFFFFFFul, 0xFFFFFFFFul,
	0x5476FFFFul, 0x0BB50B94ul, 0x03B40395ul, 0x0B940394ul,
	0x0BB40BB4ul, 0x0B930393ul, 0x13930B73ul, 0x0AF00B73ul,
	0xFFFFEFFFul, 0xFFFFFFFFul, 0xFFFFFFFFul, 0xFFFFFFFFul,
	0xFFFFFFFFul, 0xFFFFFFFFul, 0xFFFFFFFFul, 0xFFFFFFFFul,
	0xFFFFFFFFul, 0xFFFFFFFFul, 0xFFFFFFFFul, 0xFFFFFFFFul,
	0xFFFFFFFFul, 0xFFFFFFFFul, 0xFFFFFFFFul, 0xFFFFFFFFul,
	0xFFFFFFFFul, 0xFFFFFFFFul, 0xFFFFFFFFul, 0xFFFFFFFFul,
	0xFFFFFFFFul, 0xFFFFFFFFul, 0x0A4D2351ul, 0x126D1A6Dul,
	0x126D1A6Eul, 0x126E128Dul, 0x128E128Eul, 0x128E12AFul,
	0x12AF12CFul, 0x12CF12CFul, 0x12CF12D0ul, 0x12D012CFul,
	0x2B502311ul, 0x2BB33B92ul, 0xE79E2B31ul, 0xFFFFFFFFul,
	0xFFFFFFFFul, 0xFFFFFFFFul, 0xFFFFFFFFul, 0xFFFFFFFFul,
	0xFFFFFFFFul, 0xDF7EFFFFul, 0x3BD36519ul, 0x33D333D4ul,
	0x33D43BD4ul, 0x3BD43BD4ul, 0x33F43BF5ul, 0x3BF43BF5ul,
	0x3BF53C15ul, 0x3BF53C15ul, 0x3C353C15ul, 0xFFFF64F7ul,
	0xFFFFFFFFul, 0xFFFFFFFFul, 0xFFFFFFFFul, 0xFFFFFFFFul,
	0x7D98FFFFul, 0x03942436ul, 0x039403B5ul, 0x0B9403B4ul,
	0x03940B94ul, 0x0B930BB4ul, 0x03730B93ul, 0x02F10B93ul,
	0xFFFFAE5Bul, 0xFFFFFFFFul, 0xFFFFFFFFul, 0xFFFFFFFFul,
	0xFFFFFFFFul, 0xFFFFFFFFul, 0xFFFFFFFFul, 0xFFFFFFFFul,
	0xFFFFFFFFul, 0xFFFFFFFFul, 0xFFFFFFFFul, 0xFFFFFFFFul,
	0xFFFFFFFFul, 0xFFFFFFFFul, 0xFFFFFFFFul, 0xFFFFFFFFul,
	0xFFFFFFFFul, 0xFFFFFFFFul, 0xFFFFFFFFul, 0xFFFFFFFFul,
	0xFFFFFFFFul, 0xFFFFFFFFul, 0x0A8E4C54ul, 0x1A6E124Dul,
	0x1A8E1A6Dul, 0x12AE128Dul, 0x1AAF128Eul, 0x1ACF12AEul,
	0x1ACF12CFul, 0x1AAF12AFul, 0x231112CFul, 0x33933372ul,
	0x43713372ul, 0x2B533393ul, 0xFFFF9DB9ul, 0xFFFFFFFFul,
	0xFFFFFFFFul, 0xFFFFFFFFul, 0xFFFFFFFFul, 0xFFFFFFFFul,
	0xFFFFFFFFul, 0x7D58FFFFul, 0x3BB44CB7ul, 0x3BF433D4ul,
	0x3BD533D4ul, 0x3BF53BD4ul, 0x3C153BF4ul, 0x43F53BF5ul,
	0x44163BF5ul, 0x44163BF5ul, 0x3C363C15ul, 0xE77E4C76ul,
	0xFFFFFFFFul, 0xFFFFFFFFul, 0xFFFFFFFFul, 0xFFFFFFFFul,
	0xB69BFFFFul, 0x03942C56ul, 0x0BB40394ul, 0x03B403B4ul,
	0x03950394ul, 0x0BB40B94ul, 0x0B940B94ul, 0x031203B4ul,
	0xFFFF7537ul, 0xFFFFFFFFul, 0xFFFFFFFFul, 0xFFFFFFFFul,
	0xFFFFFFFFul, 0xFFFFFFFFul, 0xFFFFFFFFul, 0xFFFFFFFFul,
	0xFFFFFFFFul, 0xFFFFFFFFul, 0xFFFFFFFFul, 0xFFFFFFFFul,
	0xFFFFFFFFul, 0xFFFFFFFFul, 0xFFFFFFFFul, 0xFFFFFFFFul,
	0xFFFFFFFFul, 0xFFFFFFFFul, 0xFFFFFFFFul, 0xFFFFFFFFul,
	0xFFFFFFFFul, 0xFFFFFFFFul, 0x026EA69Cul, 0x126D0A6Eul,
	0x126D1A8Dul, 0x128E128Eul, 0x128E12AEul, 0x128E12AFul,
	0x12AE12AEul, 0x333022F0ul, 0x3B513B72ul, 0x33513B51ul,
	0x33513B52ul, 0x4BF43BB4ul, 0xFFFFFFFFul, 0xFFFFFFFFul,
	0xFFFFFFFFul, 0xFFFFFFFFul, 0xFFFFFFFFul, 0xFFFFFFFFul,
	0xFFFFFFFFul, 0x4CB7C6DDul, 0x3B943BF5ul, 0x33B43BD5ul,
	0x3BD43BD4ul, 0x3BD43BF5ul, 0x3BF53BF5ul, 0x3BF53C15ul,
	0x3BF53BF5ul, 0x3C153C16ul, 0x3C163C16ul, 0xAE9B3C36ul,
	0xFFFFFFFFul, 0xFFFFFFFFul, 0xFFFFFFFFul, 0xFFFFFFFFul,
	0xD75EFFFFul, 0x23F55CF8ul, 0x0B731BD4ul, 0x03B30B94ul,
	0x03B403D5ul, 0x0B940394ul, 0x0B740B94ul, 0x03330B74ul,
	0xFFFF2B10ul, 0xFFFFFFFFul, 0xFFFFFFFFul, 0xFFFFFFFFul,
	0xFFFFFFFFul, 0xFFFFFFFFul, 0xFFFFFFFFul, 0xFFFFFFFFul,
	0xFFFFFFFFul, 0xFFFFFFFFul, 0xFFFFFFFFul, 0xFFFFFFFFul,
	0xFFFFFFFFul, 0xFFFFFFFFul, 0xFFFFFFFFul, 0xFFFFFFFFul,
	0xFFFFFFFFul, 0xFFFFFFFFul, 0xFFFFFFFFul, 0xFFFFFFFFul,
	0xFFFFFFFFul, 0xFFFFFFFFul, 0x12F1D73Dul, 0x1A8E0A6Eul,
	0x1A8E128Dul, 0x128F128Eul, 0x1AAF128Eul, 0x22AF128Eul,
	0x3B522B10ul, 0x3B513351ul, 0x3B513B50ul, 0x3B723B51ul,
	0x33B43372ul, 0xD75E2B52ul, 0xFFFFFFFFul, 0xFFFFFFFFul,
	0xFFFFFFFFul, 0xFFFFFFFFul, 0xFFFFFFFFul, 0xFFFFFFFFul,
	0xFFFFFFFFul, 0x44774C35ul, 0x3BD43BB3ul, 0x3BF53BD4ul,
	0x43F53BD4ul, 0x43F53BD4ul, 0x3BF63BF5ul, 0x3C363BF5ul,
	0x3C363C15ul, 0x3C363C16ul, 0x3C363C16ul, 0x7D7A33F6ul,
	0xFFFFFFFFul, 0xFFFFFFFFul, 0xFFFFFFFFul, 0xFFFFFFFFul,
	0xFFFFFFFFul, 0x3C366496ul, 0x34573C36ul, 0x139423F5ul,
	0x0BB50B93ul, 0x0BB403B4ul, 0x13B40393ul, 0x13940B94ul,
	0xFFFF01AAul, 0xFFFFFFFFul, 0xFFFFFFFFul, 0xFFFFFFFFul,
	0xFFFFFFFFul, 0xFFFFFFFFul, 0xFFFFFFFFul, 0xFFFFFFFFul,
	0xFFFFFFFFul, 0xFFFFFFFFul, 0xFFFFFFFFul, 0xFFFFFFFFul,
	0xFFFFFFFFul, 0xFFFFFFFFul, 0xFFFFFFFFul, 0xFFFFFFFFul,
	0xFFFFFFFFul, 0xFFFFFFFFul, 0xFFFFFFFFul, 0xFFFFFFFFul,
	0xFFFFFFFFul, 0xFFFFFFFFul, 0x2BF4FFFFul, 0x126D0AAFul,
	0x128D1A8Dul, 0x126E1A8Eul, 0x1AAF1A8Eul, 0x33313330ul,
	0x33103B31ul, 0x33513B31ul, 0x33513B51ul, 0x3B513372ul,
	0x33F63352ul, 0xFFFF8578ul, 0xFFFFFFFFul, 0xFFFFFFFFul,
	0xFFFFFFFFul, 0xFFFFFFFFul, 0xFFFFFFFFul, 0xFFFFFFFFul,
	0x7D57FFFFul, 0x33B43C57ul, 0x33D43BD4ul, 0x33D43BF4ul,
	0x33D43BF4ul, 0x3BF53BF5ul, 0x3BF53C15ul, 0x3BF53C15ul,
	0x3C153C36ul, 0x3C153C36ul, 0x3C164436ul, 0x33D43C37ul,
	0xFFFFFFFFul, 0xFFFFFFFFul, 0xFFFFFFFFul, 0xFFFFFFFFul,
	0xFFFFFFFFul, 0x3C567D17ul, 0x3C153C36ul, 0x3C163C36ul,
	0x0B733416ul, 0x03B40394ul, 0x039303B4ul, 0x0BB30BB4ul,
	0xB69B022Cul, 0xFFFFFFFFul, 0xFFFFFFFFul, 0xFFFFFFFFul,
	0xFFFFFFFFul, 0xFFFFFFFFul, 0xFFFFFFFFul, 0xFFFFFFFFul,
	0xFFFFFFFFul, 0xFFFFFFFFul, 0xFFFFFFFFul, 0xFFFFFFFFul,
	0xFFFFFFFFul, 0xFFFFFFFFul, 0xFFFFFFFFul, 0xFFFFFFFFul,
	0xFFFFFFFFul, 0xFFFFFFFFul, 0xFFFFFFFFul, 0xFFFFFFFFul,
	0xFFFFFFFFul, 0xFFFFFFFFul, 0x54D7FFFFul, 0x1A8D02F0ul,
	0x1AAE126Dul, 0x2AAF1A6Dul, 0x3B313310ul, 0x3B313310ul,
	0x3B513330ul, 0x3B523B31ul, 0x3B913351ul, 0x3B733352ul,
	0x43F43415ul, 0xFFFFFFFFul, 0xFFFFFFFFul, 0xFFFFFFFFul,
	0xFFFFFFFFul, 0xFFFFFFFFul, 0xFFFFFFFFul, 0xFFFFFFFFul,
	0x2B94DF9Ful, 0x3BB43415ul, 0x3BF53BB4ul, 0x3BF53BD4ul,
	0x3C153BF5ul, 0x44163BF5ul, 0x44163BF5ul, 0x3C363C15ul,
	0x3C363C16ul, 0x44363C16ul, 0x44373C36ul, 0x2BB43C36ul,
	0xFFFFEFDFul, 0xFFFFFFFFul, 0xFFFFFFFFul, 0xFFFFFFFFul,
	0xFFFFFFFFul, 0x3C57A63Bul, 0x44563C35ul, 0x44163C16ul,
	0x44573BF6ul, 0x13B42C15ul, 0x0B940393ul, 0x13D40394ul,
	0x74D5028Ful, 0xFFFFFFFFul, 0xFFFFFFFFul, 0xFFFFFFFFul,
	0xFFFFFFFFul, 0xFFFFFFFFul, 0xFFFFFFFFul, 0xFFFFFFFFul,
	0xFFFFFFFFul, 0xFFFFFFFFul, 0xFFFFFFFFul, 0xFFFFFFFFul,
	0xFFFFFFFFul, 0xFFFFFFFFul, 0xFFFFFFFFul, 0xFFFFFFFFul,
	0xFFFFFFFFul, 0xFFFFFFFFul, 0xFFFFFFFFul, 0xFFFFFFFFul,
	0xFFFFFFFFul, 0xFFFFFFFFul, 0x969DFFFFul, 0x0A4D1331ul,
	0x1AAE1A4Dul, 0x33103330ul, 0x33103310ul, 0x33303310ul,
	0x33303B31ul, 0x33313B51ul, 0x33503352ul, 0x2B523B72ul,
	0xBEDD3C15ul, 0xFFFFFFFFul, 0xFFFFFFFFul, 0xFFFFFFFFul,
	0xFFFFFFFFul, 0xFFFFFFFFul, 0xFFFFFFFFul, 0xFFFFFFFFul,
	0x3C154BF4ul, 0x33B433B4ul, 0x33D43BD5ul, 0x3BD43BD5ul,
	0x3BF43BF5ul, 0x3BF53C15ul, 0x3C153C15ul, 0x3C153C16ul,
	0x3C363C36ul, 0x3C163C36ul, 0x3C163C36ul, 0x2BB43C57ul,
	0xFFFFB63Aul, 0xFFFFFFFFul, 0xFFFFFFFFul, 0xFFFFFFFFul,
	0xFFFFFFFFul, 0x3C35C6FDul, 0x3C163C56ul, 0x34353C37ul,
	0x34153C36ul, 0x3C163C16ul, 0x139433F6ul, 0x03B40393ul,
	0x330F0311ul, 0xFFFFFFFFul, 0xFFFFFFFFul, 0xFFFFFFFFul,
	0xFFFFFFFFul, 0xFFFFFFFFul, 0xFFFFFFFFul, 0xFFFFFFFFul,
	0xFFFFFFFFul, 0xFFFFFFFFul, 0xFFFFFFFFul, 0xFFFFFFFFul,
	0xFFFFFFFFul, 0xFFFFFFFFul, 0xFFFFFFFFul, 0xFFFFFFFFul,
	0xFFFFFFFFul, 0xFFFFFFFFul, 0xFFFFFFFFul, 0xFFFFFFFFul,
	0xFFFFFFFFul, 0xFFFFFFFFul, 0xDF9EFFFFul, 0x1A8F1B31ul,
	0x3B3032EFul, 0x3B1032EFul, 0x33103310ul, 0x3B313310ul,
	0x3B513331ul, 0x3B523351ul, 0x3B723B51ul, 0x4C773331ul,
	0xFFFF6CD7ul, 0xFFFFFFFFul, 0xFFFFFFFFul, 0xFFFFFFFFul,
	0xFFFFFFFFul, 0xFFFFFFFFul, 0xFFFFFFFFul, 0x9DFAFFFFul,
	0x3BF42BB4ul, 0x3BF533D4ul, 0x3BF53BD4ul, 0x3BF53BD4ul,
	0x3C153BF5ul, 0x3C163C15ul, 0x3C363C15ul, 0x44363C16ul,
	0x44363C36ul, 0x44373C36ul, 0x44573C36ul, 0x33D53C57ul,
	0xFFFF8538ul, 0xFFFFFFFFul, 0xFFFFFFFFul, 0xFFFFFFFFul,
	0xFFFFFFFFul, 0x4435F7FFul, 0x44573437ul, 0x3C573C36ul,
	0x3C363C36ul, 0x44363C16ul, 0x3C373C16ul, 0x13732BF5ul,
	0x01280B72ul, 0xFFFFFFFFul, 0xFFFFFFFFul, 0xFFFFFFFFul,
	0xFFFFFFFFul, 0xFFFFFFFFul, 0xFFFFFFFFul, 0xFFFFFFFFul,
	0xFFFFFFFFul, 0xFFFFFFFFul, 0xFFFFFFFFul, 0xFFFFFFFFul,
	0xFFFFFFFFul, 0xFFFFFFFFul, 0xFFFFFFFFul, 0xFFFFFFFFul,
	0xFFFFFFFFul, 0xFFFFFFFFul, 0xFFFFFFFFul, 0xFFFFFFFFul,
	0xFFFFFFFFul, 0xFFFFFFFFul, 0xF7FFFFFFul, 0x2B525CD7ul,
	0x32CF3AF0ul, 0x32F03310ul, 0x33103310ul, 0x33103B30ul,
	0x33313B51ul, 0x33513351ul, 0x33313B51ul, 0x4C153BF5ul,
	0xFFFFF7FFul, 0xFFFFFFFFul, 0xFFFFFFFFul, 0xFFFFFFFFul,
	0xFFFFFFFFul, 0xFFFFFFFFul, 0xFFFFFFFFul, 0x2B31EFDFul,
	0x339333F5ul, 0x33D43BF5ul, 0x33D43BF4ul, 0x3BF53BF5ul,
	0x3C153BF5ul, 0x3C153C15ul, 0x3C153C36ul, 0x3C363C36ul,
	0x3C364436ul, 0x3C363C57ul, 0x3C564457ul, 0x34163C57ul,
	0xFFFF3B72ul, 0xFFFFFFFFul, 0xFFFFFFFFul, 0xFFFFFFFFul,
	0xFFFFFFFFul, 0x5434FFFFul, 0x3C363457ul, 0x3C363C37ul,
	0x3C164437ul, 0x34153C35ul, 0x3C153C36ul, 0x3C364416ul,
	0x01282BF5ul, 0xFFFFCEFDul, 0xFFFFFFFFul, 0xFFFFFFFFul,
	0xFFFFFFFFul, 0xFFFFFFFFul, 0xFFFFFFFFul, 0xFFFFFFFFul,
	0xFFFFFFFFul, 0xFFFFFFFFul, 0xFFFFFFFFul, 0xFFFFFFFFul,
	0xFFFFFFFFul, 0xFFFFFFFFul, 0xFFFFFFFFul, 0xFFFFFFFFul,
	0xFFFFFFFFul, 0xFFFFFFFFul, 0xFFFFFFFFul, 0xFFFFFFFFul,
	0xFFFFFFFFul, 0xFFFFFFFFul, 0xFFFFFFFFul, 0x33938599ul,
	0x3B1032CFul, 0x3B1032EFul, 0x3B113310ul, 0x3B513330ul,
	0x3B513331ul, 0x3B723351ul, 0x33523B31ul, 0xAE7C4C77ul,
	0xFFFFFFFFul, 0xFFFFFFFFul, 0xFFFFFFFFul, 0xFFFFFFFFul,
	0xFFFFFFFFul, 0xFFFFFFFFul, 0xFFFFFFFFul, 0x33D45C34ul,
	0x43D533D4ul, 0x3BF43BB4ul, 0x3BF533F4ul, 0x3C153BF5ul,
	0x3C163C15ul, 0x3C363C15ul, 0x44363C16ul, 0x44573C36ul,
	0x44573C36ul, 0x44573C57ul, 0x44573C37ul, 0x44783C57ul,
	0xFFFF0A6Ful, 0xFFFFFFFFul, 0xFFFFFFFFul, 0xFFFFFFFFul,
	0xFFFFFFFFul, 0x95DAFFFFul, 0x44772BD5ul, 0x3C573C36ul,
	0x44373C36ul, 0x3C363C16ul, 0x44363C15ul, 0x3C163C15ul,
	0x22F03C36ul, 0xFFFF7C93ul, 0xFFFFFFFFul, 0xFFFFFFFFul,
	0xFFFFFFFFul, 0xFFFFFFFFul, 0xFFFFFFFFul, 0xFFFFFFFFul,
	0xFFFFFFFFul, 0xFFFFFFFFul, 0xFFFFFFFFul, 0xFFFFFFFFul,
	0xFFFFFFFFul, 0xFFFFFFFFul, 0xFFFFFFFFul, 0xFFFFFFFFul,
	0xFFFFFFFFul, 0xFFFFFFFFul, 0xFFFFFFFFul, 0xFFFFFFFFul,
	0xFFFFFFFFul, 0xFFFFFFFFul, 0xFFFFFFFFul, 0x4414B69Cul,
	0x32EF2AAFul, 0x32F03B10ul, 0x33103B10ul, 0x33303B31ul,
	0x33313B31ul, 0x33503B51ul, 0x3BD33B52ul, 0xFFFF64B7ul,
	0xFFFFFFFFul, 0xFFFFFFFFul, 0xFFFFFFFFul, 0xFFFFFFFFul,
	0xFFFFFFFFul, 0xFFFFFFFFul, 0xAE5AFFFFul, 0x33B32311ul,
	0x33D43BD4ul, 0x3BD443D4ul, 0x3BD43BF4ul, 0x3BF43C15ul,
	0x3BF53C16ul, 0x34153C16ul, 0x3C363C36ul, 0x3C363C57ul,
	0x3C363C57ul, 0x3C364457ul, 0x3C573C57ul, 0x3C773C57ul,
	0xB65A2332ul, 0xFFFFFFFFul, 0xFFFFFFFFul, 0xFFFFFFFFul,
	0xFFFFFFFFul, 0xBEBBFFFFul, 0x3C362B93ul, 0x3C564457ul,
	0x3C363C57ul, 0x3C163C36ul, 0x3C154416ul, 0x3C153C36ul,
	0x33723C15ul, 0xFFFF63F2ul, 0xFFFFFFFFul, 0xFFFFFFFFul,
	0xFFFFFFFFul, 0xFFFFFFFFul, 0xFFFFFFFFul, 0xFFFFFFFFul,
	0xFFFFFFFFul, 0xFFFFFFFFul, 0xFFFFFFFFul, 0xFFFFFFFFul,
	0xFFFFFFFFul, 0xFFFFFFFFul, 0xFFFFFFFFul, 0xFFFFFFFFul,
	0xFFFFFFFFul, 0xFFFFFFFFul, 0xFFFFFFFFul, 0xFFFFFFFFul,
	0xFFFFFFFFul, 0xFFFFFFFFul, 0xFFFFFFFFul, 0x5C76E7BFul,
	0x3B1022AFul, 0x3B1132F0ul, 0x3B313310ul, 0x3B313330ul,
	0x3B523B51ul, 0x3B723351ul, 0x54773311ul, 0xFFFFB69Bul,
	0xFFFFFFFFul, 0xFFFFFFFFul, 0xFFFFFFFFul, 0xFFFFFFFFul,
	0xFFFFFFFFul, 0xFFFFFFFFul, 0x3351EFFFul, 0x3BD433B3ul,
	0x3BF43BD4ul, 0x43F53BD4ul, 0x3BF53BF4ul, 0x44163BF5ul,
	0x3C363C15ul, 0x3C363C16ul, 0x3C373C36ul, 0x44573C36ul,
	0x44573C57ul, 0x44783C57ul, 0x3C573C57ul, 0x44783C77ul,
	0x7CF62B92ul, 0xFFFFFFFFul, 0xFFFFFFFFul, 0xFFFFFFFFul,
	0xFFFFFFFFul, 0xEFBFFFFFul, 0x3C573392ul, 0x44573C36ul,
	0x3C573C56ul, 0x44363C36ul, 0x3C363C16ul, 0x44363C16ul,
	0x3BD53C16ul, 0xFFFF32ADul, 0xFFFFFFFFul, 0xFFFFFFFFul,
	0xFFFFFFFFul, 0xFFFFFFFFul, 0xFFFFFFFFul, 0xFFFFFFFFul,
	0xFFFFFFFFul, 0xFFFFFFFFul, 0xFFFFFFFFul, 0xFFFFFFFFul,
	0xFFFFFFFFul, 0xFFFFFFFFul, 0xFFFFFFFFul, 0xFFFFFFFFul,
	0xFFFFFFFFul, 0xFFFFFFFFul, 0xFFFFFFFFul, 0xFFFFFFFFul,
	0xFFFFFFFFul, 0xFFDFFFFFul, 0xFFFFFFFFul, 0x74F7F7FFul,
	0x32CF3331ul, 0x32F03B10ul, 0x33103B10ul, 0x33303B31ul,
	0x33313B51ul, 0x33513B51ul, 0x64D73B93ul, 0xFFFFE7BFul,
	0xFFFFFFFFul, 0xFFFFFFFFul, 0xFFFFFFFFul, 0xFFFFFFFFul,
	0xFFFFFFFFul, 0xFFFFFFFFul, 0x23306C95ul, 0x33B43BB4ul,
	0x33D33BD4ul, 0x33F43414ul, 0x3BF443D5ul, 0x3BF53C15ul,
	0x34153C36ul, 0x3C363C36ul, 0x3C363C36ul, 0x3C563C57ul,
	0x3C373C57ul, 0x3C374457ul, 0x3C573C57ul, 0x3C783C77ul,
	0x43713BF4ul, 0xFFFFFFFFul, 0xFFFFFFFFul, 0xFFFFFFFFul,
	0xFFFFFFFFul, 0xFFFFFFFFul, 0x341543B2ul, 0x3C564457ul,
	0x3C363C57ul, 0x3C364457ul, 0x3C163C57ul, 0x3C153C16ul,
	0x3C163C16ul, 0xDF7E1A6Cul, 0xFFFFFFFFul, 0xFFFFFFFFul,
	0xFFFFFFFFul, 0xFFFFFFFFul, 0xFFFFFFFFul, 0xFFFFFFFFul,
	0xFFFFFFFFul, 0xFFFFFFFFul, 0xFFFFFFFFul, 0xFFFFFFFFul,
	0xFFFFFFFFul, 0xFFFFFFFFul, 0xFFFFFFFFul, 0xFFFFFFFFul,
	0xFFFFFFFFul, 0xFFFFFFFFul, 0xFFFFFFFFul, 0xFFFFFFFFul,
	0xFFFFFFFFul, 0xFFFFFFFFul, 0xFFFFFFFFul, 0x9DFAFFFFul,
	0x3AF043B3ul, 0x3B313310ul, 0x3B313310ul, 0x3B513331ul,
	0x3B723331ul, 0x33723B51ul, 0x959843F4ul, 0xFFFFFFFFul,
	0xFFFFFFFFul, 0xFFFFFFFFul, 0xFFFFFFFFul, 0xFFFFFFFFul,
	0xFFFFFFFFul, 0xBEDDFFFFul, 0x3BB41ACFul, 0x3BD43BD4ul,
	0x3BF53BD4ul, 0x3BF53BD4ul, 0x44153BF5ul, 0x3C163BF5ul,
	0x3C363C16ul, 0x44573C36ul, 0x44573C36ul, 0x3C573C57ul,
	0x44783C57ul, 0x3C773C57ul, 0x44983C77ul, 0x44784457ul,
	0x0A0C3C97ul, 0xFFFFFFFFul, 0xFFFFFFFFul, 0xFFFFFFFFul,
	0xFFFFFFFFul, 0xFFFFFFFFul, 0x2B9484F5ul, 0x44573C78ul,
	0x44573C57ul, 0x44573C37ul, 0x44373C36ul, 0x3C163C16ul,
	0x44363C15ul, 0x95B82B11ul, 0xFFFFFFFFul, 0xFFFFFFFFul,
	0xFFFFFFFFul, 0xFFFFFFFFul, 0xFFFFFFFFul, 0xFFFFFFFFul,
	0xFFFFFFFFul, 0xFFFFFFFFul, 0xFFFFFFFFul, 0xFFFFFFFFul,
	0xFFFFFFFFul, 0xFFFFFFFFul, 0xFFFFFFFFul, 0xFFFFFFFFul,
	0xFFFFFFFFul, 0xFFFFFFFFul, 0xFFFFFFFFul, 0xFFFFFFFFul,
	0xFFFFFFFFul, 0xFFFFFFFFul, 0xFFFFFFFFul, 0xAE9BFFFFul,
	0x2AAE5C56ul, 0x33103B10ul, 0x33303310ul, 0x33303B31ul,
	0x33513B51ul, 0x2B303B72ul, 0xC6DD5C96ul, 0xFFFFFFFFul,
	0xFFFFFFFFul, 0xFFFFFFFFul, 0xFFFFFFFFul, 0xFFFFFFFFul,
	0xFFFFFFFFul, 0x32EEFFFFul, 0x33B32B51ul, 0x3BD33BD4ul,
	0x3BD43BF4ul, 0x3BF43BF5ul, 0x3BF53BF5ul, 0x3C154416ul,
	0x3C163C36ul, 0x3C363C37ul, 0x3C364457ul, 0x3C364457ul,
	0x3C573C57ul, 0x3C573C57ul, 0x3C573C77ul, 0x3C774478ul,
	0x124D44B8ul, 0xFFFFC6BBul, 0xFFFFFFFFul, 0xFFFFFFFFul,
	0xFFFFFFFFul, 0xFFFFFFFFul, 0x12AFC6BBul, 0x3C574478ul,
	0x3C373C57ul, 0x3C363C57ul, 0x3C363C37ul, 0x3C154436ul,
	0x3C153C15ul, 0x64533B93ul, 0xFFFFFFFFul, 0xFFFFFFFFul,
	0xFFFFFFFFul, 0xFFFFFFFFul, 0xFFFFFFFFul, 0xFFFFFFFFul,
	0xFFFFFFFFul, 0xFFFFFFFFul, 0xFFFFFFFFul, 0xFFFFFFFFul,
	0xFFFFFFFFul, 0xFFFFFFFFul, 0xFFFFFFFFul, 0xFFFFFFFFul,
	0xFFFFFFFFul, 0xFFFFFFFFul, 0xFFFFFFFFul, 0xFFFFFFFFul,
	0xFFFFFFFFul, 0xFFFFFFFFul, 0xFFFFFFFFul, 0xEFDFFFFFul,
	0x2AAF6CF7ul, 0x3B113310ul, 0x3B313310ul, 0x3B513331ul,
	0x3B723B51ul, 0x33523351ul, 0xE79F6CF7ul, 0xFFFFFFFFul,
	0xFFFFFFFFul, 0xFFFFFFFFul, 0xFFFFFFFFul, 0xFFFFFFFFul,
	0xFFFFFFFFul, 0x22CF7CD5ul, 0x3BD43BB3ul, 0x43F53BD4ul,
	0x3BF53BD4ul, 0x43F53BD5ul, 0x44163BF5ul, 0x3C363C15ul,
	0x44363C36ul, 0x44573C36ul, 0x44573C57ul, 0x44783C57ul,
	0x3C783C57ul, 0x44783C77ul, 0x44783C77ul, 0x44784477ul,
	0x2B3144B8ul, 0xFFFF7C93ul, 0xFFFFFFFFul, 0xFFFFFFFFul,
	0xFFFFFFFFul, 0xFFFFFFFFul, 0x22F0DF5Eul, 0x44784436ul,
	0x44573C57ul, 0x44573C57ul, 0x44373C37ul, 0x44363C36ul,
	0x3C163C16ul, 0x53B23BD4ul, 0xFFFFF7DFul, 0xFFFFFFFFul,
	0xFFFFFFFFul, 0xFFFFFFFFul, 0xFFFFFFFFul, 0xFFFFFFFFul,
	0xFFFFFFFFul, 0xFFFFFFFFul, 0xFFFFFFFFul, 0xFFFFFFFFul,
	0xFFFFFFFFul, 0xFFFFFFFFul, 0xFFFFFFFFul, 0xFFFFFFFFul,
	0xFFFFFFFFul, 0xFFFFFFFFul, 0xFFFFFFFFul, 0xFFFFFFFFul,
	0xFFFFFFFFul, 0xFFFFFFFFul, 0xFFFFFFFFul, 0xFFFFFFFFul,
	0x2B107D38ul, 0x33103310ul, 0x33103330ul, 0x33313B31ul,
	0x33513B52ul, 0x3B723B52ul, 0xF7DF7D58ul, 0xFFFFFFFFul,
	0xFFFFFFFFul, 0xFFFFFFFFul, 0xFFFFFFFFul, 0xFFFFFFFFul,
	0xE77EFFFFul, 0x3352122Dul, 0x33B33BD4ul, 0x3BD43BD4ul,
	0x33D43BF4ul, 0x3BF53BF5ul, 0x3C153C15ul, 0x3C163C16ul,
	0x34363C36ul, 0x3C373C36ul, 0x3C373C57ul, 0x3C573C57ul,
	0x3C574478ul, 0x3C573C78ul, 0x44774478ul, 0x44774478ul,
	0x33B34C98ul, 0xFFFF4B50ul, 0xFFFFFFFFul, 0xFFFFFFFFul,
	0xFFFFFFFFul, 0xFFFFFFFFul, 0x3B2FFFFFul, 0x3C773BF4ul,
	0x3C573C57ul, 0x3C373C57ul, 0x3C364457ul, 0x3C163C36ul,
	0x3C153C36ul, 0x33104415ul, 0xFFFFE79Eul, 0xFFFFFFFFul,
	0xFFFFFFFFul, 0xFFFFFFFFul, 0xFFFFFFFFul, 0xFFFFFFFFul,
	0xFFFFFFFFul, 0xFFFFFFFFul, 0xFFFFFFFFul, 0xFFFFFFFFul,
	0xFFFFFFFFul, 0xFFFFFFFFul, 0xFFFFFFFFul, 0xFFFFFFFFul,
	0xFFFFFFFFul, 0xFFFFFFFFul, 0xFFFFFFFFul, 0xFFFFFFFFul,
	0xFFFFFFFFul, 0xFFFFFFFFul, 0xFFFFFFFFul, 0xFFFFFFFFul,
	0x43D395DAul, 0x3B3032F0ul, 0x3B313330ul, 0x3B513331ul,
	0x3B723351ul, 0x43D43351ul, 0xFFFF8578ul, 0xFFFFFFFFul,
	0xFFFFFFFFul, 0xFFFFFFFFul, 0xFFFFFFFFul, 0xFFFFFFFFul,
	0x32EFFFFFul, 0x43D422F0ul, 0x3BD43BB3ul, 0x3BD43BD4ul,
	0x3BF53BD4ul, 0x3C153BF5ul, 0x3C163C15ul, 0x3C363C15ul,
	0x3C573C36ul, 0x44573C57ul, 0x44783C57ul, 0x3C783C57ul,
	0x44783C77ul, 0x44983C77ul, 0x44984477ul, 0x4C984478ul,
	0x4C574C98ul, 0xF7FF11EBul, 0xFFFFFFFFul, 0xFFFFFFFFul,
	0xFFFFFFFFul, 0xFFFFFFFFul, 0x6C12FFFFul, 0x44983331ul,
	0x3C583C57ul, 0x44573C57ul, 0x44573C37ul, 0x3C373C56ul,
	0x3C373C36ul, 0x3B923C15ul, 0xFFFFAE3Aul, 0xFFFFFFFFul,
	0xFFFFFFFFul, 0xFFFFFFFFul, 0xFFFFFFFFul, 0xFFFFFFFFul,
	0xFFFFFFFFul, 0xFFFFFFFFul, 0xFFFFFFFFul, 0xFFFFFFFFul,
	0xFFFFFFFFul, 0xFFFFFFFFul, 0xFFFFFFFFul, 0xFFFFFFFFul,
	0xFFFFFFFFul, 0xFFFFFFFFul, 0xFFFFFFFFul, 0xFFFFFFFFul,
	0xFFFFFFFFul, 0xFFFFFFFFul, 0xFFFFFFFFul, 0xFFFFFFFFul,
	0x4C35B65Bul, 0x33102AF0ul, 0x33303331ul, 0x33313B51ul,
	0x33513351ul, 0x3BF43332ul, 0xFFFF95B9ul, 0xFFFFFFFFul,
	0xFFFFFFFFul, 0xFFFFFFFFul, 0xFFFFFFFFul, 0xFFFFFFFFul,
	0x0A2BA5B7ul, 0x3BB33BB4ul, 0x3BD43BB4ul, 0x33D43BF4ul,
	0x3BF43BF5ul, 0x3BF53C15ul, 0x3C163C16ul, 0x3C163C36ul,
	0x3C363C37ul, 0x3C363C57ul, 0x3C573C57ul, 0x3C573C77ul,
	0x3C774478ul, 0x44774498ul, 0x44774498ul, 0x44774C98ul,
	0x54D84477ul, 0xC6FC09ECul, 0xFFFFFFFFul, 0xFFFFFFFFul,
	0xFFFFFFFFul, 0xFFFFFFFFul, 0xBE5AFFFFul, 0x44B8122Cul,
	0x3C573C77ul, 0x3C573C78ul, 0x3C573C57ul, 0x3C364457ul,
	0x3C363C36ul, 0x3BD43C36ul, 0xFFFF74D5ul, 0xFFFFFFFFul,
	0xFFFFFFFFul, 0xFFFFFFFFul, 0xFFFFFFFFul, 0xFFFFFFFFul,
	0xFFFFFFFFul, 0xFFFFFFFFul, 0xFFFFFFFFul, 0xFFFFFFFFul,
	0xFFFFFFFFul, 0xFFFFFFFFul, 0xFFFFFFFFul, 0xFFFFFFFFul,
	0xFFFFFFFFul, 0xFFFFFFFFul, 0xFFFFFFFFul, 0xFFFFFFFFul,
	0xFFFFFFFFul, 0xFFFFFFFFul, 0xFFFFFFFFul, 0xFFFFFFFFul,
	0x5C56DF7Ful, 0x3B312AF0ul, 0x3B313330ul, 0x3B523331ul,
	0x3B723351ul, 0x44153331ul, 0xFFFFAE5Bul, 0xFFFFFFFFul,
	0xFFFFFFFFul, 0xFFFFFFFFul, 0xFFFFFFFFul, 0xFFFFFFFFul,
	0x335109AAul, 0x3BD43BB3ul, 0x3BD43BB4ul, 0x3BF53BD4ul,
	0x3C153BF5ul, 0x44163BF5ul, 0x3C363C16ul, 0x44373C36ul,
	0x3C573C36ul, 0x44573C57ul, 0x44783C57ul, 0x44983C77ul,
	0x44983C77ul, 0x4C984477ul, 0x4C984477ul, 0x4C984497ul,
	0x54D84C97ul, 0x84D52B31ul, 0xFFFFFFFFul, 0xFFFFFFFFul,
	0xFFFFFFFFul, 0xFFFFFFFFul, 0xEF7EFFFFul, 0x4C98122Cul,
	0x44784477ul, 0x44783C77ul, 0x44573C57ul, 0x44573C57ul,
	0x3C573C36ul, 0x44163C16ul, 0xFFFF6475ul, 0xFFFFFFFFul,
	0xFFFFFFFFul, 0xFFFFFFFFul, 0xFFFFFFFFul, 0xFFFFFFFFul,
	0xFFFFFFFFul, 0xFFFFFFFFul, 0xFFFFFFFFul, 0xFFFFFFFFul,
	0xFFFFFFFFul, 0xFFFFFFFFul, 0xFFFFFFFFul, 0xFFFFFFFFul,
	0xFFFFFFFFul, 0xFFFFFFFFul, 0xFFFFFFFFul, 0xFFFFFFFFul,
	0xFFFFFFFFul, 0xFFFFFFFFul, 0xFFFFFFFFul, 0xFFFFFFFFul,
	0x5435FFFFul, 0x33102B31ul, 0x33303B31ul, 0x33313B51ul,
	0x33513B51ul, 0x3BF53331ul, 0xFFFFBEBDul, 0xFFFFFFFFul,
	0xFFFFFFFFul, 0xFFFFFFFFul, 0xFFFFFFFFul, 0x538FFFFFul,
	0x3BB3226Dul, 0x33B33BD3ul, 0x33D43BD4ul, 0x3BD43BD4ul,
	0x33F43BF5ul, 0x3BF53C15ul, 0x3C163C16ul, 0x3C363C36ul,
	0x3C563C57ul, 0x3C573C57ul, 0x3C574478ul, 0x3C774478ul,
	0x3C774478ul, 0x44974498ul, 0x44974C98ul, 0x4C974C97ul,
	0x4CB84C98ul, 0x5BF13C15ul, 0xFFFFFFFFul, 0xFFFFFFFFul,
	0xFFFFFFFFul, 0xFFFFFFFFul, 0xFFFFFFFFul, 0x33F54351ul,
	0x3C774478ul, 0x3C573C77ul, 0x3C364457ul, 0x3C363C57ul,
	0x34364437ul, 0x3C153C36ul, 0xE75D5414ul, 0xFFFFFFFFul,
	0xFFFFFFFFul, 0xFFFFFFFFul, 0xFFFFFFFFul, 0xFFFFFFFFul,
	0xFFFFFFFFul, 0xFFFFFFFFul, 0xFFFFFFFFul, 0xFFFFFFFFul,
	0xFFFFFFFFul, 0xFFFFFFFFul, 0xFFFFFFFFul, 0xFFFFFFFFul,
	0xFFFFFFFFul, 0xFFFFFFFFul, 0xFFFFFFFFul, 0xFFFFFFFFul,
	0xFFFFFFFFul, 0xFFFFFFFFul, 0xFFFFFFFFul, 0xFFFFFFFFul,
	0x7D18FFFFul, 0x3B113393ul, 0x3B513310ul, 0x3B723351ul,
	0x3B723352ul, 0x3C163331ul, 0xFFFFCF1Eul, 0xFFFFFFFFul,
	0xFFFFFFFFul, 0xFFFFFFFFul, 0xFFFFFFFFul, 0x19EBDF3Dul,
	0x3BD43372ul, 0x3BD43BB3ul, 0x3BF53BD4ul, 0x3BF53BD4ul,
	0x44163BF4ul, 0x3C163BF5ul, 0x3C363C16ul, 0x3C573C36ul,
	0x44573C56ul, 0x3C583C57ul, 0x44783C57ul, 0x44783C77ul,
	0x4C984477ul, 0x4C984C98ul, 0x4CB84497ul, 0x4CB84C98ul,
	0x549944B7ul, 0x43914497ul, 0xFFFFF7BEul, 0xFFFFFFFFul,
	0xFFFFFFFFul, 0xFFFFFFFFul, 0xFFFFFFFFul, 0x3BB37431ul,
	0x44994498ul, 0x44783C77ul, 0x44783C77ul, 0x3C773C57ul,
	0x44573C56ul, 0x3C163C36ul, 0xBEDD4414ul, 0xFFFFFFFFul,
	0xFFFFFFFFul, 0xFFFFFFFFul, 0xFFFFFFFFul, 0xFFFFFFFFul,
	0xFFFFFFFFul, 0xFFFFFFFFul, 0xFFFFFFFFul, 0xFFFFFFFFul,
	0xFFFFFFFFul, 0xFFFFFFFFul, 0xFFFFFFFFul, 0xFFFFFFFFul,
	0xFFFFFFFFul, 0xFFFFFFFFul, 0xFFFFFFFFul, 0xFFFFFFFFul,
	0xFFFFFFFFul, 0xFFFFFFFFul, 0xFFFFFFFFul, 0xFFFFFFFFul,
	0x9E1AFFFFul, 0x2AF03BD5ul, 0x33303B51ul, 0x33313351ul,
	0x33513B52ul, 0x33F53351ul, 0xFFFFD73Eul, 0xFFFFFFFFul,
	0xFFFFFFFFul, 0xFFFFFFFFul, 0xFFFFFFFFul, 0x2AEF84F5ul,
	0x33933BD4ul, 0x33B43BB4ul, 0x3BD43BD4ul, 0x3BD43BD4ul,
	0x3BF53BF5ul, 0x3BF53C15ul, 0x3C163C16ul, 0x3C364436ul,
	0x3C574457ul, 0x3C574457ul, 0x3C774477ul, 0x44774478ul,
	0x44774C98ul, 0x44974C98ul, 0x4C974C97ul, 0x4C975498ul,
	0x4C984CB7ul, 0x335054B9ul, 0xFFFFDF5Dul, 0xFFFFFFFFul,
	0xFFFFFFFFul, 0xFFFFFFFFul, 0xFFFFFFFFul, 0x22CFBE19ul,
	0x3C7754B8ul, 0x3C774477ul, 0x3C563C77ul, 0x34563C77ul,
	0x3C364437ul, 0x33F53C36ul, 0x8D574C56ul, 0xFFFFFFFFul,
	0xFFFFFFFFul, 0xFFFFFFFFul, 0xFFFFFFFFul, 0xFFFFFFFFul,
	0xFFFFFFFFul, 0xFFFFFFFFul, 0xFFFFFFFFul, 0xFFFFFFFFul,
	0xFFFFFFFFul, 0xFFFFFFFFul, 0xFFFFFFFFul, 0xFFFFFFFFul,
	0xFFFFFFFFul, 0xFFFFFFFFul, 0xFFFFFFFFul, 0xFFFFFFFFul,
	0xFFFFFFFFul, 0xFFFFFFFFul, 0xFFFFFFFFul, 0xFFFFFFFFul,
	0xC6FDFFFFul, 0x333143D4ul, 0x3B513331ul, 0x3B723331ul,
	0x3B523B51ul, 0x33D53351ul, 0xFFFFD75Eul, 0xFFFFFFFFul,
	0xFFFFFFFFul, 0xFFFFFFFFul, 0xFFFFFFFFul, 0x3B726C53ul,
	0x3BD433B3ul, 0x3BF533B3ul, 0x3BD53BD4ul, 0x3BF53BF4ul,
	0x3BF63BF5ul, 0x3C163C15ul, 0x44373C36ul, 0x44573C36ul,
	0x44573C37ul, 0x44783C57ul, 0x44983C78ul, 0x44983C77ul,
	0x4C984498ul, 0x4CB84C98ul, 0x4CB84C98ul, 0x54B84C98ul,
	0x54B84CB7ul, 0x4C3554B8ul, 0xFFFFA5F9ul, 0xFFFFFFFFul,
	0xFFFFFFFFul, 0xFFFFFFFFul, 0xFFFFFFFFul, 0x1A8DEFDFul,
	0x44984CB8ul, 0x44983C78ul, 0x44773C77ul, 0x44584457ul,
	0x44373C37ul, 0x3C373C36ul, 0x75173C36ul, 0xFFFFFFFFul,
	0xFFFFFFFFul, 0xFFFFFFFFul, 0xFFFFFFFFul, 0xFFFFFFFFul,
	0xFFFFFFFFul, 0xFFFFFFFFul, 0xFFFFFFFFul, 0xFFFFFFFFul,
	0xFFFFFFFFul, 0xFFFFFFFFul, 0xFFFFFFFFul, 0xFFFFFFFFul,
	0xFFFFFFFFul, 0xFFFFFFFFul, 0xFFFFFFFFul, 0xFFFFFFFFul,
	0xFFFFFFFFul, 0xFFFFFFFFul, 0xFFFFFFFFul, 0xFFFFFFFFul,
	0xF7FFFFFFul, 0x2B3143D3ul, 0x33313351ul, 0x3B313B51ul,
	0x33513B52ul, 0x2BB43372ul, 0xFFFFCF3Eul, 0xFFFFFFFFul,
	0xFFFFFFFFul, 0xFFFFFFFFul, 0xFFFFFFFFul, 0x3B7184D5ul,
	0x33B233B3ul, 0x33B33BD3ul, 0x33D43BD4ul, 0x3BF53BF5ul,
	0x3BF53C15ul, 0x3C153C36ul, 0x3C164436ul, 0x3C563C57ul,
	0x3C574457ul, 0x3C773C57ul, 0x3C774498ul, 0x44774498ul,
	0x44974C98ul, 0x4C974C98ul, 0x4C974CB8ul, 0x4C984CB8ul,
	0x4CB754B8ul, 0x4C9654B8ul, 0xFFFF7D16ul, 0xFFFFFFFFul,
	0xFFFFFFFFul, 0xFFFFFFFFul, 0xFFFFFFFFul, 0x4371FFFFul,
	0x44784C36ul, 0x3C584478ul, 0x3C573C78ul, 0x3C573C57ul,
	0x3C364457ul, 0x34363C56ul, 0x64D63C36ul, 0xFFFFE77Eul,
	0xFFFFFFFFul, 0xFFFFFFFFul, 0xFFFFFFFFul, 0xFFFFFFFFul,
	0xFFFFFFFFul, 0xFFFFFFFFul, 0xFFFFFFFFul, 0xFFFFFFFFul,
	0xFFFFFFFFul, 0xFFFFFFFFul, 0xFFFFFFFFul, 0xFFFFFFFFul,
	0xFFFFFFFFul, 0xFFFFFFFFul, 0xFFFFFFFFul, 0xFFFFFFFFul,
	0xFFFFFFFFul, 0xFFFFFFFFul, 0xFFFFFFFFul, 0xFFFFFFFFul,
	0xFFFFFFFFul, 0x33936475ul, 0x3B522B51ul, 0x3B523B31ul,
	0x3B723352ul, 0x33B53351ul, 0xFFFFC6FEul, 0xFFFFFFFFul,
	0xFFFFFFFFul, 0xFFFFFFFFul, 0xFFFFFFFFul, 0x4392BE9Bul,
	0x33B43393ul, 0x3BB33B93ul, 0x3BD533B4ul, 0x3BF533D4ul,
	0x3BF533D5ul, 0x3C1633F5ul, 0x3C3633F5ul, 0x3C363C36ul,
	0x3C373C36ul, 0x3C573C57ul, 0x44773C57ul, 0x44984477ul,
	0x4C984477ul, 0x4C984477ul, 0x4C984C97ul, 0x4CB84C97ul,
	0x54B84C97ul, 0x54B84C77ul, 0xF7FF6D17ul, 0xFFFFFFFFul,
	0xFFFFFFFFul, 0xFFFFFFFFul, 0xFFFFFFFFul, 0x7495FFFFul,
	0x549843D3ul, 0x44984C98ul, 0x44783C78ul, 0x3C573C57ul,
	0x44363C36ul, 0x34363C15ul, 0x5CB733F4ul, 0xFFFFC6FDul,
	0xFFFFFFFFul, 0xFFFFFFFFul, 0xFFFFFFFFul, 0xFFFFFFFFul,
	0xFFFFFFFFul, 0xFFFFFFFFul, 0xFFFFFFFFul, 0xFFFFFFFFul,
	0xFFFFFFFFul, 0xFFFFFFFFul, 0xFFFFFFFFul, 0xFFFFFFFFul,
	0xFFFFFFFFul, 0xFFFFFFFFul, 0xFFFFFFFFul, 0xFFFFFFFFul,
	0xFFFFFFFFul, 0xFFFFFFFFul, 0xFFFFFFFFul, 0xFFFFFFFFul,
	0xFFFFFFFFul, 0x2B729DFAul, 0x33313331ul, 0x33513B51ul,
	0x33523B72ul, 0x2B933B52ul, 0xFFFFB69Cul, 0xFFFFFFFFul,
	0xFFFFFFFFul, 0xFFFFFFFFul, 0xFFFFFFFFul, 0x5BF2FFFFul,
	0x4C765456ul, 0x54765477ul, 0x5C755C96ul, 0x5C955C96ul,
	0x5C965C96ul, 0x5C965CB6ul, 0x5CB65CB7ul, 0x5CB764D7ul,
	0x5CB764D7ul, 0x5CD764D7ul, 0x64D764F8ul, 0x64F764F8ul,
	0x64F76518ul, 0x64F76D18ul, 0x6D186D18ul, 0x65386D38ul,
	0x6D386D38ul, 0x6D387539ul, 0xE75D6CF6ul, 0xFFFFFFFFul,
	0xFFFFFFFFul, 0xFFFFFFFFul, 0xFFFFFFFFul, 0xC6BBFFFFul,
	0x43D22ACEul, 0x43F34BF3ul, 0x4C344C34ul, 0x54965476ul,
	0x5CD65CD7ul, 0x651864F8ul, 0x74F76D38ul, 0xFFFFAE3Aul,
	0xFFFFFFFFul, 0xFFFFFFFFul, 0xFFFFFFFFul, 0xFFFFFFFFul,
	0xFFFFFFFFul, 0xFFFFFFFFul, 0xFFFFFFFFul, 0xFFFFFFFFul,
	0xFFFFFFFFul, 0xFFFFFFFFul, 0xFFFFFFFFul, 0xFFFFFFFFul,
	0xFFFFFFFFul, 0xFFFFFFFFul, 0xFFFFFFFFul, 0xFFFFFFFFul,
	0xFFFFFFFFul, 0xFFFFFFFFul, 0xFFFFFFFFul, 0xFFFFFFFFul,
	0xFFFFFFFFul, 0x33B3BEBBul, 0x3B513331ul, 0x3B723351ul,
	0x3B723372ul, 0x2BB43B72ul, 0xFFFFA5FAul, 0xFFFFFFFFul,
	0xFFFFFFFFul, 0xFFFFFFFFul, 0xFFFFFFFFul, 0xEFBFFFFFul,
	0x7CF67CF6ul, 0x7D177D16ul, 0x7D377517ul, 0x7D187D17ul,
	0x7D387D18ul, 0x85387D38ul, 0x85587D38ul, 0x85597D38ul,
	0x85587D58ul, 0x85797D58ul, 0x85798558ul, 0x8D798578ul,
	0x85998579ul, 0x8D998579ul, 0x8D998579ul, 0x85998578ul,
	0x8D9A8579ul, 0x8D798558ul, 0xF7FF8DB9ul, 0xFFFFFFFFul,
	0xFFFFFFFFul, 0xFFFFFFFFul, 0xFFFFFFFFul, 0xFFFFFFFFul,
	0x5C139DD9ul, 0x64756453ul, 0x6CB56494ul, 0x74F76CD5ul,
	0x7D3874F7ul, 0x85597D38ul, 0x85588578ul, 0xFFFFCF7Eul,
	0xFFFFFFFFul, 0xFFFFFFFFul, 0xFFFFFFFFul, 0xFFFFFFFFul,
	0xFFFFFFFFul, 0xFFFFFFFFul, 0xFFFFFFFFul, 0xFFFFFFFFul,
	0xFFFFFFFFul, 0xFFFFFFFFul, 0xFFFFFFFFul, 0xFFFFFFFFul,
	0xFFFFFFFFul, 0xFFFFFFFFul, 0xFFFFFFFFul, 0xFFFFFFFFul,
	0xFFFFFFFFul, 0xFFFFFFFFul, 0xFFFFFFFFul, 0xFFFFFFFFul,
	0xFFFFFFFFul, 0x3BB3EFFFul, 0x33313351ul, 0x33513B51ul,
	0x33713372ul, 0x2B743B72ul, 0xFFFF8537ul, 0xFFFFFFFFul,
	0xFFFFFFFFul, 0xFFFFFFFFul, 0xFFFFFFFFul, 0xFFFFFFFFul,
	0xFFFFFFFFul, 0xFFFFFFFFul, 0xFFFFFFFFul, 0xFFFFFFFFul,
	0xFFFFFFFFul, 0xFFFFFFFFul, 0xFFFFFFFFul, 0xFFFFFFFFul,
	0xFFFFFFFFul, 0xFFFFFFFFul, 0xFFFFFFFFul, 0xFFFFFFFFul,
	0xFFFFFFFFul, 0xFFFFFFFFul, 0xFFFFFFFFul, 0xFFFFFFFFul,
	0xFFFFFFFFul, 0xFFFFFFFFul, 0xFFFFFFFFul, 0xFFFFFFFFul,
	0xFFFFFFFFul, 0xFFFFFFFFul, 0xFFFFFFFFul, 0xFFDEFFFFul,
	0xFFFFFFFFul, 0xFFFFFFFFul, 0xFFFFFFFFul, 0xFFFFFFFFul,
	0xFFFFFFFFul, 0xFFFFFFFFul, 0xFFFFFFFFul, 0xFFFEFFFFul,
	0xFFFFFFFFul, 0xFFFFFFFFul, 0xFFFFFFFFul, 0xFFFFFFFFul,
	0xFFFFFFFFul, 0xFFFFFFFFul, 0xFFFFFFFFul, 0xFFFFFFFFul,
	0xFFFFFFFFul, 0xFFFFFFFFul, 0xFFFFFFFFul, 0xFFFFFFFFul,
	0xFFFFFFFFul, 0xFFFFFFFFul, 0xFFFFFFFFul, 0xFFFFFFFFul,
	0xFFFFFFFFul, 0xFFFFFFFFul, 0xFFFFFFFFul, 0xFFFFFFFFul,
	0xFFFFFFFFul, 0x53F2FFFFul, 0x3B323352ul, 0x3B713352ul,
	0x33923371ul, 0x33933B53ul, 0xFFFF5C54ul, 0xFFFFFFFFul,
	0xFFFFFFFFul, 0xFFFFFFFFul, 0xFFFFFFFFul, 0xFFFFFFFFul,
	0xFFFFFFFFul, 0xFFFFFFFFul, 0xFFFFFFFFul, 0xFFFFFFFFul,
	0xFFFFFFFFul, 0xFFFFFFFFul, 0xFFFFFFFFul, 0xFFFFFFFFul,
	0xFFFFFFFFul, 0xFFFFFFFFul, 0xFFFFFFFFul, 0xFFFFFFFFul,
	0xFFFFFFFFul, 0xFFFFFFFFul, 0xFFFFFFFFul, 0xFFFFFFFFul,
	0xFFFFFFFFul, 0xFFFFFFFFul, 0xFFFFFFFFul, 0xFFFFFFFFul,
	0xFFFFFFFFul, 0xFFFFFFFFul, 0xFFFFFFFFul, 0xFFFFFFFFul,
	0xFFFFFFFFul, 0xFFFFFFFFul, 0xFFFFFFFFul, 0xFFFFFFFFul,
	0xFFFFFFFFul, 0xFFFFFFFFul, 0xFFFFFFFFul, 0xFFFFFFFFul,
	0xFFFFFFFFul, 0xFFFFFFFFul, 0xFFFFFFFFul, 0xFFFFFFFFul,
	0xFFFFFFFFul, 0xFFFFFFFFul, 0xFFFFFFFFul, 0xFFFFFFFFul,
	0xFFFFFFFFul, 0xFFFFFFFFul, 0xFFFFFFFFul, 0xFFFFFFFFul,
	0xFFFFFFFFul, 0xFFFFFFFFul, 0xFFFFFFFFul, 0xFFFFFFFFul,
	0xFFFFFFFFul, 0xFFFFFFFFul, 0xFFFFFFFFul, 0xFFFFFFFFul,
	0xFFFFFFFFul, 0x8D78FFFFul, 0x33312B52ul, 0x33513B52ul,
	0x33713372ul, 0x33923B73ul, 0xF7FF4C14ul, 0xFFFFFFFFul,
	0xFFFFFFFFul, 0xFFFFFFFFul, 0xFFFFFFFFul, 0xFFFFFFFFul,
	0xFFFFFFFFul, 0xFFFFFFFFul, 0xFFFFFFFFul, 0xFFFFFFFFul,
	0xFFFFFFFFul, 0xFFFFFFFFul, 0xFFFFFFFFul, 0xFFFFFFFFul,
	0xFFFFFFFFul, 0xFFFFFFFFul, 0xFFFFFFFFul, 0xFFFFFFFFul,
	0xFFFFFFFFul, 0xFFFFFFFFul, 0xFFFFFFFFul, 0xFFFFFFFFul,
	0xFFFFFFFFul, 0xFFFFFFFFul, 0xFFFFFFFFul, 0xFFFFFFFFul,
	0xFFFFFFFFul, 0xFFFFFFFFul, 0xFFFFFFFFul, 0xFFFFFFFFul,
	0xFFFFFFFFul, 0xFFFFFFFFul, 0xFFFFFFFFul, 0xFFFFFFFFul,
	0xFFFFFFFFul, 0xFFFFFFFFul, 0xFFFFFFFFul, 0xFFFFFFFFul,
	0xFFFFFFFFul, 0xFFFFFFFFul, 0xFFFFFFFFul, 0xFFFFFFFFul,
	0xFFFFFFFFul, 0xFFFFFFFFul, 0xFFFFFFFFul, 0xFFFFFFFFul,
	0xFFFFFFFFul, 0xFFFFFFFFul, 0xFFFFFFFFul, 0xFFFFFFFFul,
	0xFFFFFFFFul, 0xFFFFFFFFul, 0xFFFFFFFFul, 0xFFFFFFFFul,
	0xFFFFFFFFul, 0xFFFFFFFFul, 0xFFFFFFFFul, 0xFFFFFFFFul,
	0xFFFFFFFFul, 0xBEBCFFFFul, 0x33522B32ul, 0x3B723B51ul,
	0x3B923372ul, 0x3B933B72ul, 0xE77E3373ul, 0xFFFFFFFFul,
	0xFFFFFFFFul, 0xFFFFFFFFul, 0xFFFFFFFFul, 0xFFFFFFFFul,
	0xFFFFFFFFul, 0xFFFFFFFFul, 0xFFFFFFFFul, 0xFFFFFFFFul,
	0xFFFFFFFFul, 0xFFFFFFFFul, 0xFFFFFFFFul, 0xFFFFFFFFul,
	0xFFFFFFFFul, 0xFFFFFFFFul, 0xFFFFFFFFul, 0xFFFFFFFFul,
	0xFFFFFFFFul, 0xFFFFFFFFul, 0xFFFFFFFFul, 0xFFFFFFFFul,
	0xFFFFFFFFul, 0xFFFFFFFFul, 0xFFFFFFFFul, 0xFFFFFFFFul,
	0xFFFFFFFFul, 0xFFFFFFFFul, 0xFFFFFFFFul, 0xFFFFFFFFul,
	0xFFFFFFFFul, 0xFFFFFFFFul, 0xFFFFFFFFul, 0xFFFFFFFFul,
	0xFFFFFFFFul, 0xFFFFFFFFul, 0xFFFFFFFFul, 0xFFFFFFFFul,
	0xFFFFFFFFul, 0xFFFFFFFFul, 0xFFFFFFFFul, 0xFFFFFFFFul,
	0xFFFFFFFFul, 0xFFFFFFFFul, 0xFFFFFFFFul, 0xFFFFFFFFul,
	0xFFFFFFFFul, 0xFFFFFFFFul, 0xFFFFFFFFul, 0xFFFFFFFFul,
	0xFFFFFFFFul, 0xFFFFFFFFul, 0xFFFFFFFFul, 0xFFFFFFFFul,
	0xFFFFFFFFul, 0xFFFFFFFFul, 0xFFFFFFFFul, 0xFFFFFFFFul,
	0xFFFFFFFFul, 0xDF7FFFFFul, 0x2B513B93ul, 0x3B523B51ul,
	0x33713B72ul, 0x33923B93ul, 0xBEBC2332ul, 0xFFFFFFFFul,
	0xFFFFFFFFul, 0xFFFFFFFFul, 0xFFFFFFFFul, 0xFFFFFFFFul,
	0xFFFFFFFFul, 0xFFFFFFFFul, 0xFFFFFFFFul, 0xFFFFFFFFul,
	0xFFFFFFFFul, 0xFFFFFFFFul, 0xFFFFFFFFul, 0xFFFFFFFFul,
	0xFFFFFFFFul, 0xFFFFFFFFul, 0xFFFFFFFFul, 0xFFFFFFFFul,
	0xFFFFFFFFul, 0xFFFFFFFFul, 0xFFFFFFFFul, 0xFFFFFFFFul,
	0xFFFFFFFFul, 0xFFFFFFFFul, 0xFFFFFFFFul, 0xFFFFFFFFul,
	0xFFFFFFFFul, 0xFFFFFFFFul, 0xFFFFFFFFul, 0xFFFFFFFFul,
	0xFFFFFFFFul, 0xFFFFFFFFul, 0xFFFFFFFFul, 0xFFFFFFFFul,
	0xFFFFFFFFul, 0xFFFFFFFFul, 0xFFFFFFFFul, 0xFFFFFFFFul,
	0xFFFFFFFFul, 0xFFFFFFFFul, 0xFFFFFFFFul, 0xFFFFFFFFul,
	0xFFFFFFFFul, 0xFFFFFFFFul, 0xFFFFFFFFul, 0xFFFFFFFFul,
	0xFFFFFFFFul, 0xFFFFFFFFul, 0xFFFFFFFFul, 0xFFFFFFFFul,
	0xFFFFFFFFul, 0xFFFFFFFFul, 0xFFFFFFFFul, 0xFFFFFFFFul,
	0xFFFFFFFFul, 0xFFFFFFFFul, 0xFFFFFFFFul, 0xFFFFFFFFul,
	0xFFFFFFFFul, 0xFFFFFFFFul, 0x337243D2ul, 0x3B523B51ul,
	0x3B723B72ul, 0x3B933B92ul, 0x7CD62B52ul, 0xFFFFFFFFul,
	0xFFFFFFFFul, 0xFFFFFFFFul, 0xFFFFFFFFul, 0xFFFFFFFFul,
	0xFFFFFFFFul, 0xFFFFFFFFul, 0xFFFFFFFFul, 0xFFFFFFFFul,
	0xFFFFFFFFul, 0xFFFFFFFFul, 0xFFFFFFFFul, 0xFFFFFFFFul,
	0xFFFFFFFFul, 0xFFFFFFFFul, 0xFFFFFFFFul, 0xFFFFFFFFul,
	0xFFFFFFFFul, 0xFFFFFFFFul, 0xFFFFFFFFul, 0xFFFFFFFFul,
	0xFFFFFFFFul, 0xFFFFFFFFul, 0xFFFFFFFFul, 0xFFFFFFFFul,
	0xFFFFFFFFul, 0xFFFFFFFFul, 0xFFFFFFFFul, 0xFFFFFFFFul,
	0xFFFFFFFFul, 0xFFFFFFFFul, 0xFFFFFFFFul, 0xFFFFFFFFul,
	0xFFFFFFFFul, 0xFFFFFFFFul, 0xFFFFFFFFul, 0xFFFFFFFFul,
	0xFFFFFFFFul, 0xFFFFFFFFul, 0xFFFFFFFFul, 0xFFFFFFFFul,
	0xFFFFFFFFul, 0xFFFFFFFFul, 0xFFFFFFFFul, 0xFFFFFFFFul,
	0xFFFFFFFFul, 0xFFFFFFFFul, 0xFFFFFFFFul, 0xFFFFFFFFul,
	0xFFFFFFFFul, 0xFFFFFFFFul, 0xFFFFFFFFul, 0xFFFFFFFFul,
	0xFFFFFFFFul, 0xFFFFFFFFul, 0xFFFFFFFFul, 0xFFFFFFFFul,
	0xFFFFFFFFul, 0xFFFFFFFFul, 0x2B317CF6ul, 0x33523B51ul,
	0x3B713B72ul, 0x3B933B93ul, 0x3B713393ul, 0xFFFFFFFFul,
	0xFFFFFFFFul, 0xFFFFFFFFul, 0xFFFFFFFFul, 0xFFFFFFFFul,
	0xFFFFFFFFul, 0xFFFFFFFFul, 0xFFFFFFFFul, 0xFFFFFFFFul,
	0xFFFFFFFFul, 0xFFFFFFFFul, 0xFFFFFFFFul, 0xFFFFFFFFul,
	0xFFFFFFFFul, 0xFFFFFFFFul, 0xFFFFFFFFul, 0xFFFFFFFFul,
	0xFFFFFFFFul, 0xFFFFFFFFul, 0xFFFFFFFFul, 0xFFFFFFFFul,
	0xFFFFFFFFul, 0xFFFFFFFFul, 0xFFFFFFFFul, 0xFFFFFFFFul,
	0xFFFFFFFFul, 0xFFFFFFFFul, 0xFFFFFFFFul, 0xFFFFFFFFul,
	0xFFFFFFFFul, 0xFFFFFFFFul, 0xFFFFFFFFul, 0xFFFFFFFFul,
	0xFFFFFFFFul, 0xFFFFFFFFul, 0xFFFFFFFFul, 0xFFFFFFFFul,
	0xFFFFFFFFul, 0xFFFFFFFFul, 0xFFFFFFFFul, 0xFFFFFFFFul,
	0xFFFFFFFFul, 0xFFFFFFFFul, 0xFFFFFFFFul, 0xFFFFFFFFul,
	0xFFFFFFFFul, 0xFFFFFFFFul, 0xFFFFFFFFul, 0xFFFFFFFFul,
	0xFFFFFFFFul, 0xFFFFFFFFul, 0xFFFFFFFFul, 0xFFFFFFFFul,
	0xFFFFFFFFul, 0xFFFFFFFFul, 0xFFFFFFFFul, 0xFFFFFFFFul,
	0xFFFFFFFFul, 0xFFFFFFFFul, 0x22F0BEBBul, 0x3B733352ul,
	0x3B723371ul, 0x3B933373ul, 0x2B103B93ul, 0xFFFFC6DBul,
	0xFFFFFFFFul, 0xFFFFFFFFul, 0xFFFFFFFFul, 0xFFFFFFFFul,
	0xFFFFFFFFul, 0xFFFFFFFFul, 0xFFFFFFFFul, 0xFFFFFFFFul,
	0xFFFFFFFFul, 0xFFFFFFFFul, 0xFFFFFFFFul, 0xFFFFFFFFul,
	0xFFFFFFFFul, 0xFFFFFFFFul, 0xFFFFFFFFul, 0xFFFFFFFFul,
	0xFFFFFFFFul, 0xFFFFFFFFul, 0xFFFFFFFFul, 0xFFFFFFFFul,
	0xFFFFFFFFul, 0xFFFFFFFFul, 0xFFFFFFFFul, 0xFFFFFFFFul,
	0xFFFFFFFFul, 0xFFFFFFFFul, 0xFFFFFFFFul, 0xFFFFFFFFul,
	0xFFFFFFFFul, 0xFFFFFFFFul, 0xFFFFFFFFul, 0xFFFFFFFFul,
	0xFFFFFFFFul, 0xFFFFFFFFul, 0xFFFFFFFFul, 0xFFFFFFFFul,
	0xFFFFFFFFul, 0xFFFFFFFFul, 0xFFFFFFFFul, 0xFFFFFFFFul,
	0xFFFFFFFFul, 0xFFFFFFFFul, 0xFFFFFFFFul, 0xFFFFFFFFul,
	0xFFFFFFFFul, 0xFFFFFFFFul, 0xFFFFFFFFul, 0xFFFFFFFFul,
	0xFFFFFFFFul, 0xFFFFFFFFul, 0xFFFFFFFFul, 0xFFFFFFFFul,
	0xFFFFFFFFul, 0xFFFFFFFFul, 0xFFFFFFFFul, 0xFFFFFFFFul,
	0xFFFFFFFFul, 0xFFFFFFFFul, 0x2B10E75Eul, 0x33723352ul,
	0x3B713B71ul, 0x33933B73ul, 0x23313BB3ul, 0xFFFF6413ul,
	0xFFFFFFFFul, 0xFFFFFFFFul, 0xFFFFFFFFul, 0xFFFFFFFFul,
	0xFFFFFFFFul, 0xFFFFFFFFul, 0xFFFFFFFFul, 0xFFFFFFFFul,
	0xFFFFFFFFul, 0xFFFFFFFFul, 0xFFFFFFFFul, 0xFFFFFFFFul,
	0xFFFFFFFFul, 0xFFFFFFFFul, 0xFFFFFFFFul, 0xFFFFFFFFul,
	0xFFFFFFFFul, 0xFFFFFFFFul, 0xFFFFFFFFul, 0xFFFFFFFFul,
	0xFFFFFFFFul, 0xFFFFFFFFul, 0xFFFFFFFFul, 0xFFFFFFFFul,
	0xFFFFFFFFul, 0xFFFFFFFFul, 0xFFFFFFFFul, 0xFFFFFFFFul,
	0xFFFFFFFFul, 0xFFFFFFFFul, 0xFFFFFFFFul, 0xFFFFFFFFul,
	0xFFFFFFFFul, 0xFFFFFFFFul, 0xFFFFFFFFul, 0xFFFFFFFFul,
	0xFFFFFFFFul, 0xFFFFFFFFul, 0xFFFFFFFFul, 0xFFFFFFFFul,
	0xFFFFFFFFul, 0xFFFFFFFFul, 0xFFFFFFFFul, 0xFFFFFFFFul,
	0xFFFFFFFFul, 0xFFFFFFFFul, 0xFFFFFFFFul, 0xFFFFFFFFul,
	0xFFFFFFFFul, 0xFFFFFFFFul, 0xFFFFFFFFul, 0xFFFFFFFFul,
	0xFFFFFFFFul, 0xFFFFFFFFul, 0xFFFFFFFFul, 0xFFFFFFFFul,
	0xFFFFFFFFul, 0xFFFFFFFFul, 0x4BB2FFFFul, 0x3B723331ul,
	0x3B933372ul, 0x3BB23B72ul, 0x33B43BB3ul, 0xE79F22AFul,
	0xFFFFFFFFul, 0xFFFFFFFFul, 0xFFFFFFFFul, 0xFFFFFFFFul,
	0xFFFFFFFFul, 0xFFFFFFFFul, 0xFFFFFFFFul, 0xFFFFFFFFul,
	0xFFFFFFFFul, 0xFFFFFFFFul, 0xFFFFFFFFul, 0xFFFFFFFFul,
	0xFFFFFFFFul, 0xFFFFFFFFul, 0xFFFFFFFFul, 0xFFFFFFFFul,
	0xFFFFFFFFul, 0xFFFFFFFFul, 0xFFFFFFFFul, 0xFFFFFFFFul,
	0xFFFFFFFFul, 0xFFFFFFFFul, 0xFFFFFFFFul, 0xFFFFFFFFul,
	0xFFFFFFFFul, 0xFFFFFFFFul, 0xFFFFFFFFul, 0xFFFFFFFFul,
	0xFFFFFFFFul, 0xFFFFFFFFul, 0xFFFFFFFFul, 0xFFFFFFFFul,
	0xFFFFFFFFul, 0xFFFFFFFFul, 0xFFFFFFFFul, 0xFFFFFFFFul,
	0xFFFFFFFFul, 0xFFFFFFFFul, 0xFFFFFFFFul, 0xFFFFFFFFul,
	0xFFFFFFFFul, 0xFFFFFFFFul, 0xFFFFFFFFul, 0xFFFFFFFFul,
	0xFFFFFFFFul, 0xFFFFFFFFul, 0xFFFFFFFFul, 0xFFFFFFFFul,
	0xFFFFFFFFul, 0xFFFFFFFFul, 0xFFFFFFFFul, 0xFFFFFFFFul,
	0xFFFFFFFFul, 0xFFFFFFFFul, 0xFFFFFFFFul, 0xFFFFFFFFul,
	0xFFFFFFFFul, 0xFFFFFFFFul, 0x6C73FFFFul, 0x33513310ul,
	0x33723372ul, 0x33923B92ul, 0x3BB33BB3ul, 0x64332B10ul,
	0xFFFFFFFFul, 0xFFFFFFFFul, 0xFFFFFFFFul, 0xFFFFFFFFul,
	0xFFFFFFFFul, 0xFFFFFFFFul, 0xFFFFFFFFul, 0xFFFFFFFFul,
	0xFFFFFFFFul, 0xFFFFFFFFul, 0xFFFFFFFFul, 0xFFFFFFFFul,
	0xFFFFFFFFul, 0xFFFFFFFFul, 0xFFFFFFFFul, 0xFFFFFFFFul,
	0xFFFFFFFFul, 0xFFFFFFFFul, 0xFFFFFFFFul, 0xFFFFFFFFul,
	0xFFFFFFFFul, 0xFFFFFFFFul, 0xFFFFFFFFul, 0xFFFFFFFFul,
	0xFFFFFFFFul, 0xFFFFFFFFul, 0xFFFFFFFFul, 0xFFFFFFFFul,
	0xFFFFFFFFul, 0xFFFFFFFFul, 0xFFFFFFFFul, 0xFFFFFFFFul,
	0xFFFFFFFFul, 0xFFFFFFFFul, 0xFFFFFFFFul, 0xFFFFFFFFul,
	0xFFFFFFFFul, 0xFFFFFFFFul, 0xFFFFFFFFul, 0xFFFFFFFFul,
	0xFFFFFFFFul, 0xFFFFFFFFul, 0xFFFFFFFFul, 0xFFFFFFFFul,
	0xFFFFFFFFul, 0xFFFFFFFFul, 0xFFFFFFFFul, 0xFFFFFFFFul,
	0xFFFFFFFFul, 0xFFFFFFFFul, 0xFFFFFFFFul, 0xFFFFFFFFul,
	0xFFFFFFFFul, 0xFFFFFFFFul, 0xFFFFFFFFul, 0xFFFFFFFFul,
	0xFFFFFFFFul, 0xFFFFFFFFul, 0xBE7BFFFFul, 0x3B721AAEul,
	0x3B933B72ul, 0x3BB33B92ul, 0x3BD33B93ul, 0x1A6E3B92ul,
	0xFFFFCEFCul, 0xFFFFFFFFul, 0xFFFFFFFFul, 0xFFFFFFFFul,
	0xFFFFFFFFul, 0xFFFFFFFFul, 0xFFFFFFFFul, 0xFFFFFFFFul,
	0xFFFFFFFFul, 0xFFFFFFFFul, 0xFFFFFFFFul, 0xFFFFFFFFul,
	0xFFFFFFFFul, 0xFFFFFFFFul, 0xFFFFFFFFul, 0xFFFFFFFFul,
	0xFFFFFFFFul, 0xFFFFFFFFul, 0xFFFFFFFFul, 0xFFFFFFFFul,
	0xFFFFFFFFul, 0xFFFFFFFFul, 0xFFFFFFFFul, 0xFFFFFFFFul,
	0xFFFFFFFFul, 0xFFFFFFFFul, 0xFFFFFFFFul, 0xFFFFFFFFul,
	0xFFFFFFFFul, 0xFFFFFFFFul, 0xFFFFFFFFul, 0xFFFFFFFFul,
	0xFFFFFFFFul, 0xFFFFFFFFul, 0xFFFFFFFFul, 0xFFFFFFFFul,
	0xFFFFFFFFul, 0xFFFFFFFFul, 0xFFFFFFFFul, 0xFFFFFFFFul,
	0xFFFFFFFFul, 0xFFFFFFFFul, 0xFFFFFFFFul, 0xFFFFFFFFul,
	0xFFFFFFFFul, 0xFFFFFFFFul, 0xFFFFFFFFul, 0xFFFFFFFFul,
	0xFFFFFFFFul, 0xFFFFFFFFul, 0xFFFFFFFFul, 0xFFFFFFFFul,
	0xFFFFFFFFul, 0xFFFFFFFFul, 0xFFFFFFFFul, 0xFFFFFFFFul,
	0xFFFFFFFFul, 0xFFFFFFFFul, 0xE77DFFFFul, 0x33521A8Eul,
	0x33723B92ul, 0x3B933B93ul, 0x33923BB3ul, 0x2B313BD3ul,
	0xFFFF1A4Cul, 0xFFFFFFFFul, 0xFFFFFFFFul, 0xFFFFFFFFul,
	0xFFFFFFFFul, 0xFFFFFFFFul, 0xFFFFFFFFul, 0xFFFFFFFFul,
	0xFFFFFFFFul, 0xFFFFFFFFul, 0xFFFFFFFFul, 0xFFFFFFFFul,
	0xFFFFFFFFul, 0xFFFFFFFFul, 0xFFFFFFFFul, 0xFFFFFFFFul,
	0xFFFFFFFFul, 0xFFFFFFFFul, 0xFFFFFFFFul, 0xFFFFFFFFul,
	0xFFFFFFFFul, 0xFFFFFFFFul, 0xFFFFFFFFul, 0xFFFFFFFFul,
	0xFFFFFFFFul, 0xFFFFFFFFul, 0xFFFFFFFFul, 0xFFFFFFFFul,
	0xFFFFFFFFul, 0xFFFFFFFFul, 0xFFFFFFFFul, 0xFFFFFFFFul,
	0xFFFFFFFFul, 0xFFFFFFFFul, 0xFFFFFFFFul, 0xFFFFFFFFul,
	0xFFFFFFFFul, 0xFFFFFFFFul, 0xFFFFFFFFul, 0xFFFFFFFFul,
	0xFFFFFFFFul, 0xFFFFFFFFul, 0xFFFFFFFFul, 0xFFFFFFFFul,
	0xFFFFFFFFul, 0xFFFFFFFFul, 0xFFFFFFFFul, 0xFFFFFFFFul,
	0xFFFFFFFFul, 0xFFFFFFFFul, 0xFFFFFFFFul, 0xFFFFFFFFul,
	0xFFFFFFFFul, 0xFFFFFFFFul, 0xFFFFFFFFul, 0xFFFFFFFFul,
	0xFFFFFFFFul, 0xFFFFFFFFul, 0xFFFFFFFFul, 0x33514351ul,
	0x3B923B72ul, 0x43B33393ul, 0x3BB333B3ul, 0x3BD43BB3ul,
	0x433022CFul, 0xFFFFFFFFul, 0xFFFFFFFFul, 0xFFFFFFFFul,
	0xFFFFFFFFul, 0xFFFFFFFFul, 0xFFFFFFFFul, 0xFFFFFFFFul,
	0xFFFFFFFFul, 0xFFFFFFFFul, 0xFFFFFFFFul, 0xFFFFFFFFul,
	0xFFFFFFFFul, 0xFFFFFFFFul, 0xFFFFFFFFul, 0xFFFFFFFFul,
	0xFFFFFFFFul, 0xFFFFFFFFul, 0xFFFFFFFFul, 0xFFFFFFFFul,
	0xFFFFFFFFul, 0xFFFFFFFFul, 0xFFFFFFFFul, 0xFFFFFFFFul,
	0xFFFFFFFFul, 0xFFFFFFFFul, 0xFFFFFFFFul, 0xFFFFFFFFul,
	0xFFFFFFFFul, 0xFFFFFFFFul, 0xFFFFFFFFul, 0xFFFFFFFFul,
	0xFFFFFFFFul, 0xFFFFFFFFul, 0xFFFFFFFFul, 0xFFFFFFFFul,
	0xFFFFFFFFul, 0xFFFFFFFFul, 0xFFFFFFFFul, 0xFFFFFFFFul,
	0xFFFFFFFFul, 0xFFFFFFFFul, 0xFFFFFFFFul, 0xFFFFFFFFul,
	0xFFFFFFFFul, 0xFFFFFFFFul, 0xFFFFFFFFul, 0xFFFFFFFFul,
	0xFFFFFFFFul, 0xFFFFFFFFul, 0xFFFFFFFFul, 0xFFFFFFFFul,
	0xFFFFFFFFul, 0xFFFFFFFFul, 0xFFFFFFFFul, 0xFFFFFFFFul,
	0xFFFFFFFFul, 0xFFFFFFFFul, 0xFFFFFFFFul, 0x2AF06C33ul,
	0x3B723B72ul, 0x3B923B93ul, 0x33B33BB3ul, 0x3BD33BB3ul,
	0x1A6D33B3ul, 0xFFFF430Eul, 0xFFFFFFFFul, 0xFFFFFFFFul,
	0xFFFFFFFFul, 0xFFFFFFFFul, 0xFFFFFFFFul, 0xFFFFFFFFul,
	0xFFFFFFFFul, 0xFFFFFFFFul, 0xFFFFFFFFul, 0xFFFFFFFFul,
	0xFFFFFFFFul, 0xFFFFFFFFul, 0xFFFFFFFFul, 0xFFFFFFFFul,
	0xFFFFFFFFul, 0xFFFFFFFFul, 0xFFFFFFFFul, 0xFFFFFFFFul,
	0xFFFFFFFFul, 0xFFFFFFFFul, 0xFFFFFFFFul, 0xFFFFFFFFul,
	0xFFFFFFFFul, 0xFFFFFFFFul, 0xFFFFFFFFul, 0xFFFFFFFFul,
	0xFFFFFFFFul, 0xFFFFFFFFul, 0xFFFFFFFFul, 0xFFFFFFFFul,
	0xFFFFFFFFul, 0xFFFFFFFFul, 0xFFFFFFFFul, 0xFFFFFFFFul,
	0xFFFFFFFFul, 0xFFFFFFFFul, 0xFFFFFFFFul, 0xFFFFFFFFul,
	0xFFFFFFFFul, 0xFFFFFFFFul, 0xFFFFFFFFul, 0xFFFFFFFFul,
	0xFFFFFFFFul, 0xFFFFFFFFul, 0xFFFFFFFFul, 0xFFFFFFFFul,
	0xFFFFFFFFul, 0xFFFFFFFFul, 0xFFFFFFFFul, 0xFFFFFFFFul,
	0xFFFFFFFFul, 0xFFFFFFFFul, 0xFFFFFFFFul, 0xFFFFFFFFul,
	0xFFFFFFFFul, 0xFFFFFFFFul, 0xFFFFFFFFul, 0x1A6EADF9ul,
	0x3B923B93ul, 0x3B933B92ul, 0x3BB33BB3ul, 0x3BD433B3ul,
	0x33723BD4ul, 0x2A4C22AEul, 0xFFFFBE3Aul, 0xFFFFFFFFul,
	0xFFFFFFFFul, 0xFFFFFFFFul, 0xFFFFFFFFul, 0xFFFFFFFFul,
	0xFFFFFFFFul, 0xFFFFFFFFul, 0xFFFFFFFFul, 0xFFFFFFFFul,
	0xFFFFFFFFul, 0xFFFFFFFFul, 0xFFFFFFFFul, 0xFFFFFFFFul,
	0xFFFFFFFFul, 0xFFFFFFFFul, 0xFFFFFFFFul, 0xFFFFFFFFul,
	0xFFFFFFFFul, 0xFFFFFFFFul, 0xFFFFFFFFul, 0xFFFFFFFFul,
	0xFFFFFFFFul, 0xFFFFFFFFul, 0xFFFFFFFFul, 0xFFFFFFFFul,
	0xFFFFFFFFul, 0xFFFFFFFFul, 0xFFFFFFFFul, 0xFFFFFFFFul,
	0xFFFFFFFFul, 0xFFFFFFFFul, 0xFFFFFFFFul, 0xFFFFFFFFul,
	0xFFFFFFFFul, 0xFFFFFFFFul, 0xFFFFFFFFul, 0xFFFFFFFFul,
	0xFFFFFFFFul, 0xFFFFFFFFul, 0xFFFFFFFFul, 0xFFFFFFFFul,
	0xFFFFFFFFul, 0xFFFFFFFFul, 0xFFFFFFFFul, 0xFFFFFFFFul,
	0xFFFFFFFFul, 0xFFFFFFFFul, 0xFFFFFFFFul, 0xFFFFFFFFul,
	0xFFFFFFFFul, 0xFFFFFFFFul, 0xFFFFFFFFul, 0xFFFFFFFFul,
	0xFFFFFFFFul, 0xFFFFFFFFul, 0xFFFFFFFFul, 0x09EBEFBFul,
	0x33713B93ul, 0x33923B92ul, 0x3B923B93ul, 0x33B433B4ul,
	0x3BF33BB4ul, 0x1AAF3392ul, 0x32AD1A2Cul, 0xCEDC8D36ul,
	0xFFFFFFFFul, 0xFFFFFFFFul, 0xFFFFFFFFul, 0xFFFFFFFFul,
	0xFFFFFFFFul, 0xFFFFFFFFul, 0xFFFFFFFFul, 0xFFFFFFFFul,
	0xFFFFFFFFul, 0xFFFFFFFFul, 0xFFFFFFFFul, 0xFFFFFFFFul,
	0xFFFFFFFFul, 0xFFFFFFFFul, 0xFFFFFFFFul, 0xFFFFFFFFul,
	0xFFFFFFFFul, 0xFFFFFFFFul, 0xFFFFFFFFul, 0xFFFFFFFFul,
	0xFFFFFFFFul, 0xFFFFFFFFul, 0xFFFFFFFFul, 0xFFFFFFFFul,
	0xFFFFFFFFul, 0xFFFFFFFFul, 0xFFFFFFFFul, 0xFFFFFFFFul,
	0xFFFFFFFFul, 0xFFFFFFFFul, 0xFFFFFFFFul, 0xFFFFFFFFul,
	0xFFFFFFFFul, 0xFFFFFFFFul, 0xFFFFFFFFul, 0xFFFFFFFFul,
	0xFFFFFFFFul, 0xFFFFFFFFul, 0xFFFFFFFFul, 0xFFFFFFFFul,
	0xFFFFFFFFul, 0xFFFFFFFFul, 0xFFFFFFFFul, 0xFFFFFFFFul,
	0xFFFFFFFFul, 0xFFFFFFFFul, 0xFFFFFFFFul, 0xFFFFFFFFul,
	0xFFFFFFFFul, 0xFFFFFFFFul, 0xFFFFFFFFul, 0xFFFFFFFFul,
	0xFFFFFFFFul, 0xFFFFFFFFul, 0xFFFFFFFFul, 0x3B0EFFFFul,
	0x3B933311ul, 0x3BB33B93ul, 0x3BB43BB3ul, 0x3BD43BB3ul,
	0x3BF43BD4ul, 0x43F43BF4ul, 0x228E2AF0ul, 0x1A0C1A6Dul,
	0x11CB09CAul, 0x09EB09CAul, 0x11EB09CBul, 0x09EB09CBul,
	0x09EB09EBul, 0x09CB09CAul, 0x09CA09CAul, 0x09CB09CAul,
	0x11CB09AAul, 0x09CA09AAul, 0x09CA09AAul, 0x09CA09CAul,
	0x09CA09AAul, 0x09CA09AAul, 0x11CB09AAul, 0x09CB09CAul,
	0x11CA09CAul, 0x11EB09CAul, 0x11CB09CAul, 0x11EB09CBul,
	0x11EB09CBul, 0x11EB09CBul, 0x11EB09CBul, 0x11EB11EBul,
	0x120C11EBul, 0x120C11EBul, 0x120C11EBul, 0x120C120Cul,
	0x120C120Bul, 0x122C120Cul, 0x1A2C120Cul, 0x1A2C120Cul,
	0x1A2C120Bul, 0xE77F0169ul, 0xFFFFFFFFul, 0xFFFFFFFFul,
	0xFFFFFFFFul, 0xFFFFFFFFul, 0xFFFFFFFFul, 0xFFFFFFFFul,
	0xFFFFFFFFul, 0xFFFFFFFFul, 0xFFFFFFFFul, 0xFFFFFFFFul,
	0xFFFFFFFFul, 0xFFFFFFFFul, 0xFFFFFFFFul, 0xFFFFFFFFul,
	0xFFFFFFFFul, 0xFFFFFFFFul, 0xFFFFFFFFul, 0xFFFFFFFFul,
	0xFFFFFFFFul, 0xFFFFFFFFul, 0xFFFFFFFFul, 0x7473FFFFul,
	0x3B9322AEul, 0x3B923B93ul, 0x33933BB3ul, 0x33B33BB4ul,
	0x3BD43BD4ul, 0x33F43BF4ul, 0x3BF43C36ul, 0x23103372ul,
	0x22AE22CFul, 0x228E22AFul, 0x22AE2AAFul, 0x22AE22AEul,
	0x22AE22AEul, 0x22AE2ACEul, 0x22AE2AAEul, 0x22AE2AAFul,
	0x22AF2ACFul, 0x22AE2AAFul, 0x22AF2ACFul, 0x22CF2ACFul,
	0x2ACF2ACFul, 0x2ACF2ACFul, 0x2ACF2AF0ul, 0x22EF2AEFul,
	0x2ACF2AEFul, 0x2AEF2AEFul, 0x2AEF2AF0ul, 0x2AEF2AF0ul,
	0x2AEF3310ul, 0x2B0F3310ul, 0x2AF02B10ul, 0x2AEF3310ul,
	0x2B0F3310ul, 0x2B0F3310ul, 0x330F3310ul, 0x330F3310ul,
	0x33303330ul, 0x33103330ul, 0x33303330ul, 0x33303B30ul,
	0x33313351ul, 0x9D7722CFul, 0xFFFFFFFFul, 0xFFFFFFFFul,
	0xFFFFFFFFul, 0xFFFFFFFFul, 0xFFFFFFFFul, 0xFFFFFFFFul,
	0xFFFFFFFFul, 0xFFFFFFFFul, 0xFFFFFFFFul, 0xFFFFFFFFul,
	0xFFFFFFFFul, 0xFFFFFFFFul, 0xFFFFFFFFul, 0xFFFFFFFFul,
	0xFFFFFFFFul, 0xFFFFFFFFul, 0xFFFFFFFFul, 0xFFFFFFFFul,
	0xFFFFFFFFul, 0xFFFFFFFFul, 0xFFFFFFFFul, 0xEF9FFFFFul,
	0x43930189ul, 0x3B933B93ul, 0x3BB33BB3ul, 0x3BD433B3ul,
	0x3BF43BD4ul, 0x3BF53BF4ul, 0x44153BF5ul, 0x4C564415ul,
	0x4C774456ul, 0x4C984477ul, 0x4C984498ul, 0x4CD944B8ul,
	0x54D94CB9ul, 0x5CFA54D9ul, 0x5D1954F9ul, 0x5D1A54F9ul,
	0x653A5D1Aul, 0x6D5A6539ul, 0x6D5A655Aul, 0x757A6D59ul,
	0x757A757Aul, 0x7D9A757Aul, 0x7DBB759Aul, 0x7DBB7D9Aul,
	0x7D9A7D9Aul, 0x7D9A759Aul, 0x757A757Aul, 0x6D7A6D5Aul,
	0x6D5A6D5Aul, 0x653A6539ul, 0x65195D19ul, 0x5D1A5D19ul,
	0x54F954F9ul, 0x54F954D9ul, 0x4CB94CD9ul, 0x4CB94498ul,
	0x44984498ul, 0x44984477ul, 0x44573C77ul, 0x44573C56ul,
	0x4C364415ul, 0x64333392ul, 0xFFFFFFFFul, 0xFFFFFFFFul,
	0xFFFFFFFFul, 0xFFFFFFFFul, 0xFFFFFFFFul, 0xFFFFFFFFul,
	0xFFFFFFFFul, 0xFFFFFFFFul, 0xFFFFFFFFul, 0xFFFFFFFFul,
	0xFFFFFFFFul, 0xFFFFFFFFul, 0xFFFFFFFFul, 0xFFFFFFFFul,
	0xFFFFFFFFul, 0xFFFFFFFFul, 0xFFFFFFFFul, 0xFFFFFFFFul,
	0xFFFFFFFFul, 0xFFFFFFFFul, 0xFFFFFFFFul, 0xFFFFFFFFul,
	0x2B10432Ful, 0x3B923B93ul, 0x33933BB3ul, 0x33B33BD3ul,
	0x3BD43BD4ul, 0x3BD43BD5ul, 0x3BF53BF5ul, 0x3C153C16ul,
	0x34363C36ul, 0x34563C57ul, 0x3C573C57ul, 0x44774477ul,
	0x44774478ul, 0x4C974C97ul, 0x4C984CB8ul, 0x4CB84CB8ul,
	0x54B854D8ul, 0x5CD85CD8ul, 0x5CD85CF8ul, 0x64F864F9ul,
	0x65186519ul, 0x6D196D39ul, 0x6D396D39ul, 0x6D396D39ul,
	0x6D386D39ul, 0x65186D39ul, 0x65186D39ul, 0x5CF86518ul,
	0x5CF864F8ul, 0x54D85CF8ul, 0x54D85CD8ul, 0x4C9754D8ul,
	0x4CB754B8ul, 0x44974CB8ul, 0x44774C98ul, 0x3C774477ul,
	0x34573C77ul, 0x3C373C57ul, 0x3C363C57ul, 0x3C153C36ul,
	0x3BF53C16ul, 0x43913BD3ul, 0xFFFFFFFFul, 0xFFFFFFFFul,
	0xFFFFFFFFul, 0xFFFFFFFFul, 0xFFFFFFFFul, 0xFFFFFFFFul,
	0xFFFFFFFFul, 0xFFFFFFFFul, 0xFFFFFFFFul, 0xFFFFFFFFul,
	0xFFFFFFFFul, 0xFFFFFFFFul, 0xFFFFFFFFul, 0xFFFFFFFFul,
	0xFFFFFFFFul, 0xFFFFFFFFul, 0xFFFFFFFFul, 0xFFFFFFFFul,
	0xFFFFFFFFul, 0xFFFFFFFFul, 0xFFFFFFFFul, 0xFFFFFFFFul,
	0x1A6DB619ul, 0x3B933B92ul, 0x3BB33BB3ul, 0x3BD43BB3ul,
	0x3BD53BD4ul, 0x3BF53BD4ul, 0x3C363415ul, 0x3C363C15ul,
	0x44373C36ul, 0x44574437ul, 0x3C583C57ul, 0x44783C77ul,
	0x4C984477ul, 0x4C984C98ul, 0x54B84CB8ul, 0x54B84CB8ul,
	0x5CD854D8ul, 0x64F85CD8ul, 0x64F95CF8ul, 0x651964F9ul,
	0x6D196519ul, 0x6D396539ul, 0x75596D39ul, 0x755A6D39ul,
	0x6D396D39ul, 0x6D396D39ul, 0x65196539ul, 0x65196518ul,
	0x651964F8ul, 0x5CF95CF8ul, 0x5CD954D8ul, 0x54B854B8ul,
	0x54B84CB7ul, 0x4CB84CB7ul, 0x44984498ul, 0x44784478ul,
	0x44783C77ul, 0x44573C57ul, 0x44363C36ul, 0x3C163C36ul,
	0x3BF63C16ul, 0x33103BF4ul, 0xFFFFE77Eul, 0xFFFFFFFFul,
	0xFFFFFFFFul, 0xFFFFFFFFul, 0xFFFFFFFFul, 0xFFFFFFFFul,
	0xFFFFFFFFul, 0xFFFFFFFFul, 0xFFFFFFFFul, 0xFFFFFFFFul,
	0xFFFFFFFFul, 0xFFFFFFFFul, 0xFFFFFFFFul, 0xFFFFFFFFul,
	0xFFFFFFFFul, 0xFFFFFFFFul, 0xFFFFFFFFul, 0xFFFFFFFFul,
	0xFFFFFFFFul, 0xFFFFFFFFul, 0xFFFFFFFFul, 0xFFFFFFFFul,
	0x2AADFFFFul, 0x3B923B51ul, 0x33933BB3ul, 0x33B33BD3ul,
	0x3BB43BD4ul, 0x33D43BF5ul, 0x3BF43BF4ul, 0x3C154415ul,
	0x3C163C36ul, 0x34573C57ul, 0x3C573C57ul, 0x3C574478ul,
	0x44974477ul, 0x4C974C98ul, 0x4C984C98ul, 0x4C9854B8ul,
	0x54B85CD8ul, 0x5CD85CD9ul, 0x5CF864F8ul, 0x5D186519ul,
	0x65186519ul, 0x65386D39ul, 0x6D386D59ul, 0x6D587559ul,
	0x6D386D59ul, 0x65386D59ul, 0x65186D39ul, 0x5CF86519ul,
	0x5CF864F9ul, 0x54D85CF9ul, 0x54B854D9ul, 0x4CB754D8ul,
	0x4C9754B8ul, 0x44974CB8ul, 0x44774497ul, 0x3C574477ul,
	0x3C374477ul, 0x3C364457ul, 0x3C164437ul, 0x3BF54416ul,
	0x33F53C15ul, 0x33713BF5ul, 0xFFFFB65Aul, 0xFFFFFFFFul,
	0xFFFFFFFFul, 0xFFFFFFFFul, 0xFFFFFFFFul, 0xFFFFFFFFul,
	0xFFFFFFFFul, 0xFFFFFFFFul, 0xFFFFFFFFul, 0xFFFFFFFFul,
	0xFFFFFFFFul, 0xFFFFFFFFul, 0xFFFFFFFFul, 0xFFFFFFFFul,
	0xFFFFFFFFul, 0xFFFFFFFFul, 0xFFFFFFFFul, 0xFFFFFFFFul,
	0xFFFFFFFFul, 0xFFFFFFFFul, 0xFFFFFFFFul, 0xFFFFFFFFul,
	0xCEDCFFFFul, 0x3BB322ADul, 0x3BB33BB3ul, 0x3BD43BB3ul,
	0x3BD53BD4ul, 0x3BF53BD4ul, 0x44163BF5ul, 0x44363BF5ul,
	0x44363C36ul, 0x44573C56ul, 0x3C573C57ul, 0x44783C77ul,
	0x44984478ul, 0x4C984498ul, 0x54D84CB8ul, 0x54D84CB7ul,
	0x5CD854D8ul, 0x5CF854F7ul, 0x64F85D18ul, 0x651964F8ul,
	0x6D196518ul, 0x75396D19ul, 0x75597539ul, 0x757A6D59ul,
	0x75596D59ul, 0x6D596D39ul, 0x65196519ul, 0x6D186518ul,
	0x64F864F8ul, 0x64F85CF8ul, 0x5CD85CD8ul, 0x54D854D7ul,
	0x54B84CB8ul, 0x4CB94C98ul, 0x44984498ul, 0x44784477ul,
	0x3C573C78ul, 0x44573C57ul, 0x3C373C37ul, 0x3C363C36ul,
	0x3C153BF5ul, 0x43F433F5ul, 0xFFFF7CD5ul, 0xFFFFFFFFul,
	0xFFFFFFFFul, 0xFFFFFFFFul, 0xFFFFFFFFul, 0xFFFFFFFFul,
	0xFFFFFFFFul, 0xFFFFFFFFul, 0xFFFFFFFFul, 0xFFFFFFFFul,
	0xFFFFFFFFul, 0xFFFFFFFFul, 0xFFFFFFFFul, 0xFFFFFFFFul,
	0xFFFFFFFFul, 0xFFFFFFFFul, 0xFFFFFFFFul, 0xFFFFFFFFul,
	0xFFFFFFFFul, 0xFFFFFFFFul, 0xFFFFFFFFul, 0xFFFFFFFFul,
	0xFFFFFFFFul, 0x2B316C74ul, 0x33B33BB3ul, 0x33B33BD3ul,
	0x33D43BD4ul, 0x3BD43BF5ul, 0x33F53BF5ul, 0x3C163C16ul,
	0x3C363C36ul, 0x3C373C37ul, 0x3C574457ul, 0x3C574478ul,
	0x44974477ul, 0x4C974C98ul, 0x4C974CB8ul, 0x54B854B8ul,
	0x54B854B9ul, 0x5CD85CD9ul, 0x5CF864F9ul, 0x5CF86518ul,
	0x65186519ul, 0x6D396D39ul, 0x6D386D39ul, 0x6D597559ul,
	0x6D387559ul, 0x65396D39ul, 0x65186D39ul, 0x5CF86519ul,
	0x5CF86519ul, 0x54D85CF9ul, 0x54D854D8ul, 0x4CB754D8ul,
	0x4C9754B8ul, 0x4C974C98ul, 0x44774C98ul, 0x44574477ul,
	0x3C574478ul, 0x3C363C57ul, 0x3C163C57ul, 0x3C153C36ul,
	0x341443F5ul, 0x43D43BF6ul, 0xFFFF6475ul, 0xFFFFFFFFul,
	0xFFFFFFFFul, 0xFFFFFFFFul, 0xFFFFFFFFul, 0xFFFFFFFFul,
	0xFFFFFFFFul, 0xFFFFFFFFul, 0xFFFFFFFFul, 0xFFFFFFFFul,
	0xFFFFFFFFul, 0xFFFFFFFFul, 0xFFFFFFFFul, 0xFFFFFFFFul,
	0xFFFFFFFFul, 0xFFFFFFFFul, 0xFFFFFFFFul, 0xFFFFFFFFul,
	0xFFFFFFFFul, 0xFFFFFFFFul, 0xFFFFFFFFul, 0xFFFFFFFFul,
	0xFFFFFFFFul, 0x4370FFFFul, 0x43934392ul, 0x3BD43BB4ul,
	0x3BD53BD4ul, 0x3BF533D5ul, 0x44153BF5ul, 0x44363BF5ul,
	0x44573C36ul, 0x44573C36ul, 0x3C783C57ul, 0x44783C77ul,
	0x4C984477ul, 0x4CB84C97ul, 0x54B84CB8ul, 0x54B854B8ul,
	0x5CD854D8ul, 0x64F95CD8ul, 0x64F95CF8ul, 0x651964F9ul,
	0x6D196519ul, 0x6D396D19ul, 0x75396D39ul, 0x75597559ul,
	0x75596D39ul, 0x6D596D39ul, 0x6D396539ul, 0x65196518ul,
	0x65185CF8ul, 0x5CF85CF8ul, 0x5CD854D8ul, 0x54D854D8ul,
	0x54D84CB7ul, 0x4CB84C97ul, 0x4C984C98ul, 0x44784478ul,
	0x3C773C77ul, 0x44573C57ul, 0x44373C36ul, 0x3C163C16ul,
	0x3C153BF5ul, 0x43F63BF5ul, 0xE75E5414ul, 0xFFFFFFFFul,
	0xFFFFFFFFul, 0xFFFFFFFFul, 0xFFFFFFFFul, 0xFFFFFFFFul,
	0xFFFFFFFFul, 0xFFFFFFFFul, 0xFFFFFFFFul, 0xFFFFFFFFul,
	0xFFFFFFFFul, 0xFFFFFFFFul, 0xFFFFFFFFul, 0xFFFFFFFFul,
	0xFFFFFFFFul, 0xFFFFFFFFul, 0xFFFFFFFFul, 0xFFFFFFFFul,
	0xFFFFFFFFul, 0xFFFFFFFFul, 0xFFFFFFFFul, 0xFFFFFFFFul,
	0xFFFFFFFFul, 0xEFBFFFFFul, 0x43D34350ul, 0x33B33BD4ul,
	0x43D33BD3ul, 0x3BD443D4ul, 0x3BF53C15ul, 0x3C163C15ul,
	0x3C363C36ul, 0x3C373C37ul, 0x3C573C57ul, 0x3C773C78ul,
	0x44774478ul, 0x44974C98ul, 0x4CB84C98ul, 0x4CB854B8ul,
	0x54D854D8ul, 0x54D85CD8ul, 0x5CF85CF9ul, 0x5D186518ul,
	0x65186518ul, 0x65386539ul, 0x6D386D59ul, 0x6D396D59ul,
	0x6D396D59ul, 0x65186D39ul, 0x65186539ul, 0x5D186519ul,
	0x5CF86518ul, 0x54F85CF9ul, 0x54D854D8ul, 0x4CB754B8ul,
	0x4CB854D8ul, 0x44974C98ul, 0x44784498ul, 0x3C774478ul,
	0x3C573C77ul, 0x3C563C77ul, 0x3C363C57ul, 0x34153C36ul,
	0x3C154416ul, 0x33D43BF5ul, 0xBEDC4C35ul, 0xFFFFFFFFul,
	0xFFFFFFFFul, 0xFFFFFFFFul, 0xFFFFFFFFul, 0xFFFFFFFFul,
	0xFFFFFFFFul, 0xFFFFFFFFul, 0xFFFFFFFFul, 0xFFFFFFFFul,
	0xFFFFFFFFul, 0xFFFFFFFFul, 0xFFFFFFFFul, 0xFFFFFFFFul,
	0xFFFFFFFFul, 0xFFFFFFFFul, 0xFFFFFFFFul, 0xFFFFFFFFul,
	0xFFFFFFFFul, 0xFFFFFFFFul, 0xFFFFFFFFul, 0xFFFFFFFFul,
	0xFFFFFFFFul, 0xFFFFFFFFul, 0x4BB2E79Ful, 0x441543F4ul,
	0x33D333B3ul, 0x3BD533D4ul, 0x44153BD5ul, 0x44163BF5ul,
	0x44373C16ul, 0x44373C36ul, 0x44573C37ul, 0x44783C57ul,
	0x4C784477ul, 0x54984C78ul, 0x54B84C98ul, 0x5CD95498ul,
	0x5CD954B8ul, 0x64F95CD8ul, 0x64F964F9ul, 0x651964F8ul,
	0x6D396519ul, 0x6D396539ul, 0x75596D39ul, 0x75596D38ul,
	0x75596D38ul, 0x6D596D38ul, 0x6D196D18ul, 0x651964F8ul,
	0x64F964F9ul, 0x5CD95CF9ul, 0x5CD95CD8ul, 0x54B854B8ul,
	0x54B85498ul, 0x54984C98ul, 0x4C784C78ul, 0x44784457ul,
	0x44573C57ul, 0x44373C57ul, 0x3C163C16ul, 0x44163C16ul,
	0x3BF53BD5ul, 0x3BD53BD4ul, 0x95B94C55ul, 0xFFFFFFFFul,
	0xFFFFFFFFul, 0xFFFFFFFFul, 0xFFFFFFFFul, 0xFFFFFFFFul,
	0xFFFFFFFFul, 0xFFFFFFFFul, 0xFFFFFFFFul, 0xFFFFFFFFul,
	0xFFFFFFFFul, 0xFFFFFFFFul, 0xFFFFFFFFul, 0xFFFFFFFFul,
	0xFFFFFFFFul, 0xFFFFFFFFul, 0xFFFFFFFFul, 0xFFFFFFFFul,
	0xFFFFFFFFul, 0xFFFFFFFFul, 0xFFFFFFFFul, 0xFFFFFFFFul,
	0xFFFFFFFFul, 0xFFFFFFFFul, 0xFFFFFFFFul, 0x43B27CB5ul,
	0x54155456ul, 0x44354C16ul, 0x44354C35ul, 0x44554C55ul,
	0x44554C56ul, 0x44554C76ul, 0x44754C76ul, 0x44764C96ul,
	0x4C964C96ul, 0x4C964C96ul, 0x549654B7ul, 0x54B654B7ul,
	0x54B654B7ul, 0x5CD75CD7ul, 0x5CD75CD7ul, 0x5CD75CF8ul,
	0x5CF764F8ul, 0x5CF764F8ul, 0x64F76518ul, 0x64F86518ul,
	0x64F86518ul, 0x64F86518ul, 0x64F864F8ul, 0x5CF764F8ul,
	0x5CD764F8ul, 0x5CD75CF8ul, 0x5CD75CD7ul, 0x54D75CF8ul,
	0x54B75CD8ul, 0x54B75CD7ul, 0x54B754B7ul, 0x4CB754B7ul,
	0x4C9654B7ul, 0x4CB654B7ul, 0x4C9654B7ul, 0x4C964C96ul,
	0x4C955497ul, 0x4C555476ul, 0x7CF65CB6ul, 0xFFFFFFFFul,
	0xFFFFFFFFul, 0xFFFFFFFFul, 0xFFFFFFFFul, 0xFFFFFFFFul,
	0xFFFFFFFFul, 0xFFFFFFFFul, 0xFFFFFFFFul, 0xFFFFFFFFul,
	0xFFFFFFFFul, 0xFFFFFFFFul, 0xFFFFFFFFul, 0xFFFFFFFFul,
	0xFFFFFFFFul, 0xFFFFFFFFul, 0xFFFFFFFFul, 0xFFFFFFFFul,
	0xFFFFFFFFul, 0xFFFFFFFFul, 0xFFFFFFFFul, 0xFFFFFFFFul,
	0xFFFFFFFFul, 0xFFFFFFFFul, 0xFFFFFFFFul, 0xDF5EFFFFul,
	0x4C137CF6ul, 0x4C144413ul, 0x54344C14ul, 0x54344C34ul,
	0x4C354C34ul, 0x54554C34ul, 0x54354C34ul, 0x54354C34ul,
	0x54554C34ul, 0x54555454ul, 0x54554C54ul, 0x54554C54ul,
	0x54554C54ul, 0x54555454ul, 0x54755454ul, 0x54565455ul,
	0x54755455ul, 0x54755455ul, 0x5C765455ul, 0x5C765475ul,
	0x5C765475ul, 0x5C765C76ul, 0x5C975C76ul, 0x5C965C75ul,
	0x5CB65C95ul, 0x5CB65C96ul, 0x5CB65CB6ul, 0x64B75CB6ul,
	0x64B75CB6ul, 0x64D75CB6ul, 0x64D75CB7ul, 0x64D75CD7ul,
	0x64D864D7ul, 0x64F764D7ul, 0x6CF864D7ul, 0x6CF864F7ul,
	0x651864F8ul, 0x6D186CF7ul, 0x7D1764D7ul, 0xFFFFFFFFul,
	0xFFFFFFFFul, 0xFFFFFFFFul, 0xFFFFFFFFul, 0xFFFFFFFFul,
	0xFFFFFFFFul, 0xFFFFFFFFul, 0xFFFFFFFFul, 0xFFFFFFFFul,
	0xFFFFFFFFul, 0xFFFFFFFFul, 0xFFFFFFFFul, 0xFFFFFFFFul,
	0xFFFFFFFFul, 0xFFFFFFFFul, 0xFFFFFFFFul, 0xFFFFFFFFul,
	0xFFFFFFFFul, 0xFFFFFFFFul, 0xFFFFFFFFul, 0xFFFFFFFFul,
	0xFFFFFFFFul, 0xFFFFFFFFul, 0xFFFFFFFFul, 0xFFFFFFFFul,
	0xFFFFFFFFul, 0xE77EF7BFul, 0xE77EE77Eul, 0xE77EEF9Ful,
	0xE77EE79Eul, 0xE77EEF9Ful, 0xE77EEF9Ful, 0xE77EEF9Ful,
	0xE79EEF9Ful, 0xE79EEF9Ful, 0xE77EEF9Ful, 0xE79EEF9Ful,
	0xE79EEF9Ful, 0xE79EEF9Ful, 0xE79EEF9Ful, 0xE79EEF9Ful,
	0xE79EEF9Ful, 0xE79EEF9Ful, 0xE79EEFBFul, 0xE79EEF9Ful,
	0xE79EEF9Ful, 0xE79EEF9Ful, 0xE79EEF9Ful, 0xE79EEFBFul,
	0xE79FEF9Ful, 0xE79FEF9Ful, 0xE79FEFBFul, 0xE79FEFBFul,
	0xEF9FEFBFul, 0xE79FEFBFul, 0xEF9FEFBFul, 0xE79FEFBFul,
	0xEF9FEFBFul, 0xE79FEFBFul, 0xE79FEF9Ful, 0xE79EEF9Ful,
	0xE79FEF9Ful, 0xE79EEF9Ful, 0xF7FFE79Ful, 0xFFDEFFFFul,
	0xFFFFFFFFul, 0xFFFFFFFFul, 0xFFFFFFFFul, 0xFFFFFFFFul,
	0xFFFFFFFFul, 0xFFFFFFFFul, 0xFFFFFFFFul, 0xFFFFFFFFul,
	0xFFFFFFFFul, 0xFFFFFFFFul, 0xFFFFFFFFul, 0xFFFFFFFFul,
	0xFFFFFFFFul, 0xFFFFFFFFul, 0xFFFFFFFFul, 0xFFFFFFFFul,
	0xFFFFFFFFul, 0xFFFFFFFFul, 0xFFFFFFFFul, 0xFFFFFFFFul,
	0xFFFFFFFFul, 0xFFFFFFFFul, 0xFFFFFFFFul, 0xFFFFFFFFul,
	0xFFFFFFFFul, 0xFFFFFFFFul, 0xFFFFFFFFul, 0xFFFFFFFFul,
	0xFFFFFFFFul, 0xFFFFFFFFul, 0xFFFFFFFFul, 0xFFFFFFFFul,
	0xFFFFFFFFul, 0xFFFFFFFFul, 0xFFFFFFFFul, 0xFFFFFFFFul,
	0xFFFFFFFFul, 0xFFFFFFFFul, 0xFFFFFFFFul, 0xFFFFFFFFul,
	0xFFFFFFFFul, 0xFFFFFFFFul, 0xFFFFFFFFul, 0xFFFFFFFFul,
	0xFFFFFFFFul, 0xFFFFFFFFul, 0xFFFFFFFFul, 0xFFFFFFFFul,
	0xFFFFFFFFul, 0xFFFFFFFFul, 0xFFFFFFFFul, 0xFFFFFFFFul,
	0xFFFFFFFFul, 0xFFFFFFFFul, 0xFFFFFFFFul, 0xFFFFFFFFul,
	0xFFFFFFFFul, 0xFFFFFFFFul, 0xFFFFFFFFul, 0xFFFFFFFFul,
	0xFFFFFFFFul, 0xFFFFFFFFul, 0xFFFFFFFFul, 0xFFFFFFFFul,
	0xFFFFFFFFul, 0xFFFFFFFFul, 0xFFFFFFFFul, 0xFFFFFFFFul,
	0xFFFFFFFFul, 0xFFFFFFFFul, 0xFFFFFFFFul, 0xFFFFFFFFul,
	0xFFFFFFFFul, 0xFFFFFFFFul, 0xFFFFFFFFul, 0xFFFFFFFFul,
	0xFFFFFFFFul, 0xFFFFFFFFul, 0xFFFFFFFFul, 0xFFFFFFFFul,
	0xFFFFFFFFul, 0xFFFFFFFFul, 0xFFFFFFFFul, 0xFFFFFFFFul,
	0xFFFFFFFFul, 0xFFFFFFFFul, 0xFFFFFFFFul, 0xFFFFFFFFul,
	0xFFFFFFFFul, 0xFFFFFFFFul, 0xFFFFFFFFul, 0xFFFFFFFFul,
	0xFFFFFFFFul, 0xFFFFFFFFul, 0xFFFFFFFFul, 0xFFFFFFFFul,
	0xFFFFFFFFul, 0xFFFFFFFFul, 0xFFFFFFFFul, 0xFFFFFFFFul,
	0xFFFFFFFFul, 0xFFFFFFFFul, 0xFFFFFFFFul, 0xFFFFFFFFul,
	0xFFFFFFFFul, 0xFFFFFFFFul, 0xFFFFFFFFul, 0xFFFFFFFFul,
	0xFFFFFFFFul, 0xFFFFFFFFul, 0xFFFFFFFFul, 0xFFFFFFFFul,
	0xFFFFFFFFul, 0xFFFFFFFFul, 0xFFFFFFFFul, 0xFFFFFFFFul,
	0xFFFFFFFFul, 0xFFFFFFFFul, 0xFFFFFFFFul, 0xFFFFFFFFul,
	0xFFFFFFFFul, 0xFFFFFFFFul, 0xFFFFFFFFul, 0xFFFFFFFFul,
	0xFFFFFFFFul, 0xFFFFFFFFul, 0xFFDFFFFFul, 0xFFFFFFFFul,
	0xFFFFFFFFul, 0xFFFFFFFFul, 0xFFFFFFFFul, 0xFFFFFFFFul,
	0xFFFFFFFFul, 0xFFFFFFFFul, 0xFFFFFFFFul, 0xFFFFFFFFul,
	0xFFFFFFFFul, 0xFFFFFFFFul, 0xFFFFFFFFul, 0xFFFFFFFFul,
	0xFFFFFFFFul, 0xFFFFFFFFul, 0xFFFFFFFFul, 0xFFFFFFFFul,
	0xFFFFFFFFul, 0xFFFFFFFFul, 0xFFFFFFFFul, 0xFFFFFFFFul,
	0xFFFFFFFFul, 0xFFFFFFFFul, 0xFFFFFFFFul, 0xFFFFFFFFul,
	0xFFFFFFFFul, 0xFFFFFFFFul, 0xFFFFFFFFul, 0xFFFFFFFFul,
	0xFFFFFFFFul, 0xFFFFFFFFul, 0xFFFFFFFFul, 0xFFFFFFFFul,
	0xFFFFFFFFul, 0xFFFFFFFFul, 0xFFFFFFFFul, 0xFFFFFFFFul,
	0xFFFFFFFFul, 0xFFFFFFFFul, 0xFFFFFFFFul, 0xFFFFFFFFul,
	0xFFFFFFFFul, 0xFFFFFFFFul, 0xFFFFFFFFul, 0xFFFFFFFFul,
	0xFFFFFFFFul, 0xFFFFFFFFul, 0xFFFFFFFFul, 0xFFFFFFFFul,
	0xFFFFFFFFul, 0xFFFFFFFFul, 0xFFFFFFFFul, 0xFFFFFFFFul,
	0xFFFFFFFFul, 0xFFFFFFFFul, 0xFFFFFFFFul, 0xFFFFFFFFul,
	0xFFFFFFFFul, 0xFFFFFFFFul, 0xFFFFFFFFul, 0xFFFFFFFFul,
	0xFFFFFFFFul, 0xFFFFFFFFul, 0xFFFFFFFFul, 0xFFFFFFFFul,
	0xFFFFFFFFul, 0xFFFFFFFFul, 0xFFFFFFFFul, 0xFFFFFFFFul,
	0xFFFFFFFFul, 0xFFFFFFFFul, 0xFFFFFFFFul, 0xFFFFFFFFul,
	0xFFFFFFFFul, 0xFFFFFFFFul, 0xFFFFFFFFul, 0xFFFFFFFFul,
	0xFFFFFFFFul, 0xFFFFFFFFul, 0xFFFFFFFFul, 0xFFFFFFFFul,
	0xFFFFFFFFul, 0xFFFFFFFFul, 0xFFFFFFFFul, 0xFFFFFFFFul,
	0xFFFFFFFFul, 0xFFFFFFFFul, 0xFFFFFFFFul, 0xFFFFFFFFul,
	0xFFFFFFFFul, 0xFFFFFFFFul, 0xFFFFFFFFul, 0xFFFFFFFFul,
	0xFFFFFFFFul, 0xFFFFFFFFul, 0xFFFFFFFFul, 0xFFFFFFFFul,
	0xFFFFFFFFul, 0xFFFFFFFFul, 0xFFFFFFFFul, 0xFFFFFFFFul,
	0xFFFFFFFFul, 0xFFFFFFFFul, 0xFFFFFFFFul, 0xFFFFFFFFul,
	0xFFFFFFFFul, 0xFFFFFFFFul, 0xFFFFFFFFul, 0xFFFFFFFFul,
	0xFFFFFFFFul, 0xFFFFFFFFul, 0xFFFFFFFFul, 0xFFFFFFFFul,
	0xFFFFFFFFul, 0xFFFFFFFFul, 0xFFFFFFFFul, 0xFFFFFFFFul,
	0xFFFFFFFFul, 0xFFFFFFFFul, 0xFFFFFFFFul, 0xFFFFFFFFul,
	0xFFFFFFFFul, 0xFFFFFFFFul, 0xFFFFFFFFul, 0xFFFFFFFFul,
	0xFFFFFFFFul, 0xFFFFFFFFul, 0xFFFFFFFFul, 0xFFFFFFFFul,
	0xFFFFFFFFul, 0xFFFFFFFFul, 0xFFFFFFFFul, 0xFFFFFFFFul,
	0xFFFFFFFFul, 0xFFFFFFFFul, 0xFFFFFFFFul, 0xFFFFFFFFul,
	0xFFFFFFFFul, 0xFFFFFFFFul, 0xFFFFFFFFul, 0xFFFFFFFFul,
	0xFFFFFFFFul, 0xFFFFFFFFul, 0xFFFFFFFFul, 0xFFFFFFFFul,
	0xFFFFFFFFul, 0xFFFFFFFFul, 0xFFFFFFFFul, 0xFFFFFFFFul,
	0xFFFFFFFFul, 0xFFFFFFFFul, 0xFFFFFFFFul, 0xFFFFFFFFul,
	0xFFFFFFFFul, 0xFFFFFFFFul, 0xFFFFFFFFul, 0xFFFFFFFFul,
	0xFFFFFFFFul, 0xFFFFFFFFul, 0xFFFFFFFFul, 0xFFFFFFFFul,
	0xFFFFFFFFul, 0xFFFFFFFFul, 0xFFFFFFFFul, 0xFFFFFFFFul,
	0xFFFFFFFFul, 0xFFFFFFFFul, 0xFFFFFFFFul, 0xFFFFFFFFul,
	0xFFFFFFFFul, 0xFFFFFFFFul, 0xFFFFFFFFul, 0xFFFFFFFFul,
	0xFFFFFFFFul, 0xFFFFFFFFul, 0xFFFFFFFFul, 0xFFFFFFFFul,
	0xFFFFFFFFul, 0xFFFFFFFFul, 0xFFFFFFFFul, 0xFFFFFFFFul,
	0xFFFFFFFFul, 0xFFFFFFFFul, 0xFFFFFFFFul, 0xFFFFFFFFul,
	0xFFFFFFFFul, 0xFFFFFFFFul, 0xFFFFFFFFul, 0xFFFFFFFFul,
	0xFFFFFFFFul, 0xFFFFFFFFul, 0xFFFFFFFFul, 0xFFFFFFFFul,
	0xFFFFFFFFul, 0xFFFFFFFFul, 0xFFFFFFFFul, 0xFFFFFFFFul,
	0xFFFFFFFFul, 0xFFFFFFFFul, 0xFFFFFFFFul, 0xFFFFFFFFul,
	0xFFFFFFFFul, 0xFFFFFFFFul, 0xFFFFFFFFul, 0xFFFFFFFFul,
	0xFFFFFFFFul, 0xFFFFFFFFul, 0xFFFFFFFFul, 0xFFFFFFFFul,
	0xFFFFFFFFul, 0xFFFFFFFFul, 0xFFFFFFFFul, 0xFFFFFFFFul,
	0xFFFFFFFFul, 0xFFFFFFFFul, 0xFFFFFFFFul, 0xFFFFFFFFul,
	0xFFFFFFFFul, 0xFFFFFFFFul, 0xFFFFFFFFul, 0xFFFFFFFFul,
	0xFFFFFFFFul, 0xFFFFFFFFul, 0xFFFFFFFFul, 0xFFFFFFFFul,
	0xFFFFFFFFul, 0xFFFFFFFFul, 0xFFFFFFFFul, 0xFFFFFFFFul,
	0xFFFFFFFFul, 0xFFFFFFFFul, 0xFFFFFFFFul, 0xFFFFFFFFul,
	0xFFFFFFFFul, 0xFFFFFFFFul, 0xFFFFFFFFul, 0xFFFFFFFFul,
	0xFFFFFFFFul, 0xFFFFFFFFul, 0xFFFFFFFFul, 0xFFFFFFFFul,
	0xFFFFFFFFul, 0xFFFFFFFFul, 0xFFFFFFFFul, 0xFFFFFFFFul,
	0xFFFFFFFFul, 0xFFFFFFFFul, 0xFFFFFFFFul, 0xFFFFFFFFul,
	0xFFFFFFFFul, 0xFFFFFFFFul, 0xFFFFFFFFul, 0xFFFFFFFFul,
	0xFFFFFFFFul, 0xFFFFFFFFul, 0xFFFFFFFFul, 0xFFFFFFFFul,
	0xFFFFFFFFul, 0xFFFFFFFFul, 0xFFFFFFFFul, 0xFFFFFFFFul,
	0xFFFFFFFFul, 0xFFFFFFFFul, 0xFFFFFFFFul, 0xFFFFFFFFul,
	0xFFFFFFFFul, 0xFFFFFFFFul, 0xFFFFFFFFul, 0xFFFFFFFFul,
	0xFFFFFFFFul, 0xFFFFFFFFul, 0xFFFFFFFFul, 0xFFFFFFFFul,
	0xFFFFFFFFul, 0xFFFFFFFFul, 0xFFFFFFFFul, 0xFFFFFFFFul,
	0xFFFFFFFFul, 0xFFFFFFFFul, 0xFFFFFFFFul, 0xFFFFFFFFul,
	0xFFFFFFFFul, 0xFFFFFFFFul, 0xFFFFFFFFul, 0xFFFFFFFFul,
	0xFFFFFFFFul, 0xFFFFFFFFul, 0xFFFFFFFFul, 0xFFFFFFFFul,
	0xFFFFFFFFul, 0xFFFFFFFFul, 0xFFFFFFFFul, 0xFFFFFFFFul,
	0xFFFFFFFFul, 0xFFFFFFFFul, 0xFFFFFFFFul, 0xFFFFFFFFul,
	0xFFFFFFFFul, 0xFFFFFFFFul, 0xFFFFFFFFul, 0xFFFFFFFFul,
	0xFFFFFFFFul, 0xFFFFFFFFul, 0xFFFFFFFFul, 0xFFFFFFFFul,
	0xFFFFFFFFul, 0xFFFFFFFFul, 0xFFFFFFFFul, 0xFFFFFFFFul,
	0xFFFFFFFFul, 0xFFFFFFFFul, 0xFFFFFFFFul, 0xFFFFFFFFul,
	0xFFFFFFFFul, 0xFFFFFFFFul, 0xFFFFFFFFul, 0xFFFFFFFFul,
	0xFFFFFFFFul, 0xFFFFFFFFul, 0xFFFFFFFFul, 0xFFFFFFFFul,
	0xFFFFFFFFul, 0xFFFFFFFFul, 0xFFFFFFFFul, 0xFFFFFFFFul,
	0xFFFFFFFFul, 0xFFFFFFFFul, 0xFFFFFFFFul, 0xFFFFFFFFul,
	0xFFFFFFFFul, 0xFFFFFFFFul, 0xFFFFFFFFul, 0xFFFFFFFFul,
	0xFFFFFFFFul, 0xFFFFFFFFul, 0xFFFFFFFFul, 0xFFFFFFFFul,
	0xFFFFFFFFul, 0xFFFFFFFFul, 0xFFFFFFFFul, 0xFFFFFFFFul,
	0xFFFFFFFFul, 0xFFFFFFFFul, 0xFFFFFFFFul, 0xFFFFFFFFul,
	0xFFFFFFFFul, 0xFFFFFFFFul, 0xFFFFFFFFul, 0xFFFFFFFFul,
	0xFFFFFFFFul, 0xFFFFFFFFul, 0xFFFFFFFFul, 0xFFFFFFFFul,
	0xFFFFFFFFul, 0xFFFFFFFFul, 0xFFFFFFFFul, 0xFFFFFFFFul,
	0xFFFFFFFFul, 0xFFFFFFFFul, 0xFFFFFFFFul, 0xFFFFFFFFul,
	0xFFFFFFFFul, 0xFFFFFFFFul, 0xFFFFFFFFul, 0xFFFFFFFFul,
	0xFFFFFFFFul, 0xFFFFFFFFul, 0xFFFFFFFFul, 0xFFFFFFFFul,
	0xFFFFFFFFul, 0xFFFFFFFFul, 0xFFFFFFFFul, 0xFFFFFFFFul,
	0xFFFFFFFFul, 0xFFFFFFFFul, 0xFFFFFFFFul, 0xFFFFFFFFul,
	0xFFFFFFFFul, 0xFFFFFFFFul, 0xFFFFFFFFul, 0xFFFFFFFFul,
	0xFFFFFFFFul, 0xFFFFFFFFul, 0xFFFFFFFFul, 0xFFFFFFFFul,
	0xFFFFFFFFul, 0xFFFFFFFFul, 0xFFFFFFFFul, 0xFFFFFFFFul,
	0xFFFFFFFFul, 0xFFFFFFFFul, 0xFFFFFFFFul, 0xFFFFFFFFul,
	0xFFFFFFFFul, 0xFFFFFFFFul, 0xFFFFFFFFul, 0xFFFFFFFFul,
	0xFFFFFFFFul, 0xFFFFFFFFul, 0xFFFFFFFFul, 0xFFFFFFFFul,
	0xFFFFFFFFul, 0xFFFFFFFFul, 0xFFFFFFFFul, 0xFFFFFFFFul,
	0xFFFFFFFFul, 0xFFFFFFFFul, 0xFFFFFFFFul, 0xFFFFFFFFul,
	0xFFFFFFFFul, 0xFFFFFFFFul, 0xFFFFFFFFul, 0xFFFFFFFFul,
	0xFFFFFFFFul, 0xFFFFFFFFul, 0xFFFFFFFFul, 0xFFFFFFFFul,
	0xFFFFFFFFul, 0xFFFFFFFFul, 0xFFFFFFFFul, 0xFFFFFFFFul,
	0xFFFFFFFFul, 0xFFFFFFFFul, 0xFFFFFFFFul, 0xFFFFFFFFul,
	0xFFFFFFFFul, 0xFFFFFFFFul, 0xFFFFFFFFul, 0xFFFFFFFFul,
	0xFFFFFFFFul, 0xFFFFFFFFul, 0xFFFFFFFFul, 0xFFFFFFFFul,
	0xFFFFFFFFul, 0xFFFFFFFFul, 0xFFFFFFFFul, 0xFFFFFFFFul,
	0xFFFFFFFFul, 0xFFFFFFFFul, 0xFFFFFFFFul, 0xFFFFFFFFul,
	0xFFFFFFFFul, 0xFFFFFFFFul, 0xFFFFFFFFul, 0xFFFFFFFFul,
	0xFFFFFFFFul, 0xFFFFFFFFul, 0xFFFFFFFFul, 0xFFFFFFFFul,
	0xFFFFFFFFul, 0xFFFFFFFFul, 0xFFFFFFFFul, 0xFFFFFFFFul,
	0xFFFFFFFFul, 0xFFFFFFFFul, 0xFFFFFFFFul, 0xFFFFFFFFul,
	0xFFFFFFFFul, 0xFFFFFFFFul, 0xFFFFFFFFul, 0xFFFFFFFFul,
	0xFFFFFFFFul, 0xFFFFFFFFul, 0xFFFFFFFFul, 0xFFFFFFFFul,
	0xFFFFFFFFul, 0xFFFFFFFFul, 0xFFFFFFFFul, 0xFFFFFFFFul,
	0xFFFFFFFFul, 0xFFFFFFFFul, 0xFFFFFFFFul, 0xFFFFFFFFul,
	0xFFFFFFFFul, 0xFFFFFFFFul, 0xFFFFFFFFul, 0xFFFFFFFFul,
	0xFFFFFFFFul, 0xFFFFFFFFul, 0xFFFFFFFFul, 0xFFFFFFFFul,
	0xFFFFFFFFul, 0xFFFFFFFFul, 0xFFFFFFFFul, 0xFFFFFFFFul,
	0xFFFFFFFFul, 0xFFFFFFFFul, 0xFFFFFFFFul, 0xFFFFFFFFul,
	0xFFFFFFFFul, 0xFFFFFFFFul, 0xFFFFFFFFul, 0xFFFFFFFFul,
	0xFFFFFFFFul, 0xFFFFFFFFul, 0xFFFFFFFFul, 0xFFFFFFFFul,
	0xFFFFFFFFul, 0xFFFFFFFFul, 0xFFFFFFFFul, 0xFFFFFFFFul,
	0xFFFFFFFFul, 0xFFFFFFFFul, 0xFFFFFFFFul, 0xFFFFFFFFul,
	0xFFFFFFFFul, 0xFFFFFFFFul, 0xFFFFFFFFul, 0xFFFFFFFFul,
	0xFFFFFFFFul, 0xFFFFFFFFul, 0xFFFFFFFFul, 0xFFFFFFFFul,
	0xFFFFFFFFul, 0xFFFFFFFFul, 0xFFFFFFFFul, 0xFFFFFFFFul,
	0xFFFFFFFFul, 0xFFFFFFFFul, 0xFFFFFFFFul, 0xFFFFFFFFul,
	0xFFFFFFFFul, 0xFFFFFFFFul, 0xFFFFFFFFul, 0xFFFFFFFFul,
	0xFFFFFFFFul, 0xFFFFFFFFul, 0xFFFFFFFFul, 0xFFFFFFFFul,
	0xFFFFFFFFul, 0xFFFFFFFFul, 0xFFFFFFFFul, 0xFFFFFFFFul,
	0xFFFFFFFFul, 0xFFFFFFFFul, 0xFFFFFFFFul, 0xFFFFFFFFul,
	0xFFFFFFFFul, 0xFFFFFFFFul, 0xFFFFFFFFul, 0xFFFFFFFFul,
	0xFFFFFFFFul, 0xFFFFFFFFul, 0xFFFFFFFFul, 0xFFFFFFFFul,
	0xFFFFFFFFul, 0xFFFFFFFFul, 0xFFFFFFFFul, 0xFFFFFFFFul,
	0xFFFFFFFFul, 0xFFFFFFFFul, 0xFFFFFFFFul, 0xFFFFFFFFul,
	0xFFFFFFFFul, 0xFFFFFFFFul, 0xFFFFFFFFul, 0xFFFFFFFFul,
	0xFFFFFFFFul, 0xFFFFFFFFul, 0xFFFFFFFFul, 0xFFFFFFFFul,
	0xFFFFFFFFul, 0xFFFFFFFFul, 0xFFFFFFFFul, 0xFFFFFFFFul,
	0xFFFFFFFFul, 0xFFFFFFFFul, 0xFFFFFFFFul, 0xFFFFFFFFul,
	0xFFFFFFFFul, 0xFFFFFFFFul, 0xFFFFFFFFul, 0xFFFFFFFFul,
	0xFFFFFFFFul, 0xFFFFFFFFul, 0xFFFFFFFFul, 0xFFFFFFFFul,
	0xFFFFFFFFul, 0xFFFFFFFFul, 0xFFFFFFFFul, 0xFFFFFFFFul,
	0xFFFFFFFFul, 0xFFFFFFFFul, 0xFFFFFFFFul, 0xFFFFFFFFul,
	0xFFFFFFFFul, 0xFFFFFFFFul, 0xFFFFFFFFul, 0xFFFFFFFFul,
	0xFFFFFFFFul, 0xFFFFFFFFul, 0xFFFFFFFFul, 0xFFFFFFFFul,
	0xFFFFFFFFul, 0xFFFFFFFFul, 0xFFFFFFFFul, 0xFFFFFFFFul,
	0xFFFFFFFFul, 0xFFFFFFFFul, 0xFFFFFFFFul, 0xFFFFFFFFul,
	0xFFFFFFFFul, 0xFFFFFFFFul, 0xFFFFFFFFul, 0xFFFFFFFFul,
	0xFFFFFFFFul, 0xFFFFFFFFul, 0xFFFFFFFFul, 0xFFFFFFFFul,
	0xFFFFFFFFul, 0xFFFFFFFFul, 0xFFFFFFFFul, 0xFFFFFFFFul,
	0xFFFFFFFFul, 0xFFFFFFFFul, 0xFFFFFFFFul, 0xFFFFFFFFul,
	0xFFFFFFFFul, 0xFFFFFFFFul, 0xFFFFFFFFul, 0xFFFFFFFFul,
	0xFFFFFFFFul, 0xFFFFFFFFul, 0xFFFFFFFFul, 0xFFFFFFFFul,
	0xFFFFFFFFul, 0xFFFFFFFFul, 0xFFFFFFFFul, 0xFFFFFFFFul,
	0xFFFFFFFFul, 0xFFFFFFFFul, 0xFFFFFFFFul, 0xFFFFFFFFul,
	0xFFFFFFFFul, 0xFFFFFFFFul, 0xFFFFFFFFul, 0xFFFFFFFFul,
	0xFFFFFFFFul, 0xFFFFFFFFul, 0xFFFFFFFFul, 0xFFFFFFFFul,
	0xFFFFFFFFul, 0xFFFFFFFFul, 0xFFFFFFFFul, 0xFFFFFFFFul,
	0xFFFFFFFFul, 0xFFFFFFFFul, 0xFFFFFFFFul, 0xFFFFFFFFul,
	0xFFFFFFFFul, 0xFFFFFFFFul, 0xFFFFFFFFul, 0xFFFFFFFFul,
	0xFFFFFFFFul, 0xFFFFFFFFul, 0xFFFFFFFFul, 0xFFFFFFFFul,
	0xFFFFFFFFul, 0xFFFFFFFFul, 0xFFFFFFFFul, 0xFFFFFFFFul,
	0xFFFFFFFFul, 0xFFFFFFFFul, 0xFFFFFFFFul, 0xFFFFFFFFul,
	0xFFFFFFFFul, 0xFFFFFFFFul, 0xFFFFFFFFul, 0xFFFFFFFFul,
	0xFFFFFFFFul, 0xFFFFFFFFul, 0xFFFFFFFFul, 0xFFFFFFFFul,
	0xFFFFFFFFul, 0xFFFFFFFFul, 0xFFFFFFFFul, 0xFFFFFFFFul,
	0xFFFFFFFFul, 0xFFFFFFFFul, 0xFFFFFFFFul, 0xFFFFFFFFul,
	0xFFFFFFFFul, 0xFFFFFFFFul, 0xFFFFFFFFul, 0xFFFFFFFFul,
	0xFFFFFFFFul, 0xFFFFFFFFul, 0xFFFFFFFFul, 0xFFFFFFFFul,
	0xFFFFFFFFul, 0xFFFFFFFFul, 0xFFFFFFFFul, 0xFFFFFFFFul,
	0xFFFFFFFFul, 0xFFFFFFFFul, 0xFFFFFFFFul, 0xFFFFFFFFul,
	0xFFFFFFFFul, 0xFFFFFFFFul, 0xFFFFFFFFul, 0xFFFFFFFFul,
	0xFFFFFFFFul, 0xFFFFFFFFul, 0xFFFFFFFFul, 0xFFFFFFFFul,
	0xFFFFFFFFul, 0xFFFFFFFFul, 0xFFFFFFFFul, 0xFFFFFFFFul,
	0xFFFFFFFFul, 0xFFFFFFFFul, 0xFFFFFFFFul, 0xFFFFFFFFul,
	0xFFFFFFFFul, 0xFFFFFFFFul, 0xFFFFFFFFul, 0xFFFFFFFFul,
	0xFFFFFFFFul, 0xFFFFFFFFul, 0xFFFFFFFFul, 0xFFFFFFFFul,
	0xFFFFFFFFul, 0xFFFFFFFFul, 0xFFFFFFFFul, 0xFFFFFFFFul,
	0xFFFFFFFFul, 0xFFFFFFFFul, 0xFFFFFFFFul, 0xFFFFFFFFul,
	0xFFFFFFFFul, 0xFFFFFFFFul, 0xFFFFFFFFul, 0xFFFFFFFFul,
	0xFFFFFFFFul, 0xFFFFFFFFul, 0xFFFFFFFFul, 0xFFFFFFFFul,
	0xFFFFFFFFul, 0xFFFFFFFFul, 0xFFFFFFFFul, 0xFFFFFFFFul,
	0xFFFFFFFFul, 0xFFFFFFFFul, 0xFFFFFFFFul, 0xFFFFFFFFul,
	0xFFFFFFFFul, 0xFFFFFFFFul, 0xFFFFFFFFul, 0xFFFFFFFFul,
	0xFFFFFFFFul, 0xFFFFFFFFul, 0xFFFFFFFFul, 0xFFFFFFFFul,
	0xFFFFFFFFul, 0xFFFFFFFFul, 0xFFFFFFFFul, 0xFFFFFFFFul,
	0xFFFFFFFFul, 0xFFFFFFFFul, 0xFFFFFFFFul, 0xFFFFFFFFul,
	0xFFFFFFFFul, 0xFFFFFFFFul, 0xFFFFFFFFul, 0xFFFFFFFFul,
	0xFFFFFFFFul, 0xFFFFFFFFul, 0xFFFFFFFFul, 0xFFFFFFFFul,
	0xFFFFFFFFul, 0xFFFFFFFFul, 0xFFFFFFFFul, 0xFFFFFFFFul,
	0xFFFFFFFFul, 0xFFFFFFFFul, 0xFFFFFFFFul, 0xFFFFFFFFul,
	0xFFFFFFFFul, 0xFFFFFFFFul, 0xFFFFFFFFul, 0xFFFFFFFFul,
	0xFFFFFFFFul, 0xFFFFFFFFul, 0xFFFFFFFFul, 0xFFFFFFFFul,
	0xFFFFFFFFul, 0xFFFFFFFFul, 0xFFFFFFFFul, 0xFFFFFFFFul,
	0xFFFFFFFFul, 0xFFFFFFFFul, 0xFFFFFFFFul, 0xFFFFFFFFul,
	0xFFFFFFFFul, 0xFFFFFFFFul, 0xFFFFFFFFul, 0xFFFFFFFFul,
	0xFFFFFFFFul, 0xFFFFFFFFul, 0xFFFFFFFFul, 0xFFFFFFFFul,
	0xFFFFFFFFul, 0xFFFFFFFFul, 0xFFFFFFFFul, 0xFFFFFFFFul,
	0xFFFFFFFFul, 0xFFFFFFFFul, 0xFFFFFFFFul, 0xFFFFFFFFul,
	0xFFFFFFFFul, 0xFFFFFFFFul, 0xFFFFFFFFul, 0xFFFFFFFFul,
	0xFFFFFFFFul, 0xFFFFFFFFul, 0xFFFFFFFFul, 0xFFFFFFFFul,
	0xFFFFFFFFul, 0xFFFFFFFFul, 0xFFFFFFFFul, 0xFFFFFFFFul,
	0xFFFFFFFFul, 0xFFFFFFFFul, 0xFFFFFFFFul, 0xFFFFFFFFul,
	0xFFFFFFFFul, 0xFFFFFFFFul, 0xFFFFFFFFul, 0xFFFFFFFFul,
	0xFFFFFFFFul, 0xFFFFFFFFul, 0xFFFFFFFFul, 0xFFFFFFFFul,
	0xFFFFFFFFul, 0xFFFFFFFFul, 0xFFFFFFFFul, 0xFFFFFFFFul,
	0xFFFFFFFFul, 0xFFFFFFFFul, 0xFFFFFFFFul, 0xFFFFFFFFul,
	0xFFFFFFFFul, 0xFFFFFFFFul, 0xFFFFFFFFul, 0xFFFFFFFFul,
	0xFFFFFFFFul, 0xFFFFFFFFul, 0xFFFFFFFFul, 0xFFFFFFFFul,
	0xFFFFFFFFul, 0xFFFFFFFFul, 0xFFFFFFFFul, 0xFFFFFFFFul,
	0xFFFFFFFFul, 0xFFFFFFFFul, 0xFFFFFFFFul, 0xFFFFFFFFul,
	0xFFFFFFFFul, 0xFFFFFFFFul, 0xFFFFFFFFul, 0xFFFFFFFFul,
	0xFFFFFFFFul, 0xFFFFFFFFul, 0xFFFFFFFFul, 0xFFFFFFFFul,
	0xFFFFFFFFul, 0xFFFFFFFFul, 0xFFFFFFFFul, 0xFFFFFFFFul,
	0xFFFFFFFFul, 0xFFFFFFFFul, 0xFFFFFFFFul, 0xFFFFFFFFul,
	0xFFFFFFFFul, 0xFFFFFFFFul, 0xFFFFFFFFul, 0xFFFFFFFFul,
	0xFFFFFFFFul, 0xFFFFFFFFul, 0xFFFFFFFFul, 0xFFFFFFFFul,
	0xFFFFFFFFul, 0xFFFFFFFFul, 0xFFFFFFFFul, 0xFFFFFFFFul,
	0xFFFFFFFFul, 0xFFFFFFFFul, 0xFFFFFFFFul, 0xFFFFFFFFul,
	0xFFFFFFFFul, 0xFFFFFFFFul, 0xFFFFFFFFul, 0xFFFFFFFFul,
	0xFFFFFFFFul, 0xFFFFFFFFul, 0xFFFFFFFFul, 0xFFFFFFFFul,
	0xFFFFFFFFul, 0xFFFFFFFFul, 0xFFFFFFFFul, 0xFFFFFFFFul,
	0xFFFFFFFFul, 0xFFFFFFFFul, 0xFFFFFFFFul, 0xFFFFFFFFul,
	0xFFFFFFFFul, 0xFFFFFFFFul, 0xFFFFFFFFul, 0xFFFFFFFFul,
	0xFFFFFFFFul, 0xFFFFFFFFul, 0xFFFFFFFFul, 0xFFFFFFFFul,
	0xFFFFFFFFul, 0xFFFFFFFFul, 0xFFFFFFFFul, 0xFFFFFFFFul,
	0xFFFFFFFFul, 0xFFFFFFFFul, 0xFFFFFFFFul, 0xFFFFFFFFul,
	0xFFFFFFFFul, 0xFFFFFFFFul, 0xFFFFFFFFul, 0xFFFFFFFFul,
	0xFFFFFFFFul, 0xFFFFFFFFul, 0xFFFFFFFFul, 0xFFFFFFFFul,
	0xFFFFFFFFul, 0xFFFFFFFFul, 0xFFFFFFFFul, 0xFFFFFFFFul,
	0xFFFFFFFFul, 0xFFFFFFFFul, 0xFFFFFFFFul, 0xFFFFFFFFul,
	0xFFFFFFFFul, 0xFFFFFFFFul, 0xFFFFFFFFul, 0xFFFFFFFFul,
	0xFFFFFFFFul, 0xFFFFFFFFul, 0xFFFFFFFFul, 0xFFFFFFFFul,
	0xFFFFFFFFul, 0xFFFFFFFFul, 0xFFFFFFFFul, 0xFFFFFFFFul,
	0xFFFFFFFFul, 0xFFFFFFFFul, 0xFFFFFFFFul, 0xFFFFFFFFul,
	0xFFFFFFFFul, 0xFFFFFFFFul, 0xFFFFFFFFul, 0xFFFFFFFFul,
	0xFFFFFFFFul, 0xFFFFFFFFul, 0xFFFFFFFFul, 0xFFFFFFFFul,
	0xFFFFFFFFul, 0xFFFFFFFFul, 0xFFFFFFFFul, 0xFFFFFFFFul,
	0xFFFFFFFFul, 0xFFFFFFFFul, 0xFFFFFFFFul, 0xFFFFFFFFul,
	0xFFFFFFFFul, 0xFFFFFFFFul, 0xFFFFFFFFul, 0xFFFFFFFFul,
	0xFFFFFFFFul, 0xFFFFFFFFul, 0xFFFFFFFFul, 0xFFFFFFFFul,
	0xFFFFFFFFul, 0xFFFFFFFFul, 0xFFFFFFFFul, 0xFFFFFFFFul,
	0xFFFFFFFFul, 0xFFFFFFFFul, 0xFFFFFFFFul, 0xFFFFFFFFul,
	0xFFFFFFFFul, 0xFFFFFFFFul, 0xFFFFFFFFul, 0xFFFFFFFFul,
	0xFFFFFFFFul, 0xFFFFFFFFul, 0xFFFFFFFFul, 0xFFFFFFFFul,
	0xFFFFFFFFul, 0xFFFFFFFFul, 0xFFFFFFFFul, 0xFFFFFFFFul,
	0xFFFFFFFFul, 0xFFFFFFFFul, 0xFFFFFFFFul, 0xFFFFFFFFul,
	0xFFFFFFFFul, 0xFFFFFFFFul, 0xFFFFFFFFul, 0xFFFFFFFFul,
	0xFFFFFFFFul, 0xFFFFFFFFul, 0xFFFFFFFFul, 0xFFFFFFFFul,
	0xFFFFFFFFul, 0xFFFFFFFFul, 0xFFFFFFFFul, 0xFFFFFFFFul,
	0xFFFFFFFFul, 0xFFFFFFFFul, 0xFFFFFFFFul, 0xFFFFFFFFul,
	0xFFFFFFFFul, 0xFFFFFFFFul, 0xFFFFFFFFul, 0xFFFFFFFFul,
	0xFFFFFFFFul, 0xFFFFFFFFul, 0xFFFFFFFFul, 0xFFFFFFFFul,
	0xFFFFFFFFul, 0xFFFFFFFFul, 0xFFFFFFFFul, 0xFFFFFFFFul,
	0x0000FFFFul
};

__ALIGN_END const unsigned char stlogo1[]=
{
  0x42, 0x4D, 0x42, 0xA0, 0x00, 0x00, 0x00, 0x00, 0x00, 0x00, 0x42, 0x00, 0x00, 0x00, 0x28, 0x00,
	0x00, 0x00, 0x80, 0x00, 0x00, 0x00, 0xA0, 0x00, 0x00, 0x00, 0x01, 0x00, 0x10, 0x00, 0x03, 0x00,
	0x00, 0x00, 0x00, 0x00, 0x00, 0x00, 0x23, 0x2E, 0x00, 0x00, 0x23, 0x2E, 0x00, 0x00, 0x00, 0x00,
	0x00, 0x00, 0x00, 0x00, 0x00, 0x00, 0x00, 0xF8, 0x00, 0x00, 0xE0, 0x07, 0x00, 0x00, 0x1F, 0x00,
	0x00, 0x00, 0xFF, 0xFF, 0xFF, 0xFF, 0xFF, 0xFF, 0xFF, 0xFF, 0xFF, 0xFF, 0xFF, 0xFF, 0xFF, 0xFF,
	0xFF, 0xFF, 0xFF, 0xFF, 0xFF, 0xFF, 0xFF, 0xFF, 0xFF, 0xFF, 0xFF, 0xFF, 0xFF, 0xFF, 0xFF, 0xFF,
	0xFF, 0xFF, 0xFF, 0xFF, 0xFF, 0xFF, 0xFF, 0xFF, 0xFF, 0xFF, 0xFF, 0xFF, 0xFF, 0xFF, 0xFF, 0xFF,
	0xFF, 0xFF, 0xFF, 0xFF, 0xFF, 0xFF, 0xFF, 0xFF, 0xFF, 0xFF, 0xFF, 0xFF, 0xFF, 0xFF, 0xFF, 0xFF,
	0xFF, 0xFF, 0xFF, 0xFF, 0xFF, 0xFF, 0xFF, 0xFF, 0xFF, 0xFF, 0xFF, 0xFF, 0xFF, 0xFF, 0xFF, 0xFF,
	0xFF, 0xFF, 0xFF, 0xFF, 0xFF, 0xFF, 0xFF, 0xFF, 0xFF, 0xFF, 0xFF, 0xFF, 0xFF, 0xFF, 0xFF, 0xFF,
	0xFF, 0xFF, 0xFF, 0xFF, 0xFF, 0xFF, 0xFF, 0xFF, 0xFF, 0xFF, 0xFF, 0xFF, 0xFF, 0xFF, 0xFF, 0xFF,
	0xFF, 0xFF, 0xFF, 0xFF, 0xFF, 0xFF, 0xFF, 0xFF, 0xFF, 0xFF, 0xFF, 0xFF, 0xFF, 0xFF, 0xFF, 0xFF,
	0xFF, 0xFF, 0xFF, 0xFF, 0xFF, 0xFF, 0xFF, 0xFF, 0xFF, 0xFF, 0xFF, 0xFF, 0xFF, 0xFF, 0xFF, 0xFF,
	0xFF, 0xFF, 0xFF, 0xFF, 0xFF, 0xFF, 0xFF, 0xFF, 0xFF, 0xFF, 0xFF, 0xFF, 0xFF, 0xFF, 0xFF, 0xFF,
	0xFF, 0xFF, 0xFF, 0xFF, 0xFF, 0xFF, 0xFF, 0xFF, 0xFF, 0xFF, 0xFF, 0xFF, 0xFF, 0xFF, 0xFF, 0xFF,
	0xFF, 0xFF, 0xFF, 0xFF, 0xFF, 0xFF, 0xFF, 0xFF, 0xFF, 0xFF, 0xFF, 0xFF, 0xFF, 0xFF, 0xFF, 0xFF,
	0xFF, 0xFF, 0xFF, 0xFF, 0xFF, 0xFF, 0xFF, 0xFF, 0xFF, 0xFF, 0xFF, 0xFF, 0xFF, 0xFF, 0xFF, 0xFF,
	0xFF, 0xFF, 0xFF, 0xFF, 0xFF, 0xFF, 0xFF, 0xFF, 0xFF, 0xFF, 0xFF, 0xFF, 0xFF, 0xFF, 0xFF, 0xFF,
	0xFF, 0xFF, 0xFF, 0xFF, 0xFF, 0xFF, 0xFF, 0xFF, 0xFF, 0xFF, 0xFF, 0xFF, 0xFF, 0xFF, 0xFF, 0xFF,
	0xFF, 0xFF, 0xFF, 0xFF, 0xFF, 0xFF, 0xFF, 0xFF, 0xFF, 0xFF, 0xFF, 0xFF, 0xFF, 0xFF, 0xFF, 0xFF,
	0xFF, 0xFF, 0xFF, 0xFF, 0xFF, 0xFF, 0xFF, 0xFF, 0xFF, 0xFF, 0xFF, 0xFF, 0xFF, 0xFF, 0xFF, 0xFF,
	0xFF, 0xFF, 0xFF, 0xFF, 0xFF, 0xFF, 0xFF, 0xFF, 0xFF, 0xFF, 0xFF, 0xFF, 0xFF, 0xFF, 0xFF, 0xFF,
	0xFF, 0xFF, 0xFF, 0xFF, 0xFF, 0xFF, 0xFF, 0xFF, 0xFF, 0xFF, 0xFF, 0xFF, 0xFF, 0xFF, 0xFF, 0xFF,
	0xFF, 0xFF, 0xFF, 0xFF, 0xFF, 0xFF, 0xFF, 0xFF, 0xFF, 0xFF, 0xFF, 0xFF, 0xFF, 0xFF, 0xFF, 0xFF,
	0xFF, 0xFF, 0xFF, 0xFF, 0xFF, 0xFF, 0xFF, 0xFF, 0xFF, 0xFF, 0xFF, 0xFF, 0xFF, 0xFF, 0xFF, 0xFF,
	0xFF, 0xFF, 0xFF, 0xFF, 0xFF, 0xFF, 0xFF, 0xFF, 0xFF, 0xFF, 0xFF, 0xFF, 0xFF, 0xFF, 0xFF, 0xFF,
	0xFF, 0xFF, 0xFF, 0xFF, 0xFF, 0xFF, 0xFF, 0xFF, 0xFF, 0xFF, 0xFF, 0xFF, 0xFF, 0xFF, 0xFF, 0xFF,
	0xFF, 0xFF, 0xFF, 0xFF, 0xFF, 0xFF, 0xFF, 0xFF, 0xFF, 0xFF, 0xFF, 0xFF, 0xFF, 0xFF, 0xFF, 0xFF,
	0xFF, 0xFF, 0xFF, 0xFF, 0xFF, 0xFF, 0xFF, 0xFF, 0xFF, 0xFF, 0xFF, 0xFF, 0xFF, 0xFF, 0xFF, 0xFF,
	0xFF, 0xFF, 0xFF, 0xFF, 0xFF, 0xFF, 0xFF, 0xFF, 0xFF, 0xFF, 0xFF, 0xFF, 0xFF, 0xFF, 0xFF, 0xFF,
	0xFF, 0xFF, 0xFF, 0xFF, 0xFF, 0xFF, 0xFF, 0xFF, 0xFF, 0xFF, 0xFF, 0xFF, 0xFF, 0xFF, 0xFF, 0xFF,
	0xFF, 0xFF, 0xFF, 0xFF, 0xFF, 0xFF, 0xFF, 0xFF, 0xFF, 0xFF, 0xFF, 0xFF, 0xFF, 0xFF, 0xFF, 0xFF,
	0xFF, 0xFF, 0xFF, 0xFF, 0xFF, 0xFF, 0xFF, 0xFF, 0xFF, 0xFF, 0xFF, 0xFF, 0xFF, 0xFF, 0xFF, 0xFF,
	0xFF, 0xFF, 0xFF, 0xFF, 0xFF, 0xFF, 0xFF, 0xFF, 0xFF, 0xFF, 0xFF, 0xFF, 0xFF, 0xFF, 0xFF, 0xFF,
	0xFF, 0xFF, 0xFF, 0xFF, 0xFF, 0xFF, 0xFF, 0xFF, 0xFF, 0xFF, 0xFF, 0xFF, 0xFF, 0xFF, 0xFF, 0xFF,
	0xFF, 0xFF, 0xFF, 0xFF, 0xFF, 0xFF, 0xFF, 0xFF, 0xFF, 0xFF, 0xFF, 0xFF, 0xFF, 0xFF, 0xFF, 0xFF,
	0xFF, 0xFF, 0xFF, 0xFF, 0xFF, 0xFF, 0xFF, 0xFF, 0xFF, 0xFF, 0xFF, 0xFF, 0xFF, 0xFF, 0xFF, 0xFF,
	0xFF, 0xFF, 0xFF, 0xFF, 0xFF, 0xFF, 0xFF, 0xFF, 0xFF, 0xFF, 0xFF, 0xFF, 0xFF, 0xFF, 0xFF, 0xFF,
	0xFF, 0xFF, 0xFF, 0xFF, 0xFF, 0xFF, 0xFF, 0xFF, 0xFF, 0xFF, 0xFF, 0xFF, 0xFF, 0xFF, 0xFF, 0xFF,
	0xFF, 0xFF, 0xFF, 0xFF, 0xFF, 0xFF, 0xFF, 0xFF, 0xFF, 0xFF, 0xFF, 0xFF, 0xFF, 0xFF, 0xFF, 0xFF,
	0xFF, 0xFF, 0xFF, 0xFF, 0xFF, 0xFF, 0xFF, 0xFF, 0xFF, 0xFF, 0xFF, 0xFF, 0xFF, 0xFF, 0xFF, 0xFF,
	0xFF, 0xFF, 0xFF, 0xFF, 0xFF, 0xFF, 0xFF, 0xFF, 0xFF, 0xFF, 0xFF, 0xFF, 0xFF, 0xFF, 0xFF, 0xFF,
	0xFF, 0xFF, 0xFF, 0xFF, 0xFF, 0xFF, 0xFF, 0xFF, 0xFF, 0xFF, 0xFF, 0xFF, 0xFF, 0xFF, 0xFF, 0xFF,
	0xFF, 0xFF, 0xFF, 0xFF, 0xFF, 0xFF, 0xFF, 0xFF, 0xFF, 0xFF, 0xFF, 0xFF, 0xFF, 0xFF, 0xFF, 0xFF,
	0xFF, 0xFF, 0xFF, 0xFF, 0xFF, 0xFF, 0xFF, 0xFF, 0xFF, 0xFF, 0xFF, 0xFF, 0xFF, 0xFF, 0xFF, 0xFF,
	0xFF, 0xFF, 0xFF, 0xFF, 0xFF, 0xFF, 0xFF, 0xFF, 0xFF, 0xFF, 0xFF, 0xFF, 0xFF, 0xFF, 0xFF, 0xFF,
	0xFF, 0xFF, 0xFF, 0xFF, 0xFF, 0xFF, 0xFF, 0xFF, 0xFF, 0xFF, 0xFF, 0xFF, 0xFF, 0xFF, 0xFF, 0xFF,
	0xFF, 0xFF, 0xFF, 0xFF, 0xFF, 0xFF, 0xFF, 0xFF, 0xFF, 0xFF, 0xFF, 0xFF, 0xFF, 0xFF, 0xFF, 0xFF,
	0xFF, 0xFF, 0xFF, 0xFF, 0xFF, 0xFF, 0xFF, 0xFF, 0xFF, 0xFF, 0xFF, 0xFF, 0xFF, 0xFF, 0xFF, 0xFF,
	0xFF, 0xFF, 0xFF, 0xFF, 0xFF, 0xFF, 0xFF, 0xFF, 0xFF, 0xFF, 0xFF, 0xFF, 0xFF, 0xFF, 0xFF, 0xFF,
	0xFF, 0xFF, 0xFF, 0xFF, 0xFF, 0xFF, 0xFF, 0xFF, 0xFF, 0xFF, 0xFF, 0xFF, 0xFF, 0xFF, 0xFF, 0xFF,
	0xFF, 0xFF, 0xFF, 0xFF, 0xFF, 0xFF, 0xFF, 0xFF, 0xFF, 0xFF, 0xFF, 0xFF, 0xFF, 0xFF, 0xFF, 0xFF,
	0xFF, 0xFF, 0xFF, 0xFF, 0xFF, 0xFF, 0xFF, 0xFF, 0xFF, 0xFF, 0xFF, 0xFF, 0xFF, 0xFF, 0xFF, 0xFF,
	0xFF, 0xFF, 0xFF, 0xFF, 0xFF, 0xFF, 0xFF, 0xFF, 0xFF, 0xFF, 0xFF, 0xFF, 0xFF, 0xFF, 0xFF, 0xFF,
	0xFF, 0xFF, 0xFF, 0xFF, 0xFF, 0xFF, 0xFF, 0xFF, 0xFF, 0xFF, 0xFF, 0xFF, 0xFF, 0xFF, 0xFF, 0xFF,
	0xFF, 0xFF, 0xFF, 0xFF, 0xFF, 0xFF, 0xFF, 0xFF, 0xFF, 0xFF, 0xFF, 0xFF, 0xFF, 0xFF, 0xFF, 0xFF,
	0xFF, 0xFF, 0xFF, 0xFF, 0xFF, 0xFF, 0xFF, 0xFF, 0xFF, 0xFF, 0xFF, 0xFF, 0xFF, 0xFF, 0xFF, 0xFF,
	0xFF, 0xFF, 0xFF, 0xFF, 0xFF, 0xFF, 0xFF, 0xFF, 0xFF, 0xFF, 0xFF, 0xFF, 0xFF, 0xFF, 0xFF, 0xFF,
	0xFF, 0xFF, 0xFF, 0xFF, 0xFF, 0xFF, 0xFF, 0xFF, 0xFF, 0xFF, 0xFF, 0xFF, 0xFF, 0xFF, 0xFF, 0xFF,
	0xFF, 0xFF, 0xFF, 0xFF, 0xFF, 0xFF, 0xFF, 0xFF, 0xFF, 0xFF, 0xFF, 0xFF, 0xFF, 0xFF, 0xFF, 0xFF,
	0xFF, 0xFF, 0xFF, 0xFF, 0xFF, 0xFF, 0xFF, 0xFF, 0xFF, 0xFF, 0xFF, 0xFF, 0xFF, 0xFF, 0xFF, 0xFF,
	0xFF, 0xFF, 0xFF, 0xFF, 0xFF, 0xFF, 0xFF, 0xFF, 0xFF, 0xFF, 0xFF, 0xFF, 0xFF, 0xFF, 0xFF, 0xFF,
	0xFF, 0xFF, 0xFF, 0xFF, 0xFF, 0xFF, 0xFF, 0xFF, 0xFF, 0xFF, 0xFF, 0xFF, 0xFF, 0xFF, 0xFF, 0xFF,
	0xFF, 0xFF, 0xFF, 0xFF, 0xFF, 0xFF, 0xFF, 0xFF, 0xFF, 0xFF, 0xFF, 0xFF, 0xFF, 0xFF, 0xFF, 0xFF,
	0xFF, 0xFF, 0xFF, 0xFF, 0xFF, 0xFF, 0xFF, 0xFF, 0xFF, 0xFF, 0xFF, 0xFF, 0xFF, 0xFF, 0xFF, 0xFF,
	0xFF, 0xFF, 0xFF, 0xFF, 0xFF, 0xFF, 0xFF, 0xFF, 0xFF, 0xFF, 0xFF, 0xFF, 0xFF, 0xFF, 0xFF, 0xFF,
	0xFF, 0xFF, 0xFF, 0xFF, 0xFF, 0xFF, 0xFF, 0xFF, 0xFF, 0xFF, 0xFF, 0xFF, 0xFF, 0xFF, 0xFF, 0xFF,
	0xFF, 0xFF, 0xFF, 0xFF, 0xFF, 0xFF, 0xFF, 0xFF, 0xFF, 0xFF, 0xFF, 0xFF, 0xFF, 0xFF, 0xFF, 0xFF,
	0xFF, 0xFF, 0xFF, 0xFF, 0xFF, 0xFF, 0xFF, 0xFF, 0xFF, 0xFF, 0xFF, 0xFF, 0xFF, 0xFF, 0xFF, 0xFF,
	0xFF, 0xFF, 0xFF, 0xFF, 0xFF, 0xFF, 0xFF, 0xFF, 0xFF, 0xFF, 0xFF, 0xFF, 0xFF, 0xFF, 0xFF, 0xFF,
	0xFF, 0xFF, 0xFF, 0xFF, 0xFF, 0xFF, 0xFF, 0xFF, 0xFF, 0xFF, 0xFF, 0xFF, 0xFF, 0xFF, 0xFF, 0xFF,
	0xFF, 0xFF, 0xFF, 0xFF, 0xFF, 0xFF, 0xFF, 0xFF, 0xFF, 0xFF, 0xFF, 0xFF, 0xFF, 0xFF, 0xFF, 0xFF,
	0xFF, 0xFF, 0xFF, 0xFF, 0xFF, 0xFF, 0xFF, 0xFF, 0xFF, 0xFF, 0xFF, 0xFF, 0xFF, 0xFF, 0xFF, 0xFF,
	0xFF, 0xFF, 0xFF, 0xFF, 0xFF, 0xFF, 0xFF, 0xFF, 0xFF, 0xFF, 0xFF, 0xFF, 0xFF, 0xFF, 0xFF, 0xFF,
	0xFF, 0xFF, 0xFF, 0xFF, 0xFF, 0xFF, 0xFF, 0xFF, 0xFF, 0xFF, 0xFF, 0xFF, 0xFF, 0xFF, 0xFF, 0xFF,
	0xFF, 0xFF, 0xFF, 0xFF, 0xFF, 0xFF, 0xFF, 0xFF, 0xFF, 0xFF, 0xFF, 0xFF, 0xFF, 0xFF, 0xFF, 0xFF,
	0xFF, 0xFF, 0xFF, 0xFF, 0xFF, 0xFF, 0xFF, 0xFF, 0xFF, 0xFF, 0xFF, 0xFF, 0xFF, 0xFF, 0xFF, 0xFF,
	0xFF, 0xFF, 0xFF, 0xFF, 0xFF, 0xFF, 0xFF, 0xFF, 0xFF, 0xFF, 0xFF, 0xFF, 0xFF, 0xFF, 0xFF, 0xFF,
	0xFF, 0xFF, 0xFF, 0xFF, 0xFF, 0xFF, 0xFF, 0xFF, 0xFF, 0xFF, 0xFF, 0xFF, 0xFF, 0xFF, 0xFF, 0xFF,
	0xFF, 0xFF, 0xFF, 0xFF, 0xFF, 0xFF, 0xFF, 0xFF, 0xFF, 0xFF, 0xFF, 0xFF, 0xFF, 0xFF, 0xFF, 0xFF,
	0xFF, 0xFF, 0xFF, 0xFF, 0xFF, 0xFF, 0xFF, 0xFF, 0xFF, 0xFF, 0xFF, 0xFF, 0xFF, 0xFF, 0xFF, 0xFF,
	0xFF, 0xFF, 0xFF, 0xFF, 0xFF, 0xFF, 0xFF, 0xFF, 0xFF, 0xFF, 0xFF, 0xFF, 0xFF, 0xFF, 0xFF, 0xFF,
	0xFF, 0xFF, 0xFF, 0xFF, 0xFF, 0xFF, 0xFF, 0xFF, 0xFF, 0xFF, 0xFF, 0xFF, 0xFF, 0xFF, 0xFF, 0xFF,
	0xFF, 0xFF, 0xFF, 0xFF, 0xFF, 0xFF, 0xFF, 0xFF, 0xFF, 0xFF, 0xFF, 0xFF, 0xFF, 0xFF, 0xFF, 0xFF,
	0xFF, 0xFF, 0xFF, 0xFF, 0xFF, 0xFF, 0xFF, 0xFF, 0xFF, 0xFF, 0xFF, 0xFF, 0xFF, 0xFF, 0xFF, 0xFF,
	0xFF, 0xFF, 0xFF, 0xFF, 0xFF, 0xFF, 0xFF, 0xFF, 0xFF, 0xFF, 0xFF, 0xFF, 0xFF, 0xFF, 0xFF, 0xFF,
	0xFF, 0xFF, 0xFF, 0xFF, 0xFF, 0xFF, 0xFF, 0xFF, 0xFF, 0xFF, 0xFF, 0xFF, 0xFF, 0xFF, 0xFF, 0xFF,
	0xFF, 0xFF, 0xFF, 0xFF, 0xFF, 0xFF, 0xFF, 0xFF, 0xFF, 0xFF, 0xFF, 0xFF, 0xFF, 0xFF, 0xFF, 0xFF,
	0xFF, 0xFF, 0xFF, 0xFF, 0xFF, 0xFF, 0xFF, 0xFF, 0xFF, 0xFF, 0xFF, 0xFF, 0xFF, 0xFF, 0xFF, 0xFF,
	0xFF, 0xFF, 0xFF, 0xFF, 0xFF, 0xFF, 0xFF, 0xFF, 0xFF, 0xFF, 0xFF, 0xFF, 0xFF, 0xFF, 0xFF, 0xFF,
	0xFF, 0xFF, 0xFF, 0xFF, 0xFF, 0xFF, 0xFF, 0xFF, 0xFF, 0xFF, 0xFF, 0xFF, 0xFF, 0xFF, 0xFF, 0xFF,
	0xFF, 0xFF, 0xFF, 0xFF, 0xFF, 0xFF, 0xFF, 0xFF, 0xFF, 0xFF, 0xFF, 0xFF, 0xFF, 0xFF, 0xFF, 0xFF,
	0xFF, 0xFF, 0xFF, 0xFF, 0xFF, 0xFF, 0xFF, 0xFF, 0xFF, 0xFF, 0xFF, 0xFF, 0xFF, 0xFF, 0xFF, 0xFF,
	0xFF, 0xFF, 0xFF, 0xFF, 0xFF, 0xFF, 0xFF, 0xFF, 0xFF, 0xFF, 0xFF, 0xFF, 0xFF, 0xFF, 0xFF, 0xFF,
	0xFF, 0xFF, 0xFF, 0xFF, 0xFF, 0xFF, 0xFF, 0xFF, 0xFF, 0xFF, 0xFF, 0xFF, 0xFF, 0xFF, 0xFF, 0xFF,
	0xFF, 0xFF, 0xFF, 0xFF, 0xFF, 0xFF, 0xFF, 0xFF, 0xFF, 0xFF, 0xFF, 0xFF, 0xFF, 0xFF, 0xFF, 0xFF,
	0xFF, 0xFF, 0xFF, 0xFF, 0xFF, 0xFF, 0xFF, 0xFF, 0xFF, 0xFF, 0xFF, 0xFF, 0xFF, 0xFF, 0xFF, 0xFF,
	0xFF, 0xFF, 0xFF, 0xFF, 0xFF, 0xFF, 0xFF, 0xFF, 0xFF, 0xFF, 0xFF, 0xFF, 0xFF, 0xFF, 0xFF, 0xFF,
	0xFF, 0xFF, 0xFF, 0xFF, 0xFF, 0xFF, 0xFF, 0xFF, 0xFF, 0xFF, 0xFF, 0xFF, 0xFF, 0xFF, 0xFF, 0xFF,
	0xFF, 0xFF, 0xFF, 0xFF, 0xFF, 0xFF, 0xFF, 0xFF, 0xFF, 0xFF, 0xFF, 0xFF, 0xFF, 0xFF, 0xFF, 0xFF,
	0xFF, 0xFF, 0xFF, 0xFF, 0xFF, 0xFF, 0xFF, 0xFF, 0xFF, 0xFF, 0xFF, 0xFF, 0xFF, 0xFF, 0xFF, 0xFF,
	0xFF, 0xFF, 0xFF, 0xFF, 0xFF, 0xFF, 0xFF, 0xFF, 0xFF, 0xFF, 0xFF, 0xFF, 0xFF, 0xFF, 0xFF, 0xFF,
	0xFF, 0xFF, 0xFF, 0xFF, 0xFF, 0xFF, 0xFF, 0xFF, 0xFF, 0xFF, 0xFF, 0xFF, 0xFF, 0xFF, 0xFF, 0xFF,
	0xFF, 0xFF, 0xFF, 0xFF, 0xFF, 0xFF, 0xFF, 0xFF, 0xFF, 0xFF, 0xFF, 0xFF, 0xFF, 0xFF, 0xFF, 0xFF,
	0xFF, 0xFF, 0xFF, 0xFF, 0xFF, 0xFF, 0xFF, 0xFF, 0xFF, 0xFF, 0xFF, 0xFF, 0xFF, 0xFF, 0xFF, 0xFF,
	0xFF, 0xFF, 0xFF, 0xFF, 0xFF, 0xFF, 0xFF, 0xFF, 0xFF, 0xFF, 0xFF, 0xFF, 0xFF, 0xFF, 0xFF, 0xFF,
	0xFF, 0xFF, 0xFF, 0xFF, 0xFF, 0xFF, 0xFF, 0xFF, 0xFF, 0xFF, 0xFF, 0xFF, 0xFF, 0xFF, 0xFF, 0xFF,
	0xFF, 0xFF, 0xFF, 0xFF, 0xFF, 0xFF, 0xFF, 0xFF, 0xFF, 0xFF, 0xFF, 0xFF, 0xFF, 0xFF, 0xFF, 0xFF,
	0xFF, 0xFF, 0xFF, 0xFF, 0xFF, 0xFF, 0xFF, 0xFF, 0xFF, 0xFF, 0xFF, 0xFF, 0xFF, 0xFF, 0xFF, 0xFF,
	0xFF, 0xFF, 0xFF, 0xFF, 0xFF, 0xFF, 0xFF, 0xFF, 0xFF, 0xFF, 0xFF, 0xFF, 0xFF, 0xFF, 0xFF, 0xFF,
	0xFF, 0xFF, 0xFF, 0xFF, 0xFF, 0xFF, 0xFF, 0xFF, 0xFF, 0xFF, 0xFF, 0xFF, 0xFF, 0xFF, 0xFF, 0xFF,
	0xFF, 0xFF, 0xFF, 0xFF, 0xFF, 0xFF, 0xFF, 0xFF, 0xFF, 0xFF, 0xFF, 0xFF, 0xFF, 0xFF, 0xFF, 0xFF,
	0xFF, 0xFF, 0xFF, 0xFF, 0xFF, 0xFF, 0xFF, 0xFF, 0xFF, 0xFF, 0xFF, 0xFF, 0xFF, 0xFF, 0xFF, 0xFF,
	0xFF, 0xFF, 0xFF, 0xFF, 0xFF, 0xFF, 0xFF, 0xFF, 0xFF, 0xFF, 0xFF, 0xFF, 0xFF, 0xFF, 0xFF, 0xFF,
	0xFF, 0xFF, 0xFF, 0xFF, 0xFF, 0xFF, 0xFF, 0xFF, 0xFF, 0xFF, 0xFF, 0xFF, 0xFF, 0xFF, 0xFF, 0xFF,
	0xFF, 0xFF, 0xFF, 0xFF, 0xFF, 0xFF, 0xFF, 0xFF, 0xFF, 0xFF, 0xFF, 0xFF, 0xFF, 0xFF, 0xFF, 0xFF,
	0xFF, 0xFF, 0xFF, 0xFF, 0xFF, 0xFF, 0xFF, 0xFF, 0xFF, 0xFF, 0xFF, 0xFF, 0xFF, 0xFF, 0xFF, 0xFF,
	0xFF, 0xFF, 0xFF, 0xFF, 0xFF, 0xFF, 0xFF, 0xFF, 0xFF, 0xFF, 0xFF, 0xFF, 0xFF, 0xFF, 0xFF, 0xFF,
	0xFF, 0xFF, 0xFF, 0xFF, 0xFF, 0xFF, 0xFF, 0xFF, 0xFF, 0xFF, 0xFF, 0xFF, 0xFF, 0xFF, 0xFF, 0xFF,
	0xFF, 0xFF, 0xFF, 0xFF, 0xFF, 0xFF, 0xFF, 0xFF, 0xFF, 0xFF, 0xFF, 0xFF, 0xFF, 0xFF, 0xFF, 0xFF,
	0xFF, 0xFF, 0xFF, 0xFF, 0xFF, 0xFF, 0xFF, 0xFF, 0xFF, 0xFF, 0xFF, 0xFF, 0xFF, 0xFF, 0xFF, 0xFF,
	0xFF, 0xFF, 0xFF, 0xFF, 0xFF, 0xFF, 0xFF, 0xFF, 0xFF, 0xFF, 0xFF, 0xFF, 0xFF, 0xFF, 0xFF, 0xFF,
	0xFF, 0xFF, 0xFF, 0xFF, 0xFF, 0xFF, 0xFF, 0xFF, 0xFF, 0xFF, 0xFF, 0xFF, 0xFF, 0xFF, 0xFF, 0xFF,
	0xFF, 0xFF, 0xFF, 0xFF, 0xFF, 0xFF, 0xFF, 0xFF, 0xFF, 0xFF, 0xFF, 0xFF, 0xFF, 0xFF, 0xFF, 0xFF,
	0xFF, 0xFF, 0xFF, 0xFF, 0xFF, 0xFF, 0xFF, 0xFF, 0xFF, 0xFF, 0xFF, 0xFF, 0xFF, 0xFF, 0xFF, 0xFF,
	0xFF, 0xFF, 0xFF, 0xFF, 0xFF, 0xFF, 0xFF, 0xFF, 0xFF, 0xFF, 0xFF, 0xFF, 0xFF, 0xFF, 0xFF, 0xFF,
	0xFF, 0xFF, 0xFF, 0xFF, 0xFF, 0xFF, 0xFF, 0xFF, 0xFF, 0xFF, 0xFF, 0xFF, 0xFF, 0xFF, 0xFF, 0xFF,
	0xFF, 0xFF, 0xFF, 0xFF, 0xFF, 0xFF, 0xFF, 0xFF, 0xFF, 0xFF, 0xFF, 0xFF, 0xFF, 0xFF, 0xFF, 0xFF,
	0xFF, 0xFF, 0xFF, 0xFF, 0xFF, 0xFF, 0xFF, 0xFF, 0xFF, 0xFF, 0xFF, 0xFF, 0xFF, 0xFF, 0xFF, 0xFF,
	0xFF, 0xFF, 0xFF, 0xFF, 0xFF, 0xFF, 0xFF, 0xFF, 0xFF, 0xFF, 0xFF, 0xFF, 0xFF, 0xFF, 0xFF, 0xFF,
	0xFF, 0xFF, 0xFF, 0xFF, 0xFF, 0xFF, 0xFF, 0xFF, 0xFF, 0xFF, 0xFF, 0xFF, 0xFF, 0xFF, 0xFF, 0xFF,
	0xFF, 0xFF, 0xFF, 0xFF, 0xFF, 0xFF, 0xFF, 0xFF, 0xFF, 0xFF, 0xFF, 0xFF, 0xFF, 0xFF, 0xFF, 0xFF,
	0xFF, 0xFF, 0xFF, 0xFF, 0xFF, 0xFF, 0xFF, 0xFF, 0xFF, 0xFF, 0xFF, 0xFF, 0xFF, 0xFF, 0xFF, 0xFF,
	0xFF, 0xFF, 0xFF, 0xFF, 0xFF, 0xFF, 0xFF, 0xFF, 0xFF, 0xFF, 0xFF, 0xFF, 0xFF, 0xFF, 0xFF, 0xFF,
	0xFF, 0xFF, 0xFF, 0xFF, 0xFF, 0xFF, 0xFF, 0xFF, 0xFF, 0xFF, 0xFF, 0xFF, 0xFF, 0xFF, 0xFF, 0xFF,
	0xFF, 0xFF, 0xFF, 0xFF, 0xFF, 0xFF, 0xFF, 0xFF, 0xFF, 0xFF, 0xFF, 0xFF, 0xFF, 0xFF, 0xFF, 0xFF,
	0xFF, 0xFF, 0xFF, 0xFF, 0xFF, 0xFF, 0xFF, 0xFF, 0xFF, 0xFF, 0xFF, 0xFF, 0xFF, 0xFF, 0xFF, 0xFF,
	0xFF, 0xFF, 0xFF, 0xFF, 0xFF, 0xFF, 0xFF, 0xFF, 0xFF, 0xFF, 0xFF, 0xFF, 0xFF, 0xFF, 0xFF, 0xFF,
	0xFF, 0xFF, 0xFF, 0xFF, 0xFF, 0xFF, 0xFF, 0xFF, 0xFF, 0xFF, 0xFF, 0xFF, 0xFF, 0xFF, 0xFF, 0xFF,
	0xFF, 0xFF, 0xFF, 0xFF, 0xFF, 0xFF, 0xFF, 0xFF, 0xFF, 0xFF, 0xFF, 0xFF, 0xFF, 0xFF, 0xFF, 0xFF,
	0xFF, 0xFF, 0xFF, 0xFF, 0xFF, 0xFF, 0xFF, 0xFF, 0xFF, 0xFF, 0xFF, 0xFF, 0xFF, 0xFF, 0xFF, 0xFF,
	0xFF, 0xFF, 0xFF, 0xFF, 0xFF, 0xFF, 0xFF, 0xFF, 0xFF, 0xFF, 0xFF, 0xFF, 0xFF, 0xFF, 0xFF, 0xFF,
	0xFF, 0xFF, 0xFF, 0xFF, 0xFF, 0xFF, 0xFF, 0xFF, 0xFF, 0xFF, 0xFF, 0xFF, 0xFF, 0xFF, 0xFF, 0xFF,
	0xFF, 0xFF, 0xFF, 0xFF, 0xFF, 0xFF, 0xFF, 0xFF, 0xFF, 0xFF, 0xFF, 0xFF, 0xFF, 0xFF, 0xFF, 0xFF,
	0xFF, 0xFF, 0xFF, 0xFF, 0xFF, 0xFF, 0xFF, 0xFF, 0xFF, 0xFF, 0xFF, 0xFF, 0xFF, 0xFF, 0xFF, 0xFF,
	0xFF, 0xFF, 0xFF, 0xFF, 0xFF, 0xFF, 0xFF, 0xFF, 0xFF, 0xFF, 0xFF, 0xFF, 0xFF, 0xFF, 0xFF, 0xFF,
	0xFF, 0xFF, 0xFF, 0xFF, 0xFF, 0xFF, 0xFF, 0xFF, 0xFF, 0xFF, 0xFF, 0xFF, 0xFF, 0xFF, 0xFF, 0xFF,
	0xFF, 0xFF, 0xFF, 0xFF, 0xFF, 0xFF, 0xFF, 0xFF, 0xFF, 0xFF, 0xFF, 0xFF, 0xFF, 0xFF, 0xFF, 0xFF,
	0xFF, 0xFF, 0xFF, 0xFF, 0xFF, 0xFF, 0xFF, 0xFF, 0xFF, 0xFF, 0xFF, 0xFF, 0xFF, 0xFF, 0xFF, 0xFF,
	0xFF, 0xFF, 0xFF, 0xFF, 0xFF, 0xFF, 0xFF, 0xFF, 0xFF, 0xFF, 0xFF, 0xFF, 0xFF, 0xFF, 0xFF, 0xFF,
	0xFF, 0xFF, 0xFF, 0xFF, 0xFF, 0xFF, 0xFF, 0xFF, 0xFF, 0xFF, 0xFF, 0xFF, 0xFF, 0xFF, 0xFF, 0xFF,
	0xFF, 0xFF, 0xFF, 0xFF, 0xFF, 0xFF, 0xFF, 0xFF, 0xFF, 0xFF, 0xFF, 0xFF, 0xFF, 0xFF, 0xFF, 0xFF,
	0xFF, 0xFF, 0xFF, 0xFF, 0xFF, 0xFF, 0xFF, 0xFF, 0xFF, 0xFF, 0xFF, 0xFF, 0xFF, 0xFF, 0xFF, 0xFF,
	0xFF, 0xFF, 0xFF, 0xFF, 0xFF, 0xFF, 0xFF, 0xFF, 0xFF, 0xFF, 0xFF, 0xFF, 0xFF, 0xFF, 0xFF, 0xFF,
	0xFF, 0xFF, 0xFF, 0xFF, 0xFF, 0xFF, 0xFF, 0xFF, 0xFF, 0xFF, 0xFF, 0xFF, 0xFF, 0xFF, 0xFF, 0xFF,
	0xFF, 0xFF, 0xFF, 0xFF, 0xFF, 0xFF, 0xFF, 0xFF, 0xFF, 0xFF, 0xFF, 0xFF, 0xFF, 0xFF, 0xFF, 0xFF,
	0xFF, 0xFF, 0xFF, 0xFF, 0xFF, 0xFF, 0xFF, 0xFF, 0xFF, 0xFF, 0xFF, 0xFF, 0xFF, 0xFF, 0xFF, 0xFF,
	0xFF, 0xFF, 0xFF, 0xFF, 0xFF, 0xFF, 0xFF, 0xFF, 0xFF, 0xFF, 0xFF, 0xFF, 0xFF, 0xFF, 0xFF, 0xFF,
	0xFF, 0xFF, 0xFF, 0xFF, 0xFF, 0xFF, 0xFF, 0xFF, 0xFF, 0xFF, 0xFF, 0xFF, 0xFF, 0xFF, 0xFF, 0xFF,
	0xFF, 0xFF, 0xFF, 0xFF, 0xFF, 0xFF, 0xFF, 0xFF, 0xFF, 0xFF, 0xFF, 0xFF, 0xFF, 0xFF, 0xFF, 0xFF,
	0xFF, 0xFF, 0xFF, 0xFF, 0xFF, 0xFF, 0xFF, 0xFF, 0xFF, 0xFF, 0xFF, 0xFF, 0xFF, 0xFF, 0xFF, 0xFF,
	0xFF, 0xFF, 0xFF, 0xFF, 0xFF, 0xFF, 0xFF, 0xFF, 0xFF, 0xFF, 0xFF, 0xFF, 0xFF, 0xFF, 0xFF, 0xFF,
	0xFF, 0xFF, 0xFF, 0xFF, 0xFF, 0xFF, 0xFF, 0xFF, 0xFF, 0xFF, 0xFF, 0xFF, 0xFF, 0xFF, 0xFF, 0xFF,
	0xFF, 0xFF, 0xFF, 0xFF, 0xFF, 0xFF, 0xFF, 0xFF, 0xFF, 0xFF, 0xFF, 0xFF, 0xFF, 0xFF, 0xFF, 0xFF,
	0xFF, 0xFF, 0xFF, 0xFF, 0xFF, 0xFF, 0xFF, 0xFF, 0xFF, 0xFF, 0xFF, 0xFF, 0xFF, 0xFF, 0xFF, 0xFF,
	0xFF, 0xFF, 0xFF, 0xFF, 0xFF, 0xFF, 0xFF, 0xFF, 0xFF, 0xFF, 0xFF, 0xFF, 0xFF, 0xFF, 0xFF, 0xFF,
	0xFF, 0xFF, 0xFF, 0xFF, 0xFF, 0xFF, 0xFF, 0xFF, 0xFF, 0xFF, 0xFF, 0xFF, 0xFF, 0xFF, 0xFF, 0xFF,
	0xFF, 0xFF, 0xFF, 0xFF, 0xFF, 0xFF, 0xFF, 0xFF, 0xFF, 0xFF, 0xFF, 0xFF, 0xFF, 0xFF, 0xFF, 0xFF,
	0xFF, 0xFF, 0xFF, 0xFF, 0xFF, 0xFF, 0xFF, 0xFF, 0xFF, 0xFF, 0xFF, 0xFF, 0xFF, 0xFF, 0xFF, 0xFF,
	0xFF, 0xFF, 0xFF, 0xFF, 0xFF, 0xFF, 0xFF, 0xFF, 0xFF, 0xFF, 0xFF, 0xFF, 0xFF, 0xFF, 0xFF, 0xFF,
	0xFF, 0xFF, 0xFF, 0xFF, 0xFF, 0xFF, 0xFF, 0xFF, 0xFF, 0xFF, 0xFF, 0xFF, 0xFF, 0xFF, 0xFF, 0xFF,
	0xFF, 0xFF, 0xFF, 0xFF, 0xFF, 0xFF, 0xFF, 0xFF, 0xFF, 0xFF, 0xFF, 0xFF, 0xFF, 0xFF, 0xFF, 0xFF,
	0xFF, 0xFF, 0xFF, 0xFF, 0xFF, 0xFF, 0xFF, 0xFF, 0xFF, 0xFF, 0xFF, 0xFF, 0xFF, 0xFF, 0xFF, 0xFF,
	0xFF, 0xFF, 0xFF, 0xFF, 0xFF, 0xFF, 0xFF, 0xFF, 0xFF, 0xFF, 0xFF, 0xFF, 0xFF, 0xFF, 0xFF, 0xFF,
	0xFF, 0xFF, 0xFF, 0xFF, 0xFF, 0xFF, 0xFF, 0xFF, 0xFF, 0xFF, 0xFF, 0xFF, 0xFF, 0xFF, 0xFF, 0xFF,
	0xFF, 0xFF, 0xFF, 0xFF, 0xFF, 0xFF, 0xFF, 0xFF, 0xFF, 0xFF, 0xFF, 0xFF, 0xFF, 0xFF, 0xFF, 0xFF,
	0xFF, 0xFF, 0xFF, 0xFF, 0xFF, 0xFF, 0xFF, 0xFF, 0xFF, 0xFF, 0xFF, 0xFF, 0xFF, 0xFF, 0xFF, 0xFF,
	0xFF, 0xFF, 0xFF, 0xFF, 0xFF, 0xFF, 0xFF, 0xFF, 0xFF, 0xFF, 0xFF, 0xFF, 0xFF, 0xFF, 0xFF, 0xFF,
	0xFF, 0xFF, 0xFF, 0xFF, 0xFF, 0xFF, 0xFF, 0xFF, 0xFF, 0xFF, 0xFF, 0xFF, 0xFF, 0xFF, 0xFF, 0xFF,
	0xFF, 0xFF, 0xFF, 0xFF, 0xFF, 0xFF, 0xFF, 0xFF, 0xFF, 0xFF, 0xFF, 0xFF, 0xFF, 0xFF, 0xFF, 0xFF,
	0xFF, 0xFF, 0xFF, 0xFF, 0xFF, 0xFF, 0xFF, 0xFF, 0xFF, 0xFF, 0xFF, 0xFF, 0xFF, 0xFF, 0xFF, 0xFF,
	0xFF, 0xFF, 0xFF, 0xFF, 0xFF, 0xFF, 0xFF, 0xFF, 0xFF, 0xFF, 0xFF, 0xFF, 0xFF, 0xFF, 0xFF, 0xFF,
	0xFF, 0xFF, 0xFF, 0xFF, 0xFF, 0xFF, 0xFF, 0xFF, 0xFF, 0xFF, 0xFF, 0xFF, 0xFF, 0xFF, 0xFF, 0xFF,
	0xFF, 0xFF, 0xFF, 0xFF, 0xFF, 0xFF, 0xFF, 0xFF, 0xFF, 0xFF, 0xFF, 0xFF, 0xFF, 0xFF, 0xFF, 0xFF,
	0xFF, 0xFF, 0xFF, 0xFF, 0xFF, 0xFF, 0xFF, 0xFF, 0xFF, 0xFF, 0xFF, 0xFF, 0xFF, 0xFF, 0xFF, 0xFF,
	0xFF, 0xFF, 0xFF, 0xFF, 0xFF, 0xFF, 0xFF, 0xFF, 0xFF, 0xFF, 0xFF, 0xFF, 0xFF, 0xFF, 0xFF, 0xFF,
	0xFF, 0xFF, 0xFF, 0xFF, 0xFF, 0xFF, 0xFF, 0xFF, 0xFF, 0xFF, 0xFF, 0xFF, 0xFF, 0xFF, 0xFF, 0xFF,
	0xFF, 0xFF, 0xFF, 0xFF, 0xFF, 0xFF, 0xFF, 0xFF, 0xFF, 0xFF, 0xFF, 0xFF, 0xFF, 0xFF, 0xFF, 0xFF,
	0xFF, 0xFF, 0xFF, 0xFF, 0xFF, 0xFF, 0xFF, 0xFF, 0xFF, 0xFF, 0xFF, 0xFF, 0xFF, 0xFF, 0xFF, 0xFF,
	0xFF, 0xFF, 0xFF, 0xFF, 0xFF, 0xFF, 0xFF, 0xFF, 0xFF, 0xFF, 0xFF, 0xFF, 0xFF, 0xFF, 0xFF, 0xFF,
	0xFF, 0xFF, 0xFF, 0xFF, 0xFF, 0xFF, 0xFF, 0xFF, 0xFF, 0xFF, 0xFF, 0xFF, 0xFF, 0xFF, 0xFF, 0xFF,
	0xFF, 0xFF, 0xFF, 0xFF, 0xFF, 0xFF, 0xFF, 0xFF, 0xFF, 0xFF, 0xFF, 0xFF, 0xFF, 0xFF, 0xFF, 0xFF,
	0xFF, 0xFF, 0xFF, 0xFF, 0xFF, 0xFF, 0xFF, 0xFF, 0xFF, 0xFF, 0xFF, 0xFF, 0xFF, 0xFF, 0xFF, 0xFF,
	0xFF, 0xFF, 0xFF, 0xFF, 0xFF, 0xFF, 0xFF, 0xFF, 0xFF, 0xFF, 0xFF, 0xFF, 0xFF, 0xFF, 0xFF, 0xFF,
	0xFF, 0xFF, 0xFF, 0xFF, 0xFF, 0xFF, 0xFF, 0xFF, 0xFF, 0xFF, 0xFF, 0xFF, 0xFF, 0xFF, 0xFF, 0xFF,
	0xFF, 0xFF, 0xFF, 0xFF, 0xFF, 0xFF, 0xFF, 0xFF, 0xFF, 0xFF, 0xFF, 0xFF, 0xFF, 0xFF, 0xFF, 0xFF,
	0xFF, 0xFF, 0xFF, 0xFF, 0xFF, 0xFF, 0xFF, 0xFF, 0xFF, 0xFF, 0xFF, 0xFF, 0xFF, 0xFF, 0xFF, 0xFF,
	0xFF, 0xFF, 0xFF, 0xFF, 0xFF, 0xFF, 0xFF, 0xFF, 0xFF, 0xFF, 0xFF, 0xFF, 0xFF, 0xFF, 0xFF, 0xFF,
	0xFF, 0xFF, 0xFF, 0xFF, 0xFF, 0xFF, 0xFF, 0xFF, 0xFF, 0xFF, 0xFF, 0xFF, 0xFF, 0xFF, 0xFF, 0xFF,
	0xFF, 0xFF, 0xFF, 0xFF, 0xFF, 0xFF, 0xFF, 0xFF, 0xFF, 0xFF, 0xFF, 0xFF, 0xFF, 0xFF, 0xFF, 0xFF,
	0xFF, 0xFF, 0xFF, 0xFF, 0xFF, 0xFF, 0xFF, 0xFF, 0xFF, 0xFF, 0xFF, 0xFF, 0xFF, 0xFF, 0xFF, 0xFF,
	0xFF, 0xFF, 0xFF, 0xFF, 0xFF, 0xFF, 0xFF, 0xFF, 0xFF, 0xFF, 0xFF, 0xFF, 0xFF, 0xFF, 0xFF, 0xFF,
	0xFF, 0xFF, 0xFF, 0xFF, 0xFF, 0xFF, 0xFF, 0xFF, 0xFF, 0xFF, 0xFF, 0xFF, 0xFF, 0xFF, 0xFF, 0xFF,
	0xFF, 0xFF, 0xFF, 0xFF, 0xFF, 0xFF, 0xBC, 0xD6, 0x6A, 0x21, 0x07, 0x00, 0xF1, 0x5A, 0xFF, 0xFF,
	0xFF, 0xFF, 0xFF, 0xFF, 0xFF, 0xFF, 0xFF, 0xFF, 0xFF, 0xFF, 0xFF, 0xFF, 0xFF, 0xFF, 0xFF, 0xFF,
	0xFF, 0xFF, 0xFF, 0xFF, 0xFF, 0xFF, 0xFF, 0xFF, 0xFF, 0xFF, 0xFF, 0xFF, 0xFF, 0xFF, 0xFF, 0xFF,
	0xFF, 0xFF, 0xFF, 0xFF, 0xFF, 0xFF, 0xFF, 0xFF, 0xFF, 0xFF, 0xFF, 0xFF, 0xFF, 0xFF, 0xFF, 0xFF,
	0xFF, 0xFF, 0xFF, 0xFF, 0xFF, 0xFF, 0xFF, 0xFF, 0xFF, 0xFF, 0xFF, 0xFF, 0xFF, 0xFF, 0xFF, 0xFF,
	0xFF, 0xFF, 0xFF, 0xFF, 0xFF, 0xFF, 0xFF, 0xFF, 0xFF, 0xFF, 0xFF, 0xFF, 0xFF, 0xFF, 0xFF, 0xFF,
	0xFF, 0xFF, 0xFF, 0xFF, 0xFF, 0xFF, 0xFF, 0xFF, 0xFF, 0xFF, 0xFF, 0xFF, 0xFF, 0xFF, 0xFF, 0xFF,
	0xFF, 0xFF, 0xFF, 0xFF, 0xFF, 0xFF, 0xFF, 0xFF, 0xFF, 0xFF, 0xFF, 0xFF, 0xFF, 0xFF, 0xFF, 0xFF,
	0xFF, 0xFF, 0xFF, 0xFF, 0xFF, 0xFF, 0xFF, 0xFF, 0xFF, 0xFF, 0xFF, 0xFF, 0xFF, 0xFF, 0xFF, 0xFF,
	0xFF, 0xFF, 0xFF, 0xFF, 0xFF, 0xFF, 0xFF, 0xFF, 0xFF, 0xFF, 0xFF, 0xFF, 0xFF, 0xFF, 0xFF, 0xFF,
	0xFF, 0xFF, 0xFF, 0xFF, 0xFF, 0xFF, 0xFF, 0xFF, 0xFF, 0xFF, 0xFF, 0xFF, 0xFF, 0xFF, 0xFF, 0xFF,
	0xFF, 0xFF, 0xFF, 0xFF, 0xFF, 0xFF, 0xFF, 0xFF, 0xFF, 0xFF, 0xFF, 0xFF, 0xFF, 0xFF, 0xFF, 0xFF,
	0xFF, 0xFF, 0xFF, 0xFF, 0xFF, 0xFF, 0xFF, 0xFF, 0xFF, 0xFF, 0xFF, 0xFF, 0xFF, 0xFF, 0xFF, 0xFF,
	0xFF, 0xFF, 0xFF, 0xFF, 0xFF, 0xFF, 0xFF, 0xFF, 0xFF, 0xFF, 0xFF, 0xFF, 0xFF, 0xFF, 0xFF, 0xFF,
	0xFF, 0xFF, 0xFF, 0xFF, 0xFF, 0xFF, 0xFF, 0xFF, 0xFF, 0xFF, 0xFF, 0xFF, 0xFF, 0xFF, 0xFF, 0xFF,
	0xFF, 0xFF, 0xFF, 0xFF, 0xFF, 0xFF, 0xFF, 0xFF, 0xFF, 0xFF, 0xFF, 0xFF, 0xFF, 0xFF, 0xFF, 0xFF,
	0xFF, 0xFF, 0xFF, 0xFF, 0xBC, 0xD6, 0x02, 0x00, 0x05, 0x00, 0x09, 0x11, 0x04, 0x00, 0xC8, 0x10,
	0xFF, 0xFF, 0xFF, 0xFF, 0xFF, 0xFF, 0xFF, 0xFF, 0xFF, 0xFF, 0xFF, 0xFF, 0xFF, 0xFF, 0xFF, 0xFF,
	0xFF, 0xFF, 0xFF, 0xFF, 0xFF, 0xFF, 0xFF, 0xFF, 0xFF, 0xFF, 0xFF, 0xFF, 0xFF, 0xFF, 0xFF, 0xFF,
	0xFF, 0xFF, 0xFF, 0xFF, 0xFF, 0xFF, 0xFF, 0xFF, 0xFF, 0xFF, 0xFF, 0xFF, 0xFF, 0xFF, 0xFF, 0xFF,
	0xFF, 0xFF, 0xFF, 0xFF, 0xFF, 0xFF, 0xFF, 0xFF, 0xFF, 0xFF, 0xFF, 0xFF, 0xFF, 0xFF, 0xFF, 0xFF,
	0xFF, 0xFF, 0xFF, 0xFF, 0xFF, 0xFF, 0xFF, 0xFF, 0xFF, 0xFF, 0xFF, 0xFF, 0xFF, 0xFF, 0xFF, 0xFF,
	0xFF, 0xFF, 0xFF, 0xFF, 0xFF, 0xFF, 0xFF, 0xFF, 0xFF, 0xFF, 0xFF, 0xFF, 0xFF, 0xFF, 0xFF, 0xFF,
	0xFF, 0xFF, 0xFF, 0xFF, 0xFF, 0xFF, 0xFF, 0xFF, 0xFF, 0xFF, 0xFF, 0xFF, 0xFF, 0xFF, 0xFF, 0xFF,
	0xFF, 0xFF, 0xFF, 0xFF, 0xFF, 0xFF, 0xFF, 0xFF, 0xFF, 0xFF, 0xFF, 0xFF, 0xFF, 0xFF, 0xFF, 0xFF,
	0xFF, 0xFF, 0xFF, 0xFF, 0xFF, 0xFF, 0xFF, 0xFF, 0xFF, 0xFF, 0xFF, 0xFF, 0xFF, 0xFF, 0xFF, 0xFF,
	0xFF, 0xFF, 0xFF, 0xFF, 0xFF, 0xFF, 0xFF, 0xFF, 0xFF, 0xFF, 0xFF, 0xFF, 0xFF, 0xFF, 0xFF, 0xFF,
	0xFF, 0xFF, 0xFF, 0xFF, 0xFF, 0xFF, 0xFF, 0xFF, 0xFF, 0xFF, 0xFF, 0xFF, 0xFF, 0xFF, 0xFF, 0xFF,
	0xFF, 0xFF, 0xFF, 0xFF, 0xFF, 0xFF, 0xFF, 0xFF, 0xFF, 0xFF, 0xFF, 0xFF, 0xFF, 0xFF, 0xFF, 0xFF,
	0xFF, 0xFF, 0xFF, 0xFF, 0xFF, 0xFF, 0xFF, 0xFF, 0xFF, 0xFF, 0xFF, 0xFF, 0xFF, 0xFF, 0xFF, 0xFF,
	0xFF, 0xFF, 0xFF, 0xFF, 0xFF, 0xFF, 0xFF, 0xFF, 0xFF, 0xFF, 0xFF, 0xFF, 0xFF, 0xFF, 0xFF, 0xFF,
	0xFF, 0xFF, 0xFF, 0xFF, 0xFF, 0xFF, 0xFF, 0xFF, 0xFF, 0xFF, 0xFF, 0xFF, 0xFF, 0xFF, 0xFF, 0xFF,
	0xFF, 0xFF, 0xFF, 0xFF, 0x46, 0x08, 0x29, 0x21, 0xFF, 0xFF, 0xFF, 0xFF, 0xDC, 0xD6, 0x03, 0x00,
	0xD5, 0x94, 0xFF, 0xFF, 0xFF, 0xFF, 0xFF, 0xFF, 0xFF, 0xFF, 0xFF, 0xFF, 0xFF, 0xFF, 0xFF, 0xFF,
	0xFF, 0xFF, 0xFF, 0xFF, 0xFF, 0xFF, 0xFF, 0xFF, 0xFF, 0xFF, 0xFF, 0xFF, 0xFF, 0xFF, 0xFF, 0xFF,
	0xFF, 0xFF, 0xFF, 0xFF, 0xFF, 0xFF, 0xFF, 0xFF, 0xFF, 0xFF, 0xFF, 0xFF, 0xFF, 0xFF, 0xFF, 0xFF,
	0xFF, 0xFF, 0xFF, 0xFF, 0xFF, 0xFF, 0xFF, 0xFF, 0xFF, 0xFF, 0xFF, 0xFF, 0xFF, 0xFF, 0xFF, 0xFF,
	0xFF, 0xFF, 0xFF, 0xFF, 0xFF, 0xFF, 0xFF, 0xFF, 0xFF, 0xFF, 0xFF, 0xFF, 0xFF, 0xFF, 0xFF, 0xFF,
	0xFF, 0xFF, 0xFF, 0xFF, 0xFF, 0xFF, 0xFF, 0xFF, 0xFF, 0xFF, 0xFF, 0xFF, 0xFF, 0xFF, 0xFF, 0xFF,
	0xFF, 0xFF, 0xFF, 0xFF, 0xFF, 0xFF, 0xFF, 0xFF, 0xFF, 0xFF, 0xFF, 0xFF, 0xFF, 0xFF, 0xFF, 0xFF,
	0xFF, 0xFF, 0xFF, 0xFF, 0xFF, 0xFF, 0xFF, 0xFF, 0xFF, 0xFF, 0xFF, 0xFF, 0xFF, 0xFF, 0xFF, 0xFF,
	0xFF, 0xFF, 0xFF, 0xFF, 0xFF, 0xFF, 0xFF, 0xFF, 0xFF, 0xFF, 0xFF, 0xFF, 0xFF, 0xFF, 0xFF, 0xFF,
	0xFF, 0xFF, 0xFF, 0xFF, 0xFF, 0xFF, 0xFF, 0xFF, 0xFF, 0xFF, 0xFF, 0xFF, 0xFF, 0xFF, 0xFF, 0xFF,
	0xFF, 0xFF, 0xFF, 0xFF, 0xFF, 0xFF, 0xFF, 0xFF, 0xFF, 0xFF, 0xFF, 0xFF, 0xFF, 0xFF, 0xFF, 0xFF,
	0xFF, 0xFF, 0xFF, 0xFF, 0xFF, 0xFF, 0xFF, 0xFF, 0xFF, 0xFF, 0xFF, 0xFF, 0xFF, 0xFF, 0xFF, 0xFF,
	0xFF, 0xFF, 0xFF, 0xFF, 0xFF, 0xFF, 0xFF, 0xFF, 0xFF, 0xFF, 0xFF, 0xFF, 0xFF, 0xFF, 0xFF, 0xFF,
	0xFF, 0xFF, 0xFF, 0xFF, 0xFF, 0xFF, 0xFF, 0xFF, 0xFF, 0xFF, 0xFF, 0xFF, 0xFF, 0xFF, 0xFF, 0xFF,
	0xFF, 0xFF, 0xFF, 0xFF, 0xFF, 0xFF, 0xFF, 0xFF, 0xFF, 0xFF, 0xFF, 0xFF, 0xFF, 0xFF, 0xFF, 0xFF,
	0xFF, 0xFF, 0x3B, 0xCE, 0x02, 0x00, 0xBF, 0xF7, 0xFF, 0xFF, 0xFF, 0xFF, 0xFF, 0xFF, 0xF1, 0x73,
	0x0A, 0x19, 0xFF, 0xFF, 0xFF, 0xFF, 0xFF, 0xFF, 0xFF, 0xFF, 0xFF, 0xFF, 0xFF, 0xFF, 0xFF, 0xFF,
	0xFF, 0xFF, 0xFF, 0xFF, 0xFF, 0xFF, 0xFF, 0xFF, 0xFF, 0xFF, 0xFF, 0xFF, 0xFF, 0xFF, 0xFF, 0xFF,
	0xFF, 0xFF, 0xFF, 0xFF, 0xFF, 0xFF, 0xFF, 0xFF, 0xFF, 0xFF, 0xFF, 0xFF, 0xFF, 0xFF, 0xFF, 0xFF,
	0xFF, 0xFF, 0xFF, 0xFF, 0xFF, 0xFF, 0xFF, 0xFF, 0xFF, 0xFF, 0xFF, 0xFF, 0xFF, 0xFF, 0xFF, 0xFF,
	0xFF, 0xFF, 0xFF, 0xFF, 0xFF, 0xFF, 0xFF, 0xFF, 0xFF, 0xFF, 0xFF, 0xFF, 0xFF, 0xFF, 0xFF, 0xFF,
	0xFF, 0xFF, 0xFF, 0xFF, 0xFF, 0xFF, 0xFF, 0xFF, 0xFF, 0xFF, 0xFF, 0xFF, 0xFF, 0xFF, 0xFF, 0xFF,
	0xFF, 0xFF, 0xFF, 0xFF, 0xFF, 0xFF, 0xFF, 0xFF, 0xFF, 0xFF, 0xFF, 0xFF, 0xFF, 0xFF, 0xFF, 0xFF,
	0xFF, 0xFF, 0xFF, 0xFF, 0xFF, 0xFF, 0xFF, 0xFF, 0xFF, 0xFF, 0xFF, 0xFF, 0xFF, 0xFF, 0xFF, 0xFF,
	0xFF, 0xFF, 0xFF, 0xFF, 0xFF, 0xFF, 0xFF, 0xFF, 0xFF, 0xFF, 0xFF, 0xFF, 0xFF, 0xFF, 0xFF, 0xFF,
	0xFF, 0xFF, 0xFF, 0xFF, 0xFF, 0xFF, 0xFF, 0xFF, 0xFF, 0xFF, 0xFF, 0xFF, 0xFF, 0xFF, 0xFF, 0xFF,
	0xFF, 0xFF, 0xFF, 0xFF, 0xFF, 0xFF, 0xFF, 0xFF, 0xFF, 0xFF, 0xFF, 0xFF, 0xFF, 0xFF, 0xFF, 0xFF,
	0xFF, 0xFF, 0xFF, 0xFF, 0xFF, 0xFF, 0xFF, 0xFF, 0xFF, 0xFF, 0xFF, 0xFF, 0xFF, 0xFF, 0xFF, 0xFF,
	0xDF, 0xFF, 0xFF, 0xFF, 0xFF, 0xFF, 0xFF, 0xFF, 0xFF, 0xFF, 0xFF, 0xFF, 0xDF, 0xFF, 0xFF, 0xFF,
	0xFF, 0xFF, 0xFF, 0xFF, 0xFF, 0xFF, 0xFF, 0xFF, 0xFF, 0xFF, 0xFF, 0xFF, 0xFF, 0xFF, 0xFF, 0xFF,
	0xFF, 0xFF, 0xFF, 0xFF, 0xFF, 0xFF, 0xFF, 0xFF, 0x3E, 0xE7, 0xFF, 0xFF, 0xFF, 0xFF, 0xFF, 0xFF,
	0xFF, 0xFF, 0x50, 0x63, 0x8A, 0x31, 0xFF, 0xFF, 0xFF, 0xFF, 0xFF, 0xFF, 0xFF, 0xFF, 0xDF, 0xFF,
	0x00, 0x00, 0xFF, 0xFF, 0xFF, 0xFF, 0xFF, 0xFF, 0xFF, 0xFF, 0xFF, 0xFF, 0xFF, 0xFF, 0xFF, 0xFF,
	0xFF, 0xFF, 0xFF, 0xFF, 0xFF, 0xFF, 0xFF, 0xFF, 0xFF, 0xFF, 0xFF, 0xFF, 0xFF, 0xFF, 0xFF, 0xFF,
	0xFF, 0xFF, 0xFF, 0xFF, 0xFF, 0xFF, 0xDF, 0xF7, 0xFF, 0xFF, 0xFF, 0xFF, 0xFF, 0xFF, 0xFF, 0xFF,
	0xFF, 0xFF, 0xFF, 0xFF, 0xFF, 0xFF, 0xFF, 0xFF, 0xFF, 0xFF, 0xFF, 0xFF, 0xFF, 0xFF, 0xFF, 0xFF,
	0xFF, 0xFF, 0xFF, 0xFF, 0xFF, 0xFF, 0xFF, 0xFF, 0xFF, 0xFF, 0xFF, 0xFF, 0xFF, 0xFF, 0xFF, 0xFF,
	0xFF, 0xFF, 0x9F, 0xF7, 0xFF, 0xFF, 0xFF, 0xFF, 0xFF, 0xFF, 0xFF, 0xFF, 0xFF, 0xFF, 0xFF, 0xFF,
	0xFF, 0xFF, 0xFF, 0xFF, 0xDF, 0xF7, 0xFF, 0xFF, 0xFF, 0xFF, 0xFF, 0xFF, 0xFF, 0xFF, 0xFF, 0xFF,
	0xFF, 0xFF, 0xFF, 0xFF, 0xFF, 0xFF, 0xFF, 0xFF, 0xFF, 0xFF, 0xFF, 0xFF, 0xFF, 0xFF, 0xFF, 0xFF,
	0xFF, 0xFF, 0xFF, 0xFF, 0xFF, 0xFF, 0xFF, 0xFF, 0xFF, 0xFF, 0xFF, 0xFF, 0xFF, 0xFF, 0xFF, 0xFF,
	0xFF, 0xFF, 0x9F, 0xCF, 0xD9, 0x3C, 0xFA, 0x44, 0xB8, 0x3C, 0x5D, 0xBF, 0x1E, 0xBF, 0xB9, 0x34,
	0x3B, 0x4D, 0x78, 0x2C, 0xFF, 0xFF, 0xF9, 0x54, 0x1B, 0x45, 0xFA, 0x3C, 0x9A, 0x75, 0xFF, 0xFF,
	0xFF, 0xFF, 0xFF, 0xFF, 0xFB, 0x85, 0x79, 0x1C, 0x78, 0x1C, 0xFB, 0x75, 0xFF, 0xFF, 0xFF, 0xFF,
	0xFF, 0xFF, 0xFF, 0xFF, 0x3C, 0x8E, 0x17, 0x14, 0x1D, 0xBF, 0xFF, 0xFF, 0xFF, 0xFF, 0xFF, 0xFF,
	0xFF, 0xFF, 0x6D, 0x4A, 0x03, 0x00, 0x03, 0x00, 0x0D, 0x3A, 0xBE, 0xF7, 0xA6, 0x10, 0xFC, 0xD6,
	0xFF, 0xFF, 0xFF, 0xFF, 0xFD, 0xDE, 0x04, 0x00, 0x04, 0x00, 0x05, 0x00, 0x1D, 0xDF, 0x00, 0x00,
	0xFF, 0xFF, 0xFF, 0xFF, 0xFF, 0xFF, 0xB1, 0x6B, 0x03, 0x00, 0x02, 0x00, 0xAC, 0x31, 0xFF, 0xFF,
	0x01, 0x00, 0xFF, 0xFF, 0xB8, 0xB5, 0x4A, 0x29, 0xFF, 0xFF, 0xFF, 0xFF, 0xFF, 0xFF, 0x3E, 0xE7,
	0x01, 0x00, 0xFF, 0xFF, 0xFF, 0xFF, 0xFF, 0xFF, 0xFC, 0xDE, 0xA7, 0x08, 0xBF, 0xF7, 0xFF, 0xFF,
	0xFF, 0xFF, 0x34, 0x84, 0x03, 0x00, 0x02, 0x00, 0x29, 0x19, 0xFF, 0xF7, 0xFF, 0xFF, 0xFF, 0xFF,
	0x77, 0xAD, 0x69, 0x29, 0xFF, 0xFF, 0xFF, 0xFF, 0xFF, 0xFF, 0xFF, 0xFF, 0x2B, 0x42, 0xB3, 0x94,
	0xFF, 0xFF, 0xFF, 0xFF, 0x45, 0x00, 0xB8, 0xB5, 0xFF, 0xFF, 0xFF, 0xFF, 0xFF, 0xFF, 0xBF, 0xF7,
	0xA8, 0x10, 0x02, 0x00, 0x03, 0x00, 0x37, 0x9D, 0xFF, 0xFF, 0xFF, 0xFF, 0xFE, 0xFF, 0xFF, 0xFF,
	0xFF, 0xFF, 0x09, 0x19, 0x03, 0x00, 0x03, 0x00, 0x14, 0x7C, 0x5E, 0xE7, 0x03, 0x00, 0xFF, 0xFF,
	0xFF, 0xFF, 0xFF, 0xFF, 0xFF, 0xFF, 0xFF, 0xFF, 0xFF, 0xFF, 0xFF, 0xFF, 0xFF, 0xFF, 0xFF, 0xFF,
	0xFF, 0xFF, 0xFF, 0xFF, 0xFF, 0xFF, 0xFF, 0xFF, 0xFF, 0xFF, 0xFF, 0xFF, 0xFF, 0xFF, 0xFF, 0xFF,
	0xFF, 0xFF, 0x9F, 0xD7, 0x1A, 0x4D, 0x1B, 0x3D, 0xF9, 0x4C, 0x7E, 0xCF, 0x3E, 0xCF, 0x1B, 0x4D,
	0x1B, 0x2D, 0xF9, 0x4C, 0xFF, 0xFF, 0x9A, 0x6D, 0x3B, 0x35, 0x3B, 0x4D, 0xDA, 0x85, 0xFF, 0xFF,
	0xFF, 0xFF, 0x3C, 0x8E, 0x78, 0x24, 0x5C, 0x86, 0x3C, 0x7E, 0x98, 0x2C, 0x1B, 0x7E, 0xFF, 0xFF,
	0xFF, 0xFF, 0xFF, 0xFF, 0x19, 0x35, 0x5C, 0x35, 0x59, 0x65, 0xFF, 0xFF, 0xFF, 0xFF, 0xFF, 0xFF,
	0x10, 0x5B, 0x03, 0x00, 0xD0, 0x52, 0x72, 0x63, 0x04, 0x00, 0x90, 0x4A, 0x49, 0x21, 0xFD, 0xE6,
	0xFF, 0xFF, 0xFF, 0xFF, 0x03, 0x00, 0xE9, 0x08, 0x53, 0x7C, 0xE9, 0x10, 0x2C, 0x11, 0x26, 0x00,
	0xFF, 0xFF, 0xFF, 0xFF, 0x33, 0x7C, 0x03, 0x00, 0x6E, 0x3A, 0x92, 0x6B, 0x03, 0x00, 0x52, 0x63,
	0x06, 0x00, 0xFF, 0xFF, 0x98, 0xAD, 0x4A, 0x29, 0xFF, 0xFF, 0xFF, 0xFF, 0xFF, 0xFF, 0x7F, 0xF7,
	0x01, 0x00, 0xFF, 0xFF, 0xFF, 0xFF, 0xFF, 0xFF, 0xFD, 0xDE, 0x88, 0x10, 0xBF, 0xF7, 0xFF, 0xFF,
	0xB8, 0xAD, 0x02, 0x00, 0xEE, 0x31, 0xB3, 0x6B, 0x04, 0x00, 0xE9, 0x18, 0xFF, 0xFF, 0xFF, 0xFF,
	0x57, 0xA5, 0x6A, 0x29, 0xFF, 0xFF, 0xFF, 0xFF, 0xFF, 0xFF, 0xFF, 0xFF, 0xEA, 0x39, 0xB4, 0x9C,
	0xFF, 0xFF, 0xFF, 0xFF, 0x26, 0x00, 0xFA, 0xBD, 0xFF, 0xFF, 0xFF, 0xFF, 0xFF, 0xFF, 0xA9, 0x10,
	0x05, 0x00, 0x15, 0x74, 0xAB, 0x21, 0x02, 0x00, 0xD9, 0xB5, 0xFF, 0xFF, 0xFF, 0xFF, 0xFF, 0xFF,
	0xE8, 0x10, 0x04, 0x00, 0xD3, 0x6B, 0x90, 0x4A, 0x03, 0x00, 0xF3, 0x73, 0x45, 0x00, 0xFF, 0xFF,
	0xFF, 0xFF, 0xFF, 0xFF, 0xFF, 0xFF, 0xFF, 0xFF, 0xFF, 0xFF, 0xFF, 0xFF, 0xFF, 0xFF, 0xFF, 0xFF,
	0xFF, 0xFF, 0xFF, 0xFF, 0xFF, 0xFF, 0xFF, 0xFF, 0xFF, 0xFF, 0xFF, 0xFF, 0xFF, 0xFF, 0xFF, 0xFF,
	0xFF, 0xFF, 0xFF, 0xFF, 0xFF, 0xFF, 0x75, 0x4C, 0xDF, 0xDF, 0xFF, 0xFF, 0xFF, 0xFF, 0xFF, 0xFF,
	0x79, 0x24, 0xFF, 0xFF, 0xFF, 0xFF, 0xFF, 0xFF, 0x5D, 0x76, 0xBC, 0xA6, 0xFF, 0xFF, 0xFF, 0xFF,
	0xFF, 0xEF, 0xB4, 0x1B, 0x9F, 0xC7, 0xFF, 0xFF, 0xFF, 0xFF, 0x7F, 0xC7, 0x78, 0x2C, 0x9F, 0xD7,
	0xFF, 0xFF, 0xFF, 0xFF, 0xDA, 0x3C, 0x3B, 0x2D, 0x59, 0x65, 0xFF, 0xFF, 0xFF, 0xFF, 0x9F, 0xEF,
	0x00, 0x00, 0x1A, 0xBE, 0xFF, 0xFF, 0xFF, 0xFF, 0xDD, 0xD6, 0x06, 0x00, 0x67, 0x00, 0xFD, 0xDE,
	0xFF, 0xFF, 0xB3, 0x8C, 0x06, 0x00, 0xFF, 0xFF, 0xFF, 0xFF, 0xFF, 0xFF, 0xC8, 0x08, 0x04, 0x00,
	0xFF, 0xFF, 0xFF, 0xFF, 0x02, 0x00, 0x75, 0x8C, 0xFF, 0xFF, 0xFF, 0xFF, 0xFD, 0xDE, 0x05, 0x00,
	0x05, 0x00, 0xFF, 0xFF, 0xB8, 0xAD, 0x49, 0x29, 0xFF, 0xFF, 0xFF, 0xFF, 0xFF, 0xFF, 0x5F, 0xEF,
	0x01, 0x00, 0xFF, 0xFF, 0xFF, 0xFF, 0xFF, 0xFF, 0xFD, 0xDE, 0xA7, 0x08, 0xBF, 0xFF, 0xFF, 0xFF,
	0x05, 0x00, 0xCD, 0x4A, 0xFF, 0xFF, 0xFF, 0xFF, 0xDF, 0xFF, 0x04, 0x00, 0xD6, 0x9C, 0xFF, 0xFF,
	0x78, 0xAD, 0x69, 0x29, 0xFF, 0xFF, 0xFF, 0xFF, 0xFF, 0xFF, 0xFF, 0xFF, 0x0B, 0x3A, 0xB4, 0x94,
	0xFF, 0xFF, 0xFF, 0xFF, 0x46, 0x00, 0xD9, 0xBD, 0xFF, 0xFF, 0xFF, 0xFF, 0x34, 0x84, 0x02, 0x00,
	0xFF, 0xFF, 0xFF, 0xFF, 0xFF, 0xFF, 0x10, 0x5B, 0xA8, 0x10, 0xFF, 0xFF, 0xFF, 0xFF, 0xF6, 0x9C,
	0x01, 0x00, 0xDF, 0xEF, 0xFF, 0xFF, 0xFF, 0xFF, 0xF5, 0x94, 0x04, 0x00, 0xC8, 0x10, 0xFF, 0xFF,
	0xFF, 0xFF, 0xFF, 0xFF, 0xFF, 0xFF, 0xFF, 0xFF, 0xFF, 0xFF, 0xFF, 0xFF, 0xFF, 0xFF, 0xFF, 0xFF,
	0xFF, 0xFF, 0xFF, 0xFF, 0xFF, 0xFF, 0xFF, 0xFF, 0xFF, 0xFF, 0xFF, 0xFF, 0xFF, 0xFF, 0xFF, 0xFF,
	0xFF, 0xFF, 0xFF, 0xFF, 0xFF, 0xFF, 0x75, 0x54, 0x9E, 0xD7, 0xFF, 0xFF, 0xFF, 0xFF, 0xFF, 0xFF,
	0x58, 0x1C, 0xFF, 0xFF, 0xFF, 0xFF, 0xFF, 0xFF, 0x1C, 0x76, 0x9D, 0xA6, 0xFF, 0xFF, 0xFF, 0xFF,
	0x5C, 0x8E, 0xBA, 0x6D, 0xFF, 0xFF, 0xFF, 0xFF, 0xFF, 0xFF, 0xFF, 0xFF, 0x78, 0x75, 0x1A, 0x8E,
	0xFF, 0xFF, 0xFF, 0xFF, 0xFB, 0x7D, 0x57, 0x1C, 0xDD, 0xAE, 0xFF, 0xFF, 0xFF, 0xFF, 0x50, 0x63,
	0xAB, 0x31, 0xFF, 0xFF, 0xFF, 0xFF, 0xFF, 0xFF, 0xFF, 0xFF, 0x71, 0x6B, 0x06, 0x00, 0x1D, 0xDF,
	0xFF, 0xFF, 0xAF, 0x52, 0x4F, 0x6B, 0xFF, 0xFF, 0xDF, 0xFF, 0xFF, 0xFF, 0x13, 0x7C, 0x03, 0x00,
	0xFF, 0xFF, 0x95, 0x8C, 0x89, 0x10, 0xFF, 0xFF, 0xFF, 0xFF, 0xFF, 0xFF, 0xFF, 0xFF, 0x72, 0x6B,
	0x02, 0x00, 0xFF, 0xFF, 0xB8, 0xAD, 0x6A, 0x29, 0xFF, 0xFF, 0xFF, 0xFF, 0xFF, 0xFF, 0x7F, 0xEF,
	0x00, 0x00, 0xFF, 0xFF, 0xFF, 0xFF, 0xFF, 0xFF, 0xFC, 0xDE, 0xA7, 0x10, 0xDF, 0xFF, 0x5B, 0xC6,
	0x01, 0x00, 0xFF, 0xFF, 0xFF, 0xFF, 0xFF, 0xFF, 0xFF, 0xFF, 0x75, 0x8C, 0x04, 0x00, 0xFF, 0xFF,
	0x58, 0xA5, 0x6A, 0x29, 0xFF, 0xFF, 0xFF, 0xFF, 0xFF, 0xFF, 0xFF, 0xFF, 0x0B, 0x3A, 0xB4, 0x9C,
	0xFF, 0xFF, 0xFF, 0xFF, 0x26, 0x00, 0xF9, 0xBD, 0xFF, 0xFF, 0xFF, 0xFF, 0xE9, 0x18, 0x95, 0x94,
	0xFF, 0xFF, 0xFF, 0xFF, 0xFF, 0xFF, 0xFF, 0xFF, 0x03, 0x00, 0x3A, 0xCE, 0xFF, 0xFF, 0xAA, 0x29,
	0x12, 0x7C, 0xFF, 0xFF, 0xDF, 0xFF, 0xFF, 0xFF, 0xFF, 0xFF, 0xAC, 0x29, 0xA7, 0x08, 0xFF, 0xFF,
	0xFF, 0xFF, 0xFF, 0xFF, 0xFF, 0xFF, 0xFF, 0xFF, 0xFF, 0xFF, 0xFF, 0xFF, 0xFF, 0xFF, 0xFF, 0xFF,
	0xFF, 0xFF, 0xFF, 0xFF, 0xFF, 0xFF, 0xFF, 0xFF, 0xFF, 0xFF, 0xFF, 0xFF, 0xFF, 0xFF, 0xFF, 0xFF,
	0xFF, 0xFF, 0xFF, 0xFF, 0xFF, 0xFF, 0x75, 0x4C, 0x9F, 0xD7, 0xFF, 0xFF, 0xFF, 0xFF, 0xFF, 0xFF,
	0x78, 0x24, 0xFF, 0xFF, 0xFF, 0xFF, 0xFF, 0xFF, 0x1B, 0x7E, 0x7D, 0x9E, 0xFF, 0xFF, 0xFF, 0xFF,
	0x5A, 0x65, 0xFF, 0xAE, 0xFF, 0xFF, 0xFF, 0xFF, 0xFF, 0xFF, 0xFF, 0xFF, 0xFF, 0xFF, 0xFF, 0xFF,
	0xFF, 0xFF, 0xFF, 0xFF, 0xFF, 0xFF, 0x1D, 0xCF, 0xFF, 0xFF, 0xFF, 0xFF, 0xFF, 0xFF, 0x4A, 0x21,
	0x16, 0x9D, 0xFF, 0xFF, 0xFF, 0xFF, 0xFE, 0xFF, 0xFF, 0xFF, 0x1D, 0xDF, 0x04, 0x00, 0x1D, 0xDF,
	0xFF, 0xFF, 0xE9, 0x18, 0x56, 0xA5, 0xFF, 0xFF, 0xFF, 0xFF, 0xFF, 0xFF, 0xBD, 0xD6, 0x00, 0x00,
	0xFF, 0xFF, 0x0C, 0x3A, 0x92, 0x6B, 0xFF, 0xFF, 0xFF, 0xFF, 0xFF, 0xFF, 0xFF, 0xFF, 0x3D, 0xE7,
	0x00, 0x00, 0xFF, 0xFF, 0xD8, 0xB5, 0x49, 0x21, 0xFF, 0xFF, 0xFF, 0xFF, 0xFF, 0xFF, 0x5F, 0xEF,
	0x01, 0x00, 0xFF, 0xFF, 0xFF, 0xFF, 0xFF, 0xFF, 0xFD, 0xE6, 0x87, 0x08, 0xFF, 0xFF, 0xEE, 0x5A,
	0x10, 0x63, 0xFF, 0xFF, 0xFF, 0xFF, 0xDF, 0xFF, 0xFF, 0xFF, 0xBE, 0xF7, 0x8F, 0x6B, 0xFF, 0xFF,
	0x78, 0xAD, 0x4A, 0x29, 0xFF, 0xFF, 0xFF, 0xFF, 0xFF, 0xFF, 0xFF, 0xFF, 0x0B, 0x42, 0x94, 0x94,
	0xFF, 0xFF, 0xFF, 0xFF, 0x27, 0x00, 0xD9, 0xBD, 0xFF, 0xFF, 0x3C, 0xE7, 0x04, 0x00, 0x7F, 0xEF,
	0xFF, 0xFF, 0xFF, 0xFF, 0xFF, 0xFF, 0xFF, 0xFF, 0xF1, 0x7B, 0x77, 0xAD, 0xFF, 0xFF, 0x03, 0x00,
	0x7F, 0xF7, 0xFF, 0xFF, 0xFF, 0xFF, 0xFF, 0xFF, 0xFF, 0xFF, 0xF6, 0x94, 0x25, 0x00, 0xFF, 0xFF,
	0xFF, 0xFF, 0xFF, 0xFF, 0xFF, 0xFF, 0xFF, 0xFF, 0xFF, 0xFF, 0xFF, 0xFF, 0xFF, 0xFF, 0xFF, 0xFF,
	0xFF, 0xFF, 0xFF, 0xFF, 0xFF, 0xFF, 0xFF, 0xFF, 0xFF, 0xFF, 0xFF, 0xFF, 0xFF, 0xFF, 0xFF, 0xFF,
	0xFF, 0xFF, 0xFF, 0xFF, 0xFF, 0xFF, 0x77, 0x54, 0x9E, 0xD7, 0xFF, 0xFF, 0xFF, 0xFF, 0xFF, 0xFF,
	0x58, 0x24, 0xFF, 0xFF, 0xFF, 0xFF, 0xFF, 0xFF, 0x1B, 0x76, 0x9D, 0xA6, 0xFF, 0xFF, 0xFF, 0xFF,
	0xB7, 0x4C, 0xFF, 0xCF, 0xFF, 0xFF, 0xFF, 0xFF, 0xFF, 0xFF, 0xFF, 0xFF, 0xFF, 0xFF, 0xFF, 0xFF,
	0xFF, 0xFF, 0xFF, 0xFF, 0xFF, 0xFF, 0xFF, 0xFF, 0xFF, 0xFF, 0xFF, 0xFF, 0xFF, 0xFF, 0x45, 0x00,
	0xFE, 0xE6, 0xFF, 0xFF, 0xFF, 0xFF, 0xFF, 0xFF, 0xFF, 0xFF, 0xBF, 0xEF, 0x87, 0x08, 0x1D, 0xDF,
	0xFF, 0xFF, 0x68, 0x08, 0x19, 0xBE, 0xFF, 0xFF, 0xFF, 0xFF, 0xFF, 0xFF, 0xBE, 0xF7, 0x00, 0x00,
	0xFF, 0xFF, 0x45, 0x00, 0x1A, 0xB6, 0xFF, 0xFF, 0xFF, 0xFF, 0xFF, 0xFF, 0xFF, 0xFF, 0xFF, 0xFF,
	0x01, 0x00, 0xFF, 0xFF, 0xB7, 0xAD, 0x69, 0x29, 0xFF, 0xFF, 0xFF, 0xFF, 0xFF, 0xFF, 0x7F, 0xF7,
	0x01, 0x00, 0xFF, 0xFF, 0xFF, 0xFF, 0xFF, 0xFF, 0xFD, 0xDE, 0xA8, 0x10, 0xFF, 0xFF, 0x2D, 0x42,
	0x15, 0xA5, 0xFF, 0xFF, 0xFF, 0xFF, 0xFF, 0xFF, 0xFF, 0xFF, 0xFF, 0xFF, 0xFF, 0xFF, 0xFF, 0xFF,
	0x58, 0xA5, 0x6A, 0x29, 0xFF, 0xFF, 0xFF, 0xFF, 0xFF, 0xFF, 0xFF, 0xFF, 0x0A, 0x3A, 0xB5, 0x9C,
	0xFF, 0xFF, 0xFF, 0xFF, 0x26, 0x00, 0xFA, 0xBD, 0xFF, 0xFF, 0xFC, 0xDE, 0x03, 0x00, 0xFF, 0xFF,
	0xFF, 0xFF, 0xFF, 0xFF, 0xFF, 0xFF, 0xFF, 0xFF, 0xFF, 0xFF, 0xFF, 0xFF, 0x7E, 0xF7, 0x03, 0x00,
	0xFF, 0xFF, 0xFF, 0xFF, 0xFF, 0xFF, 0xFF, 0xFF, 0xFF, 0xFF, 0xFC, 0xDE, 0x03, 0x00, 0xFF, 0xFF,
	0xFF, 0xFF, 0xFF, 0xFF, 0xFF, 0xFF, 0xFF, 0xFF, 0xFF, 0xFF, 0xFF, 0xFF, 0xFF, 0xFF, 0xFF, 0xFF,
	0xFF, 0xFF, 0xFF, 0xFF, 0xFF, 0xFF, 0xFF, 0xFF, 0xFF, 0xFF, 0xFF, 0xFF, 0xFF, 0xFF, 0xFF, 0xFF,
	0xFF, 0xFF, 0xFF, 0xFF, 0xFF, 0xFF, 0x76, 0x4C, 0x9F, 0xD7, 0xFF, 0xFF, 0xFF, 0xFF, 0xFF, 0xFF,
	0x58, 0x24, 0xFF, 0xFF, 0xFF, 0xFF, 0xFF, 0xFF, 0xFC, 0x7D, 0x7C, 0xA6, 0xFF, 0xFF, 0xFF, 0xF7,
	0x19, 0x5D, 0x79, 0x1C, 0x79, 0x1C, 0x78, 0x1C, 0x58, 0x1C, 0x58, 0x1C, 0x99, 0x14, 0x57, 0x1C,
	0xFF, 0xFF, 0xFF, 0xFF, 0xFF, 0xFF, 0xFF, 0xFF, 0xFF, 0xFF, 0xFF, 0xFF, 0xDF, 0xF7, 0x03, 0x00,
	0xDF, 0xF7, 0xFF, 0xFF, 0xFF, 0xFF, 0xFF, 0xFF, 0xFF, 0xFF, 0xBF, 0xF7, 0xE7, 0x18, 0xFC, 0xD6,
	0xFF, 0xFF, 0x47, 0x08, 0x3A, 0xC6, 0xFF, 0xFF, 0xFF, 0xFF, 0xFF, 0xFF, 0x7F, 0xF7, 0x00, 0x00,
	0xFF, 0xFF, 0x02, 0x00, 0xDD, 0xD6, 0xFF, 0xFF, 0xFF, 0xFF, 0xFF, 0xFF, 0xFF, 0xFF, 0xFF, 0xFF,
	0x04, 0x00, 0xFF, 0xFF, 0xB8, 0xB5, 0x49, 0x21, 0xFF, 0xFF, 0xFF, 0xFF, 0xFF, 0xFF, 0x7E, 0xEF,
	0x00, 0x00, 0xFF, 0xFF, 0xFF, 0xFF, 0xFF, 0xFF, 0x1D, 0xDF, 0xA7, 0x08, 0xFF, 0xFF, 0x4E, 0x42,
	0x06, 0x00, 0x04, 0x00, 0x04, 0x00, 0x03, 0x00, 0x04, 0x00, 0x04, 0x00, 0x03, 0x00, 0xF9, 0xBD,
	0xB9, 0xB5, 0x69, 0x21, 0xFF, 0xFF, 0xFF, 0xFF, 0xFF, 0xFF, 0xFF, 0xFF, 0x2B, 0x3A, 0x94, 0x94,
	0xFF, 0xFF, 0xFF, 0xFF, 0x45, 0x00, 0xD9, 0xBD, 0xFF, 0xFF, 0x5B, 0xC6, 0x05, 0x00, 0x04, 0x00,
	0x04, 0x00, 0x04, 0x00, 0x04, 0x00, 0x04, 0x00, 0x05, 0x00, 0x28, 0x11, 0xBF, 0xEF, 0x03, 0x00,
	0xFF, 0xFF, 0xFF, 0xFF, 0xFF, 0xFF, 0xFF, 0xFF, 0xFF, 0xFF, 0xFC, 0xDE, 0x04, 0x00, 0xFF, 0xFF,
	0xFF, 0xFF, 0xFF, 0xFF, 0xFF, 0xFF, 0xFF, 0xFF, 0xFF, 0xFF, 0xFF, 0xFF, 0xFF, 0xFF, 0xFF, 0xFF,
	0xFF, 0xFF, 0xFF, 0xFF, 0xFF, 0xFF, 0xFF, 0xFF, 0xFF, 0xFF, 0xFF, 0xFF, 0xFF, 0xFF, 0xFF, 0xFF,
	0xFF, 0xFF, 0xFF, 0xFF, 0xFF, 0xFF, 0x76, 0x54, 0x9E, 0xD7, 0xFF, 0xFF, 0xFF, 0xFF, 0xFF, 0xFF,
	0x38, 0x2C, 0xFF, 0xFF, 0xFF, 0xFF, 0xFF, 0xFF, 0xFC, 0x75, 0x9C, 0xA6, 0xFF, 0xFF, 0xFF, 0xFF,
	0xD8, 0x54, 0xDE, 0x8E, 0x9C, 0xA6, 0x9C, 0xA6, 0x9B, 0x9E, 0x9C, 0xA6, 0x7C, 0x8E, 0xDA, 0x3C,
	0xFF, 0xFF, 0xFF, 0xFF, 0xFF, 0xFF, 0xFF, 0xFF, 0xFF, 0xFF, 0xFF, 0xFF, 0xDF, 0xF7, 0x04, 0x00,
	0x7F, 0xEF, 0xFF, 0xFF, 0xFF, 0xFF, 0xFF, 0xFF, 0xFF, 0xFF, 0xBF, 0xFF, 0xC7, 0x10, 0x1C, 0xDF,
	0xFF, 0xFF, 0x67, 0x08, 0x3A, 0xC6, 0xFF, 0xFF, 0xFF, 0xFF, 0xFF, 0xFF, 0x9E, 0xF7, 0x00, 0x00,
	0xFF, 0xFF, 0x04, 0x00, 0x9C, 0xCE, 0xFF, 0xFF, 0xFF, 0xFF, 0xFF, 0xFF, 0xFF, 0xFF, 0xFF, 0xFF,
	0x03, 0x00, 0xFF, 0xFF, 0xB7, 0xAD, 0x8A, 0x29, 0xFF, 0xFF, 0xFF, 0xFF, 0xFF, 0xFF, 0x7F, 0xEF,
	0x00, 0x00, 0xFF, 0xFF, 0xFF, 0xFF, 0xFF, 0xFF, 0xFC, 0xDE, 0xA8, 0x10, 0xFF, 0xFF, 0x6D, 0x4A,
	0xAD, 0x29, 0x90, 0x4A, 0x6E, 0x42, 0x6F, 0x4A, 0x6D, 0x42, 0xB0, 0x4A, 0x68, 0x00, 0x9B, 0xD6,
	0xB8, 0xAD, 0x6A, 0x29, 0xFF, 0xFF, 0xFF, 0xFF, 0xFF, 0xFF, 0xFF, 0xFF, 0x2B, 0x3A, 0xB5, 0x9C,
	0xFF, 0xFF, 0xFF, 0xFF, 0x46, 0x00, 0xF9, 0xBD, 0xFF, 0xFF, 0xDC, 0xDE, 0x05, 0x00, 0xD2, 0x5A,
	0x6E, 0x42, 0x8F, 0x42, 0x2E, 0x4A, 0x8F, 0x52, 0xCC, 0x21, 0x4E, 0x3A, 0xDF, 0xFF, 0x03, 0x00,
	0xFF, 0xFF, 0xFF, 0xFF, 0xFF, 0xFF, 0xFF, 0xFF, 0xFF, 0xFF, 0xFD, 0xE6, 0x03, 0x00, 0xFF, 0xFF,
	0xFF, 0xFF, 0xFF, 0xFF, 0xFF, 0xFF, 0xFF, 0xFF, 0xFF, 0xFF, 0xFF, 0xFF, 0xFF, 0xFF, 0xFF, 0xFF,
	0xFF, 0xFF, 0xFF, 0xFF, 0xFF, 0xFF, 0xFF, 0xFF, 0xFF, 0xFF, 0xFF, 0xFF, 0xFF, 0xFF, 0xFF, 0xFF,
	0xFF, 0xFF, 0xFF, 0xFF, 0xFF, 0xFF, 0x56, 0x54, 0x9F, 0xD7, 0xFF, 0xFF, 0xFF, 0xFF, 0xFF, 0xF7,
	0x77, 0x1C, 0xFF, 0xFF, 0xFF, 0xFF, 0xFF, 0xFF, 0x1C, 0x76, 0x7C, 0x9E, 0xFF, 0xFF, 0xFF, 0xFF,
	0x5A, 0x6D, 0x3E, 0xAF, 0xFF, 0xFF, 0xFF, 0xFF, 0xFF, 0xFF, 0xFF, 0xFF, 0xBF, 0xDF, 0x19, 0x45,
	0xFF, 0xFF, 0xFF, 0xFF, 0xFF, 0xFF, 0xFF, 0xFF, 0xFF, 0xFF, 0xFF, 0xFF, 0xFF, 0xFF, 0xC7, 0x10,
	0xFA, 0xBD, 0xFF, 0xFF, 0xFF, 0xFF, 0xFF, 0xFF, 0xFF, 0xFF, 0x5D, 0xE7, 0x05, 0x00, 0xFD, 0xDE,
	0xFF, 0xFF, 0x47, 0x08, 0x3A, 0xC6, 0xFF, 0xFF, 0xFF, 0xFF, 0xFF, 0xFF, 0x9F, 0xF7, 0x00, 0x00,
	0xFF, 0xFF, 0x2A, 0x21, 0x95, 0x94, 0xFF, 0xFF, 0xFF, 0xFF, 0xFF, 0xFF, 0xFF, 0xFF, 0xFF, 0xFF,
	0x01, 0x00, 0xFF, 0xFF, 0xB8, 0xB5, 0x28, 0x19, 0xFF, 0xFF, 0xFF, 0xFF, 0xFF, 0xFF, 0x3F, 0xE7,
	0x00, 0x00, 0xFF, 0xFF, 0xFF, 0xFF, 0xFF, 0xFF, 0xDC, 0xDE, 0x68, 0x08, 0xFF, 0xFF, 0xAC, 0x52,
	0x73, 0x8C, 0xFF, 0xFF, 0xFF, 0xFF, 0xFF, 0xFF, 0xFF, 0xFF, 0xFF, 0xFF, 0x88, 0x08, 0x5E, 0xEF,
	0x98, 0xB5, 0xE8, 0x10, 0xFF, 0xFF, 0xFF, 0xFF, 0xFF, 0xFF, 0xFF, 0xFF, 0xCA, 0x39, 0xB3, 0x94,
	0xFF, 0xFF, 0xFF, 0xFF, 0x26, 0x00, 0xD9, 0xBD, 0xFF, 0xFF, 0xFC, 0xDE, 0x03, 0x00, 0xFF, 0xFF,
	0xFF, 0xFF, 0xFF, 0xFF, 0xFF, 0xFF, 0xFF, 0xFF, 0xD2, 0x73, 0xEF, 0x5A, 0xFF, 0xFF, 0x01, 0x00,
	0xFF, 0xFF, 0xFF, 0xFF, 0xFF, 0xFF, 0xDF, 0xFF, 0xFF, 0xFF, 0xDA, 0xBD, 0x04, 0x00, 0xFF, 0xFF,
	0xFF, 0xFF, 0xFF, 0xFF, 0xFF, 0xFF, 0xFF, 0xFF, 0xFF, 0xFF, 0xFF, 0xFF, 0xFF, 0xFF, 0xFF, 0xFF,
	0xFF, 0xFF, 0xFF, 0xFF, 0xFF, 0xFF, 0xFF, 0xFF, 0xFF, 0xFF, 0xFF, 0xFF, 0xFF, 0xFF, 0xFF, 0xFF,
	0xFF, 0xFF, 0xFF, 0xFF, 0xFF, 0xFF, 0x96, 0x54, 0x9F, 0xD7, 0xFF, 0xFF, 0xFF, 0xFF, 0xFF, 0xFF,
	0x59, 0x1C, 0xFF, 0xFF, 0xFF, 0xFF, 0xFF, 0xFF, 0xFC, 0x7D, 0x9C, 0xA6, 0xFF, 0xFF, 0xFF, 0xFF,
	0x5C, 0x8E, 0xBB, 0x6D, 0xFF, 0xFF, 0xFF, 0xFF, 0xFF, 0xFF, 0xFF, 0xFF, 0x99, 0x7D, 0x5C, 0x96,
	0xFF, 0xFF, 0xFF, 0xFF, 0xFF, 0xFF, 0xFF, 0xFF, 0xFF, 0xFF, 0xFF, 0xFF, 0xFF, 0xFF, 0x2D, 0x42,
	0x91, 0x73, 0xFF, 0xFF, 0xFF, 0xFF, 0xFF, 0xFF, 0xFF, 0xFF, 0x37, 0xA5, 0x05, 0x00, 0x1E, 0xE7,
	0xFF, 0xFF, 0x68, 0x08, 0x3A, 0xBE, 0xFF, 0xFF, 0xFF, 0xFF, 0xFF, 0xFF, 0x9E, 0xF7, 0x01, 0x00,
	0xFF, 0xFF, 0x92, 0x73, 0x0C, 0x42, 0xFF, 0xFF, 0xFF, 0xFF, 0xFF, 0xFF, 0xFF, 0xFF, 0x16, 0x9D,
	0x02, 0x00, 0xFF, 0xFF, 0xB8, 0xB5, 0x89, 0x10, 0xBF, 0xF7, 0xFF, 0xFF, 0xFF, 0xFF, 0x3A, 0xBE,
	0x00, 0x00, 0xFF, 0xFF, 0xFF, 0xFF, 0xFF, 0xFF, 0x7B, 0xCE, 0x47, 0x00, 0xFF, 0xFF, 0xD5, 0x9C,
	0x67, 0x10, 0xFF, 0xFF, 0xFF, 0xFF, 0xFF, 0xFF, 0xFF, 0xFF, 0x7B, 0xCE, 0x02, 0x00, 0xFF, 0xFF,
	0x98, 0xAD, 0x03, 0x00, 0xFF, 0xFF, 0xFF, 0xFF, 0xFF, 0xFF, 0xFF, 0xFF, 0xE9, 0x18, 0x77, 0xAD,
	0xFF, 0xFF, 0xFF, 0xFF, 0x27, 0x00, 0xFA, 0xBD, 0xFF, 0xFF, 0xDF, 0xF7, 0xA7, 0x08, 0x19, 0xC6,
	0xFF, 0xFF, 0xFF, 0xFF, 0xFF, 0xFF, 0xFF, 0xFF, 0x66, 0x08, 0xB9, 0xB5, 0xFF, 0xFF, 0xA7, 0x10,
	0x97, 0xAD, 0xFF, 0xFF, 0xFF, 0xFF, 0xFF, 0xFF, 0xFF, 0xFF, 0xAE, 0x4A, 0x86, 0x00, 0xFF, 0xFF,
	0xFF, 0xFF, 0xFF, 0xFF, 0xFF, 0xFF, 0xFF, 0xFF, 0xFF, 0xFF, 0xFF, 0xFF, 0xFF, 0xFF, 0xFF, 0xFF,
	0xFF, 0xFF, 0xFF, 0xFF, 0xFF, 0xFF, 0xFF, 0xFF, 0xFF, 0xFF, 0xFF, 0xFF, 0xFF, 0xFF, 0xFF, 0xFF,
	0xFF, 0xFF, 0xFF, 0xFF, 0xFF, 0xFF, 0x75, 0x4C, 0x9F, 0xCF, 0xFF, 0xFF, 0xFF, 0xFF, 0xFF, 0xFF,
	0x57, 0x2C, 0xFF, 0xFF, 0xFF, 0xFF, 0xFF, 0xFF, 0x1C, 0x7E, 0x9C, 0xA6, 0xFF, 0xFF, 0xFF, 0xFF,
	0xFF, 0xEF, 0xB5, 0x1B, 0x9F, 0xC7, 0xFF, 0xFF, 0xFF, 0xFF, 0x9F, 0xCF, 0x78, 0x34, 0x9F, 0xD7,
	0xFF, 0xFF, 0xDF, 0xFF, 0xFF, 0xFF, 0xFF, 0xFF, 0xFF, 0xFF, 0xDF, 0xFF, 0xFF, 0xFF, 0x99, 0xAD,
	0x01, 0x00, 0xFF, 0xFF, 0xFF, 0xFF, 0xFF, 0xFF, 0xFF, 0xFF, 0xE8, 0x10, 0x47, 0x00, 0xFD, 0xDE,
	0xFF, 0xFF, 0x67, 0x00, 0x3A, 0xBE, 0xFF, 0xFF, 0xFF, 0xFF, 0xFF, 0xFF, 0x9F, 0xF7, 0x00, 0x00,
	0xFF, 0xFF, 0xBC, 0xD6, 0x01, 0x00, 0xFD, 0xDE, 0xFF, 0xFF, 0xFF, 0xFF, 0xFF, 0xFF, 0xE9, 0x10,
	0x04, 0x00, 0xFF, 0xFF, 0xF9, 0xBD, 0x04, 0x00, 0xFD, 0xD6, 0xFF, 0xFF, 0xFF, 0xFF, 0x70, 0x5B,
	0x05, 0x00, 0xD9, 0xB5, 0xFF, 0xFF, 0xFF, 0xFF, 0xD2, 0x7B, 0x29, 0x19, 0xFF, 0xFF, 0xFF, 0xFF,
	0x00, 0x00, 0x7B, 0xCE, 0xFF, 0xFF, 0xFF, 0xFF, 0xFF, 0xFF, 0x08, 0x19, 0x70, 0x6B, 0xFF, 0xFF,
	0xB9, 0xAD, 0x03, 0x00, 0x1B, 0xBE, 0xFF, 0xFF, 0xFF, 0xFF, 0xBC, 0xD6, 0x04, 0x00, 0x5E, 0xEF,
	0xFF, 0xFF, 0xFF, 0xFF, 0x46, 0x00, 0x3A, 0xC6, 0xFF, 0xFF, 0xFF, 0xFF, 0xAE, 0x52, 0x49, 0x21,
	0xFF, 0xFF, 0xFF, 0xFF, 0xFF, 0xFF, 0xB9, 0xB5, 0x06, 0x00, 0x7E, 0xEF, 0xFF, 0xFF, 0x2F, 0x63,
	0xA9, 0x00, 0xFF, 0xFF, 0xFF, 0xFF, 0xFF, 0xFF, 0x5E, 0xEF, 0x06, 0x00, 0xC7, 0x08, 0xFF, 0xFF,
	0xFF, 0xFF, 0xFF, 0xFF, 0xFF, 0xFF, 0xFF, 0xFF, 0xFF, 0xFF, 0xFF, 0xFF, 0xFF, 0xFF, 0xFF, 0xFF,
	0xFF, 0xFF, 0xFF, 0xFF, 0xFF, 0xFF, 0xFF, 0xFF, 0xFF, 0xFF, 0xFF, 0xFF, 0xFF, 0xFF, 0xFF, 0xFF,
	0xFF, 0xFF, 0xFF, 0xFF, 0xFF, 0xFF, 0x76, 0x54, 0x9E, 0xD7, 0xFF, 0xFF, 0x9F, 0xE7, 0x9D, 0x96,
	0xB8, 0x2C, 0xFF, 0xFF, 0xFF, 0xFF, 0x7B, 0x9E, 0x9C, 0x4D, 0xDC, 0x6D, 0x9B, 0xAE, 0xFF, 0xFF,
	0xFF, 0xFF, 0x1B, 0x7E, 0xB9, 0x24, 0x7D, 0x8E, 0x5C, 0x8E, 0xB9, 0x34, 0xDB, 0x75, 0xFF, 0xFF,
	0xFF, 0xFF, 0xFF, 0xFF, 0xFF, 0xFF, 0xFF, 0xFF, 0xFF, 0xFF, 0xFF, 0xFF, 0xFF, 0xFF, 0xFF, 0xFF,
	0x66, 0x00, 0xE9, 0x10, 0xDC, 0xD6, 0x7F, 0xEF, 0xAB, 0x29, 0x47, 0x00, 0x29, 0x19, 0x1D, 0xDF,
	0xFF, 0xFF, 0x87, 0x08, 0x3A, 0xBE, 0xFF, 0xFF, 0xFF, 0xFF, 0xFF, 0xFF, 0x9E, 0xF7, 0x01, 0x00,
	0xFF, 0xFF, 0xFF, 0xFF, 0x8A, 0x29, 0x47, 0x00, 0x7C, 0xC6, 0xBF, 0xEF, 0xAB, 0x29, 0xEA, 0x10,
	0x06, 0x00, 0xFF, 0xFF, 0xD9, 0xB5, 0x07, 0x00, 0xE8, 0x08, 0x5F, 0xE7, 0x57, 0xA5, 0x04, 0x00,
	0xEE, 0x31, 0x67, 0x08, 0x1D, 0xDF, 0xFA, 0xBD, 0x03, 0x00, 0x78, 0xA5, 0xFF, 0xFF, 0xFF, 0xFF,
	0xEF, 0x5A, 0x05, 0x00, 0xD9, 0xB5, 0xBF, 0xEF, 0x6F, 0x4A, 0x04, 0x00, 0x5E, 0xEF, 0xFF, 0xFF,
	0x99, 0xAD, 0x06, 0x00, 0x47, 0x00, 0x3C, 0xC6, 0xDD, 0xD6, 0x87, 0x08, 0x8B, 0x21, 0xFF, 0xFF,
	0x39, 0xC6, 0x33, 0x8C, 0x88, 0x00, 0x51, 0x63, 0xF1, 0x7B, 0x9E, 0xF7, 0x9F, 0xF7, 0x03, 0x00,
	0x6D, 0x3A, 0xFF, 0xFF, 0xB9, 0xB5, 0x03, 0x00, 0x71, 0x63, 0xFF, 0xFF, 0xFF, 0xFF, 0xFF, 0xFF,
	0x02, 0x00, 0xED, 0x31, 0x9E, 0xEF, 0x9B, 0xCE, 0x26, 0x00, 0x6D, 0x21, 0xA7, 0x08, 0xFF, 0xFF,
	0xFF, 0xFF, 0xFF, 0xFF, 0xFF, 0xFF, 0xFF, 0xFF, 0xFF, 0xFF, 0xFF, 0xFF, 0xFF, 0xFF, 0xFF, 0xFF,
	0xFF, 0xFF, 0xFF, 0xFF, 0xFF, 0xFF, 0xFF, 0xFF, 0xFF, 0xFF, 0xFF, 0xFF, 0xFF, 0xFF, 0xFF, 0xFF,
	0xFF, 0xFF, 0xFF, 0xFF, 0xFF, 0xFF, 0x75, 0x4C, 0x9F, 0xD7, 0xFF, 0xFF, 0xFE, 0xBE, 0x17, 0x0C,
	0x98, 0x24, 0xFF, 0xFF, 0xFF, 0xFF, 0xB7, 0x3C, 0x1B, 0x2D, 0xDA, 0x24, 0x39, 0x5D, 0xFF, 0xFF,
	0xFF, 0xFF, 0xFF, 0xFF, 0x7A, 0x75, 0x38, 0x1C, 0x78, 0x1C, 0xBB, 0x65, 0xFF, 0xFF, 0xFF, 0xFF,
	0xFF, 0xFF, 0xFF, 0xFF, 0xFF, 0xFF, 0xFF, 0xFF, 0xFF, 0xFF, 0xFF, 0xFF, 0xFF, 0xFF, 0xFF, 0xFF,
	0x7E, 0xE7, 0x02, 0x00, 0x03, 0x00, 0x03, 0x00, 0x03, 0x00, 0x1A, 0xC6, 0x45, 0x00, 0xDB, 0xD6,
	0xFF, 0xFF, 0x03, 0x00, 0xD8, 0xB5, 0xFF, 0xFF, 0xFF, 0xFF, 0xFF, 0xFF, 0x7E, 0xF7, 0x00, 0x00,
	0xFF, 0xFF, 0xFF, 0xFF, 0xFF, 0xFF, 0x45, 0x00, 0x04, 0x00, 0x03, 0x00, 0x04, 0x00, 0x3D, 0xDF,
	0x00, 0x00, 0xFF, 0xFF, 0x77, 0xAD, 0x07, 0x11, 0x09, 0x09, 0x03, 0x00, 0x04, 0x00, 0xEB, 0x39,
	0xFF, 0xFF, 0x04, 0x00, 0x05, 0x00, 0x03, 0x00, 0x6A, 0x29, 0xFF, 0xFF, 0xFF, 0xFF, 0xFF, 0xFF,
	0xFF, 0xFF, 0x87, 0x08, 0x05, 0x00, 0x04, 0x00, 0x04, 0x00, 0x16, 0xA5, 0xFF, 0xFF, 0xFF, 0xFF,
	0xF6, 0xA4, 0xCB, 0x31, 0xCC, 0x31, 0x03, 0x00, 0x04, 0x00, 0x04, 0x00, 0x7E, 0xE7, 0xFF, 0xFF,
	0x53, 0x84, 0x01, 0x00, 0xC9, 0x00, 0x06, 0x00, 0x03, 0x00, 0x9B, 0xCE, 0xFF, 0xFF, 0x99, 0xAD,
	0x02, 0x00, 0x04, 0x00, 0x04, 0x00, 0x48, 0x19, 0xFF, 0xFF, 0xFF, 0xFF, 0xFF, 0xFF, 0xFF, 0xFF,
	0xF9, 0xBD, 0x03, 0x00, 0x03, 0x00, 0x02, 0x00, 0x87, 0x08, 0xBC, 0xD6, 0x04, 0x00, 0xFF, 0xFF,
	0xFF, 0xFF, 0xFF, 0xFF, 0xFF, 0xFF, 0xFF, 0xFF, 0xFF, 0xFF, 0xFF, 0xFF, 0xFF, 0xFF, 0xFF, 0xFF,
	0xFF, 0xFF, 0xFF, 0xFF, 0xFF, 0xFF, 0xFF, 0xFF, 0xFF, 0xFF, 0xFF, 0xFF, 0xFF, 0xFF, 0xFF, 0xFF,
	0xFF, 0xFF, 0xFF, 0xFF, 0xFF, 0xFF, 0x76, 0x54, 0x9E, 0xD7, 0xFF, 0xFF, 0xFF, 0xFF, 0x9F, 0xDF,
	0x7F, 0xDF, 0xFF, 0xFF, 0xFF, 0xFF, 0xDF, 0xEF, 0xDC, 0x6D, 0x7E, 0x96, 0xDF, 0xEF, 0xFF, 0xFF,
	0xFF, 0xFF, 0xFF, 0xFF, 0xFF, 0xFF, 0xDF, 0xEF, 0xDF, 0xEF, 0xFF, 0xFF, 0xFF, 0xFF, 0xFF, 0xFF,
	0xFF, 0xFF, 0xFF, 0xFF, 0xFF, 0xFF, 0xFF, 0xFF, 0xFF, 0xFF, 0xFF, 0xFF, 0xFF, 0xFF, 0xFF, 0xFF,
	0xFF, 0xFF, 0xFF, 0xFF, 0xD2, 0x73, 0x93, 0x73, 0x7E, 0xEF, 0xFF, 0xFF, 0xBC, 0xD6, 0xDF, 0xFF,
	0xFF, 0xFF, 0xBC, 0xD6, 0xBF, 0xF7, 0xFF, 0xFF, 0xFF, 0xFF, 0xFF, 0xFF, 0xFF, 0xFF, 0x7A, 0xD6,
	0xFF, 0xFF, 0xFF, 0xFF, 0xFF, 0xFF, 0xFF, 0xFF, 0x33, 0x84, 0xB2, 0x6B, 0x7E, 0xE7, 0xFF, 0xFF,
	0x7A, 0xCE, 0xFF, 0xFF, 0xBE, 0xF7, 0x3D, 0xE7, 0xFF, 0xFF, 0xF2, 0x73, 0xB5, 0x94, 0xFF, 0xFF,
	0xFF, 0xFF, 0xFF, 0xFF, 0xD2, 0x73, 0x94, 0x8C, 0xFF, 0xFF, 0xFF, 0xFF, 0xFF, 0xFF, 0xFF, 0xFF,
	0xFF, 0xFF, 0xFF, 0xFF, 0x94, 0x84, 0x92, 0x6B, 0xFC, 0xD6, 0xFF, 0xFF, 0xFF, 0xFF, 0xFF, 0xFF,
	0x9E, 0xF7, 0x1C, 0xDF, 0xFF, 0xFF, 0x54, 0x8C, 0xB1, 0x6B, 0xBF, 0xEF, 0xFF, 0xFF, 0xFF, 0xFF,
	0x9E, 0xF7, 0x9F, 0xEF, 0x87, 0x00, 0x59, 0xA5, 0x1D, 0xDF, 0xFF, 0xFF, 0xFF, 0xFF, 0xFF, 0xFF,
	0xFD, 0xDE, 0x72, 0x63, 0xD4, 0x94, 0xFF, 0xFF, 0xFF, 0xFF, 0xFF, 0xFF, 0xFF, 0xFF, 0xFF, 0xFF,
	0xFF, 0xFF, 0x3E, 0xE7, 0xB2, 0x63, 0x54, 0x84, 0xFF, 0xFF, 0x1D, 0xE7, 0x02, 0x00, 0xFF, 0xFF,
	0xFF, 0xFF, 0xFF, 0xFF, 0xFF, 0xFF, 0xFF, 0xFF, 0xFF, 0xFF, 0xFF, 0xFF, 0xFF, 0xFF, 0xFF, 0xFF,
	0xFF, 0xFF, 0xFF, 0xFF, 0xFF, 0xFF, 0xFF, 0xFF, 0xFF, 0xFF, 0xFF, 0xFF, 0xFF, 0xFF, 0xFF, 0xFF,
	0xFF, 0xFF, 0xFF, 0xFF, 0xFF, 0xFF, 0x56, 0x54, 0x9F, 0xD7, 0xFF, 0xFF, 0xFF, 0xFF, 0xFF, 0xFF,
	0xFF, 0xFF, 0xFF, 0xFF, 0xFF, 0xFF, 0xFF, 0xFF, 0x3C, 0x76, 0x5B, 0x96, 0xFF, 0xFF, 0xFF, 0xFF,
	0xFF, 0xFF, 0xFF, 0xFF, 0xFF, 0xFF, 0xFF, 0xFF, 0xFF, 0xFF, 0xFF, 0xFF, 0xFF, 0xFF, 0xFF, 0xFF,
	0xFF, 0xFF, 0xFF, 0xFF, 0xFF, 0xFF, 0xFF, 0xFF, 0xFF, 0xFF, 0xFF, 0xFF, 0xFF, 0xFF, 0xDF, 0xFF,
	0xFF, 0xFF, 0xFF, 0xFF, 0xFF, 0xFF, 0xFF, 0xFF, 0xFF, 0xFF, 0xFF, 0xFF, 0xFF, 0xFF, 0xFF, 0xFF,
	0xFF, 0xFF, 0xFF, 0xFF, 0xFF, 0xFF, 0xFF, 0xFF, 0xFF, 0xFF, 0xFF, 0xFF, 0xFF, 0xFF, 0xFF, 0xFF,
	0xFF, 0xFF, 0xFF, 0xFF, 0xFF, 0xFF, 0xFF, 0xFF, 0xFF, 0xFF, 0xFF, 0xFF, 0xFF, 0xFF, 0xFF, 0xFF,
	0xFF, 0xFF, 0xFF, 0xFF, 0xFF, 0xFF, 0xFF, 0xFF, 0xFF, 0xFF, 0xFF, 0xFF, 0xFF, 0xFF, 0xFF, 0xFF,
	0xFF, 0xFF, 0xFF, 0xFF, 0xFF, 0xFF, 0xFF, 0xFF, 0xFF, 0xFF, 0xFF, 0xFF, 0xFF, 0xFF, 0xFF, 0xFF,
	0xFF, 0xFF, 0xFF, 0xFF, 0xFF, 0xFF, 0xFF, 0xFF, 0xFF, 0xFF, 0xFF, 0xFF, 0xFF, 0xFF, 0xFF, 0xFF,
	0xFF, 0xFF, 0xFF, 0xFF, 0xFF, 0xFF, 0xFF, 0xFF, 0xFF, 0xFF, 0xFF, 0xFF, 0xFF, 0xFF, 0xFF, 0xFF,
	0xFF, 0xFF, 0xFF, 0xFF, 0x27, 0x00, 0x1A, 0xBE, 0xFF, 0xFF, 0xFF, 0xFF, 0xFF, 0xFF, 0xFF, 0xFF,
	0xFF, 0xFF, 0xFF, 0xFF, 0xFF, 0xFF, 0xFF, 0xFF, 0xFF, 0xFF, 0xFF, 0xFF, 0xFF, 0xFF, 0xFF, 0xFF,
	0xFF, 0xFF, 0xFF, 0xFF, 0xFF, 0xFF, 0xFF, 0xFF, 0xFF, 0xFF, 0xDB, 0xD6, 0x03, 0x00, 0xFF, 0xFF,
	0xFF, 0xFF, 0xFF, 0xFF, 0xFF, 0xFF, 0xFF, 0xFF, 0xFF, 0xFF, 0xFF, 0xFF, 0xFF, 0xFF, 0xFF, 0xFF,
	0xFF, 0xFF, 0xFF, 0xFF, 0xFF, 0xFF, 0xFF, 0xFF, 0xFF, 0xFF, 0xFF, 0xFF, 0xFF, 0xFF, 0xFF, 0xFF,
	0xFF, 0xFF, 0xFF, 0xFF, 0xFF, 0xFF, 0x96, 0x54, 0x9E, 0xCF, 0xFF, 0xFF, 0xFF, 0xFF, 0x5E, 0xDF,
	0x9B, 0xB6, 0xFF, 0xFF, 0xFF, 0xFF, 0xFF, 0xFF, 0xFD, 0x9E, 0x18, 0x65, 0xFF, 0xFF, 0xFF, 0xFF,
	0xFF, 0xFF, 0xFF, 0xFF, 0xFF, 0xFF, 0xFF, 0xFF, 0xFF, 0xFF, 0xFF, 0xFF, 0xFF, 0xFF, 0xFF, 0xFF,
	0xFF, 0xFF, 0xFF, 0xFF, 0xFF, 0xFF, 0xFF, 0xFF, 0xFF, 0xFF, 0xFF, 0xFF, 0xFF, 0xFF, 0xFF, 0xFF,
	0xFF, 0xFF, 0xFF, 0xFF, 0xFF, 0xFF, 0xFF, 0xFF, 0xFF, 0xFF, 0xFF, 0xFF, 0xFF, 0xFF, 0xFF, 0xFF,
	0xFF, 0xFF, 0xFF, 0xFF, 0xFF, 0xFF, 0xFF, 0xFF, 0xFF, 0xFF, 0xFF, 0xFF, 0xFF, 0xFF, 0xFF, 0xFF,
	0xFF, 0xFF, 0xFF, 0xFF, 0xFF, 0xFF, 0xFF, 0xFF, 0xFF, 0xFF, 0xFF, 0xFF, 0xFF, 0xFF, 0xFF, 0xFF,
	0xFF, 0xFF, 0xFF, 0xFF, 0xFF, 0xFF, 0xFF, 0xFF, 0xFF, 0xFF, 0xFF, 0xFF, 0xFF, 0xFF, 0xFF, 0xFF,
	0xFF, 0xFF, 0xFF, 0xFF, 0xFF, 0xFF, 0xFF, 0xFF, 0xFF, 0xFF, 0xFF, 0xFF, 0xFF, 0xFF, 0xFF, 0xFF,
	0xFF, 0xFF, 0xFF, 0xFF, 0xFF, 0xFF, 0xFF, 0xFF, 0xFF, 0xFF, 0xFF, 0xFF, 0xFF, 0xFF, 0xFF, 0xFF,
	0xFF, 0xFF, 0xFF, 0xFF, 0xFF, 0xFF, 0xFF, 0xFF, 0xFF, 0xFF, 0xFF, 0xFF, 0xFF, 0xFF, 0xFF, 0xFF,
	0xFF, 0xFF, 0xFF, 0xFF, 0x07, 0x00, 0xFA, 0xBD, 0xFF, 0xFF, 0xFF, 0xFF, 0xFF, 0xFF, 0xFF, 0xFF,
	0xFF, 0xFF, 0xFF, 0xFF, 0xFF, 0xFF, 0xFF, 0xFF, 0xFF, 0xFF, 0xFF, 0xFF, 0xFF, 0xFF, 0xFF, 0xFF,
	0xFF, 0xFF, 0xFF, 0xFF, 0xFF, 0xFF, 0xFF, 0xFF, 0xFF, 0xFF, 0xDC, 0xDE, 0x03, 0x00, 0xFF, 0xFF,
	0xFF, 0xFF, 0xFF, 0xFF, 0xFF, 0xFF, 0xFF, 0xFF, 0xFF, 0xFF, 0xFF, 0xFF, 0xFF, 0xFF, 0xFF, 0xFF,
	0xFF, 0xFF, 0xFF, 0xFF, 0xFF, 0xFF, 0xFF, 0xFF, 0xFF, 0xFF, 0xFF, 0xFF, 0xFF, 0xFF, 0xFF, 0xFF,
	0xFF, 0xFF, 0xDF, 0xE7, 0x98, 0x3C, 0xB9, 0x34, 0xBF, 0xD7, 0xFF, 0xFF, 0xFF, 0xFF, 0xBC, 0xAE,
	0x7A, 0x65, 0xFF, 0xFF, 0xFF, 0xFF, 0xFF, 0xFF, 0xBF, 0xDF, 0x77, 0x34, 0x7B, 0x65, 0xFF, 0xEF,
	0xFF, 0xFF, 0xFF, 0xFF, 0xFF, 0xFF, 0xFF, 0xFF, 0xFF, 0xFF, 0xFF, 0xFF, 0xFF, 0xFF, 0xFF, 0xFF,
	0xFF, 0xFF, 0xFF, 0xFF, 0xFF, 0xFF, 0xFF, 0xFF, 0xFF, 0xFF, 0xFF, 0xFF, 0xFF, 0xFF, 0xFF, 0xFF,
	0xFF, 0xFF, 0xFF, 0xFF, 0xFF, 0xFF, 0xFF, 0xFF, 0xFF, 0xFF, 0xFF, 0xFF, 0xFF, 0xFF, 0xFF, 0xFF,
	0xFF, 0xFF, 0xFF, 0xFF, 0xFF, 0xFF, 0xFF, 0xFF, 0xFF, 0xFF, 0xFF, 0xFF, 0xFF, 0xFF, 0xFF, 0xFF,
	0xFF, 0xFF, 0xFF, 0xFF, 0xFF, 0xFF, 0xFF, 0xFF, 0xFF, 0xFF, 0xFF, 0xFF, 0xFF, 0xFF, 0xFF, 0xFF,
	0xFF, 0xFF, 0xFF, 0xFF, 0xFF, 0xFF, 0xFF, 0xFF, 0xFF, 0xFF, 0xFF, 0xFF, 0xFF, 0xFF, 0xFF, 0xFF,
	0xFF, 0xFF, 0xFF, 0xFF, 0xFF, 0xFF, 0xFF, 0xFF, 0xFF, 0xFF, 0xFF, 0xFF, 0xFF, 0xFF, 0xFF, 0xFF,
	0xFF, 0xFF, 0xFF, 0xFF, 0xFF, 0xFF, 0xFF, 0xFF, 0xFF, 0xFF, 0xFF, 0xFF, 0xFF, 0xFF, 0xFF, 0xFF,
	0xFF, 0xFF, 0xFF, 0xFF, 0xFF, 0xFF, 0xFF, 0xFF, 0xFF, 0xFF, 0xFF, 0xFF, 0xFF, 0xFF, 0xFF, 0xFF,
	0xFF, 0xFF, 0xFF, 0xFF, 0x26, 0x00, 0xD9, 0xB5, 0xFF, 0xFF, 0xFF, 0xFF, 0xFF, 0xFF, 0xFF, 0xFF,
	0xFF, 0xFF, 0xFF, 0xFF, 0xFF, 0xFF, 0xFF, 0xFF, 0xFF, 0xFF, 0xFF, 0xFF, 0xFF, 0xFF, 0xFF, 0xFF,
	0xFF, 0xFF, 0xFF, 0xFF, 0xFF, 0xFF, 0xFF, 0xFF, 0xFF, 0xFF, 0xDB, 0xDE, 0x02, 0x00, 0xFF, 0xFF,
	0xFF, 0xFF, 0xFF, 0xFF, 0xFF, 0xFF, 0xFF, 0xFF, 0xFF, 0xFF, 0xFF, 0xFF, 0xFF, 0xFF, 0xFF, 0xFF,
	0xFF, 0xFF, 0xFF, 0xFF, 0xFF, 0xFF, 0xFF, 0xFF, 0xFF, 0xFF, 0xFF, 0xFF, 0xFF, 0xFF, 0xFF, 0xFF,
	0xFF, 0xFF, 0xFF, 0xE7, 0x19, 0x55, 0x1A, 0x5D, 0x9E, 0xDF, 0xFF, 0xFF, 0xFF, 0xFF, 0xBD, 0xAE,
	0x39, 0x55, 0xFF, 0xFF, 0xFF, 0xFF, 0xFF, 0xFF, 0xFF, 0xFF, 0xFD, 0xB6, 0x35, 0x44, 0xFF, 0xF7,
	0xFF, 0xFF, 0xFF, 0xFF, 0xFF, 0xFF, 0xFF, 0xFF, 0xFF, 0xFF, 0xFF, 0xFF, 0xFF, 0xFF, 0xFF, 0xFF,
	0xFF, 0xFF, 0xFF, 0xFF, 0xFF, 0xFF, 0xFF, 0xFF, 0xFF, 0xFF, 0xFF, 0xFF, 0xFF, 0xFF, 0xFF, 0xFF,
	0xFF, 0xFF, 0xFF, 0xFF, 0xFF, 0xFF, 0xFF, 0xFF, 0xFF, 0xFF, 0xFF, 0xFF, 0xFF, 0xFF, 0xFF, 0xFF,
	0xFF, 0xFF, 0xFF, 0xFF, 0xFF, 0xFF, 0xFF, 0xFF, 0xFF, 0xFF, 0xFF, 0xFF, 0xFF, 0xFF, 0xFF, 0xFF,
	0xFF, 0xFF, 0xFF, 0xFF, 0xFF, 0xFF, 0xFF, 0xFF, 0xFF, 0xFF, 0xFF, 0xFF, 0xFF, 0xFF, 0xFF, 0xFF,
	0xFF, 0xFF, 0xFF, 0xFF, 0xFF, 0xFF, 0xFF, 0xFF, 0xFF, 0xFF, 0xFF, 0xFF, 0xFF, 0xFF, 0xFF, 0xFF,
	0xFF, 0xFF, 0xFF, 0xFF, 0xFF, 0xFF, 0xFF, 0xFF, 0xFF, 0xFF, 0xFF, 0xFF, 0xFF, 0xFF, 0xFF, 0xFF,
	0xFF, 0xFF, 0xFF, 0xFF, 0xFF, 0xFF, 0xFF, 0xFF, 0xFF, 0xFF, 0xFF, 0xFF, 0xFF, 0xFF, 0xFF, 0xFF,
	0xFF, 0xFF, 0xFF, 0xFF, 0xFF, 0xFF, 0xFF, 0xFF, 0xFF, 0xFF, 0xFF, 0xFF, 0xFF, 0xFF, 0xFF, 0xFF,
	0xFF, 0xFF, 0xFF, 0xFF, 0xC7, 0x18, 0x1A, 0xC6, 0xFF, 0xFF, 0xFF, 0xFF, 0xFF, 0xFF, 0xFF, 0xFF,
	0xFF, 0xFF, 0xFF, 0xFF, 0xFF, 0xFF, 0xFF, 0xFF, 0xFF, 0xFF, 0xFF, 0xFF, 0xFF, 0xFF, 0xFF, 0xFF,
	0xFF, 0xFF, 0xFF, 0xFF, 0xFF, 0xFF, 0xFF, 0xFF, 0xFF, 0xFF, 0xFC, 0xE6, 0x84, 0x10, 0xFF, 0xFF,
	0xFF, 0xFF, 0xFF, 0xFF, 0xFF, 0xFF, 0xFF, 0xFF, 0xFF, 0xFF, 0xFF, 0xFF, 0xFF, 0xFF, 0xFF, 0xFF,
	0xFF, 0xFF, 0xFF, 0xFF, 0xFF, 0xFF, 0xFF, 0xFF, 0xFF, 0xFF, 0xFF, 0xFF, 0xFF, 0xFF, 0xFF, 0xFF,
	0xFF, 0xFF, 0xFF, 0xFF, 0xFF, 0xFF, 0xFF, 0xFF, 0xFF, 0xFF, 0xDF, 0xFF, 0xFF, 0xFF, 0xDF, 0xEF,
	0xBF, 0xE7, 0xDF, 0xFF, 0xFF, 0xFF, 0xFF, 0xFF, 0xFF, 0xFF, 0xFF, 0xFF, 0xFF, 0xFF, 0xFF, 0xFF,
	0xFF, 0xFF, 0xFF, 0xFF, 0xFF, 0xFF, 0xFF, 0xFF, 0xFF, 0xFF, 0xFF, 0xFF, 0xFF, 0xFF, 0xFF, 0xFF,
	0xFF, 0xFF, 0xFF, 0xFF, 0xFF, 0xFF, 0xFF, 0xFF, 0xFF, 0xFF, 0xFF, 0xFF, 0xFF, 0xFF, 0xFF, 0xFF,
	0xFF, 0xFF, 0xFF, 0xFF, 0xFF, 0xFF, 0xFF, 0xFF, 0xFF, 0xFF, 0xFF, 0xFF, 0xFF, 0xFF, 0xFF, 0xFF,
	0xFF, 0xFF, 0xFF, 0xFF, 0xFF, 0xFF, 0xFF, 0xFF, 0xFF, 0xFF, 0xFF, 0xFF, 0xFF, 0xFF, 0xFF, 0xFF,
	0xFF, 0xFF, 0xFF, 0xFF, 0xFF, 0xFF, 0xFF, 0xFF, 0xFF, 0xFF, 0xFF, 0xFF, 0xFF, 0xFF, 0xFF, 0xFF,
	0xFF, 0xFF, 0xFF, 0xFF, 0xFF, 0xFF, 0xFF, 0xFF, 0xFF, 0xFF, 0xFF, 0xFF, 0xFF, 0xFF, 0xFF, 0xFF,
	0xFF, 0xFF, 0xFF, 0xFF, 0xFF, 0xFF, 0xFF, 0xFF, 0xFF, 0xFF, 0xFF, 0xFF, 0xFF, 0xFF, 0xFF, 0xFF,
	0xFF, 0xFF, 0xFF, 0xFF, 0xFF, 0xFF, 0xFF, 0xFF, 0xFF, 0xFF, 0xFF, 0xFF, 0xFF, 0xFF, 0xFF, 0xFF,
	0xFF, 0xFF, 0xFF, 0xFF, 0xFF, 0xFF, 0xFF, 0xFF, 0xFF, 0xFF, 0xFF, 0xFF, 0xFF, 0xFF, 0xFF, 0xFF,
	0xFF, 0xFF, 0xFF, 0xFF, 0xFF, 0xFF, 0xFF, 0xFF, 0xFF, 0xFF, 0xFF, 0xFF, 0xFF, 0xFF, 0xFF, 0xFF,
	0xFF, 0xFF, 0xFF, 0xFF, 0xFF, 0xFF, 0xFF, 0xFF, 0xFF, 0xFF, 0xFF, 0xFF, 0xFF, 0xFF, 0xFF, 0xFF,
	0xFF, 0xFF, 0xFF, 0xFF, 0xFF, 0xFF, 0xFF, 0xFF, 0xFF, 0xFF, 0xFF, 0xFF, 0xFF, 0xFF, 0xFF, 0xFF,
	0xFF, 0xFF, 0xFF, 0xFF, 0xFF, 0xFF, 0xFF, 0xFF, 0xFF, 0xFF, 0xFF, 0xFF, 0xFF, 0xFF, 0xFF, 0xFF,
	0xFF, 0xFF, 0xFF, 0xFF, 0xFF, 0xFF, 0xFF, 0xFF, 0xFF, 0xFF, 0xFF, 0xFF, 0xFF, 0xFF, 0xFF, 0xFF,
	0xFF, 0xFF, 0xFF, 0xFF, 0xFF, 0xFF, 0xFF, 0xFF, 0xFF, 0xFF, 0xFF, 0xFF, 0xFF, 0xFF, 0xFF, 0xFF,
	0xFF, 0xFF, 0xFF, 0xFF, 0xFF, 0xFF, 0xFF, 0xFF, 0xFF, 0xFF, 0xFF, 0xFF, 0xFF, 0xFF, 0xFF, 0xFF,
	0xFF, 0xFF, 0xFF, 0xFF, 0xFF, 0xFF, 0xFF, 0xFF, 0xFF, 0xFF, 0xFF, 0xFF, 0xFF, 0xFF, 0xFF, 0xFF,
	0xFF, 0xFF, 0xFF, 0xFF, 0xFF, 0xFF, 0xFF, 0xFF, 0xFF, 0xFF, 0xFF, 0xFF, 0xFF, 0xFF, 0xFF, 0xFF,
	0xFF, 0xFF, 0xFF, 0xFF, 0xFF, 0xFF, 0xFF, 0xFF, 0xFF, 0xFF, 0xFF, 0xFF, 0xFF, 0xFF, 0xFF, 0xFF,
	0xFF, 0xFF, 0xFF, 0xFF, 0xFF, 0xFF, 0xFF, 0xFF, 0xFF, 0xFF, 0xFF, 0xFF, 0xFF, 0xFF, 0xFF, 0xFF,
	0xFF, 0xFF, 0xFF, 0xFF, 0xFF, 0xFF, 0xFF, 0xFF, 0xFF, 0xFF, 0xFF, 0xFF, 0xFF, 0xFF, 0xFF, 0xFF,
	0xFF, 0xFF, 0xFF, 0xFF, 0xFF, 0xFF, 0xFF, 0xFF, 0xFF, 0xFF, 0xFF, 0xFF, 0xFF, 0xFF, 0xFF, 0xFF,
	0xFF, 0xFF, 0xFF, 0xFF, 0xFF, 0xFF, 0xFF, 0xFF, 0xFF, 0xFF, 0xFF, 0xFF, 0xFF, 0xFF, 0xFF, 0xFF,
	0xFF, 0xFF, 0xFF, 0xFF, 0xFF, 0xFF, 0xFF, 0xFF, 0xFF, 0xFF, 0xFF, 0xFF, 0xFF, 0xFF, 0xFF, 0xFF,
	0xFF, 0xFF, 0xFF, 0xFF, 0xFF, 0xFF, 0xFF, 0xFF, 0xFF, 0xFF, 0xFF, 0xFF, 0xFF, 0xFF, 0xFF, 0xFF,
	0xFF, 0xFF, 0xFF, 0xFF, 0xFF, 0xFF, 0xFF, 0xFF, 0xFF, 0xFF, 0xFF, 0xFF, 0xFF, 0xFF, 0xFF, 0xFF,
	0xFF, 0xFF, 0xFF, 0xFF, 0xFF, 0xFF, 0xFF, 0xFF, 0xFF, 0xFF, 0xFF, 0xFF, 0xFF, 0xFF, 0xFF, 0xFF,
	0xFF, 0xFF, 0xFF, 0xFF, 0xFF, 0xFF, 0xFF, 0xFF, 0xFF, 0xFF, 0xFF, 0xFF, 0xFF, 0xFF, 0xFF, 0xFF,
	0xFF, 0xFF, 0xFF, 0xFF, 0xFF, 0xFF, 0xFF, 0xFF, 0xFF, 0xFF, 0xFF, 0xFF, 0xFF, 0xFF, 0xFF, 0xFF,
	0xFF, 0xFF, 0xFF, 0xFF, 0xFF, 0xFF, 0xFF, 0xFF, 0xFF, 0xFF, 0xFF, 0xFF, 0xFF, 0xFF, 0xFF, 0xFF,
	0xFF, 0xFF, 0xFF, 0xFF, 0xFF, 0xFF, 0xFF, 0xFF, 0xFF, 0xFF, 0xDF, 0xFF, 0xFF, 0xFF, 0xFF, 0xFF,
	0xFF, 0xFF, 0xFF, 0xFF, 0xFF, 0xFF, 0xFF, 0xFF, 0xFF, 0xFF, 0xFF, 0xFF, 0xFF, 0xFF, 0xFF, 0xFF,
	0xFF, 0xFF, 0xFF, 0xFF, 0xFF, 0xFF, 0xFF, 0xFF, 0xFF, 0xFF, 0xFF, 0xFF, 0xFF, 0xFF, 0xFF, 0xFF,
	0xFF, 0xFF, 0xFF, 0xFF, 0xFF, 0xFF, 0xFF, 0xFF, 0xFF, 0xFF, 0xFF, 0xFF, 0xFF, 0xFF, 0xFF, 0xFF,
	0xFF, 0xFF, 0xFF, 0xFF, 0xFF, 0xFF, 0xFF, 0xFF, 0xFF, 0xFF, 0xFF, 0xFF, 0xFF, 0xFF, 0xFF, 0xFF,
	0xFF, 0xFF, 0xFF, 0xFF, 0xFF, 0xFF, 0xFF, 0xFF, 0xFF, 0xFF, 0xFF, 0xFF, 0xFF, 0xFF, 0xFF, 0xFF,
	0xFF, 0xFF, 0xFF, 0xFF, 0xFF, 0xFF, 0xFF, 0xFF, 0xFF, 0xFF, 0xFF, 0xFF, 0xFF, 0xFF, 0xFF, 0xFF,
	0xFF, 0xFF, 0xFF, 0xFF, 0xFF, 0xFF, 0xFF, 0xFF, 0xFF, 0xFF, 0xFF, 0xFF, 0xFF, 0xFF, 0xFF, 0xFF,
	0xFF, 0xFF, 0xFF, 0xFF, 0xFF, 0xFF, 0xFF, 0xFF, 0xFF, 0xFF, 0xFF, 0xFF, 0xFF, 0xFF, 0xFF, 0xFF,
	0xFF, 0xFF, 0xFF, 0xFF, 0xFF, 0xFF, 0xFF, 0xFF, 0xFF, 0xFF, 0xFF, 0xFF, 0xFF, 0xFF, 0xFF, 0xFF,
	0xFF, 0xFF, 0xFF, 0xFF, 0xFF, 0xFF, 0xFF, 0xFF, 0xFF, 0xFF, 0xFF, 0xFF, 0xFF, 0xFF, 0xFF, 0xFF,
	0xFF, 0xFF, 0xFF, 0xFF, 0xFF, 0xFF, 0xFF, 0xFF, 0xFF, 0xFF, 0xFF, 0xFF, 0xFF, 0xFF, 0xFF, 0xFF,
	0xFF, 0xFF, 0xFF, 0xFF, 0xFF, 0xFF, 0xFF, 0xFF, 0xFF, 0xFF, 0xFF, 0xFF, 0xFF, 0xFF, 0xFF, 0xFF,
	0xFF, 0xFF, 0xFF, 0xFF, 0xFF, 0xFF, 0xFF, 0xFF, 0xFF, 0xFF, 0xFF, 0xFF, 0xFF, 0xFF, 0xFF, 0xFF,
	0xFF, 0xFF, 0xFF, 0xFF, 0xFF, 0xFF, 0xFF, 0xFF, 0xFF, 0xFF, 0xFF, 0xFF, 0xFF, 0xFF, 0xFF, 0xFF,
	0xFF, 0xFF, 0xFF, 0xFF, 0xFF, 0xFF, 0xFF, 0xFF, 0xFF, 0xFF, 0xFF, 0xFF, 0xFF, 0xFF, 0xFF, 0xFF,
	0xFF, 0xFF, 0xFF, 0xFF, 0xFF, 0xFF, 0xFF, 0xFF, 0xFF, 0xFF, 0xFF, 0xFF, 0xFF, 0xFF, 0xFF, 0xFF,
	0xFF, 0xFF, 0xFF, 0xFF, 0xFF, 0xFF, 0xFF, 0xFF, 0xFF, 0xFF, 0xFF, 0xFF, 0xFF, 0xFF, 0xFF, 0xFF,
	0xFF, 0xFF, 0xFF, 0xFF, 0xFF, 0xFF, 0xFF, 0xFF, 0xFF, 0xFF, 0xFF, 0xFF, 0xFF, 0xFF, 0xFF, 0xFF,
	0xFF, 0xFF, 0xFF, 0xFF, 0xFF, 0xFF, 0xFF, 0xFF, 0xFF, 0xFF, 0xFF, 0xFF, 0xFF, 0xFF, 0xFF, 0xFF,
	0xFF, 0xFF, 0xFF, 0xFF, 0xFF, 0xFF, 0xFF, 0xFF, 0xFF, 0xFF, 0xFF, 0xFF, 0xFF, 0xFF, 0xFF, 0xFF,
	0xFF, 0xFF, 0xFF, 0xFF, 0xFF, 0xFF, 0xFF, 0xFF, 0xFF, 0xFF, 0xFF, 0xFF, 0xFF, 0xFF, 0xFF, 0xFF,
	0xFF, 0xFF, 0xFF, 0xFF, 0xFF, 0xFF, 0xFF, 0xFF, 0xFF, 0xFF, 0xFF, 0xFF, 0xFF, 0xFF, 0xFF, 0xFF,
	0xFF, 0xFF, 0xFF, 0xFF, 0xFF, 0xFF, 0xFF, 0xFF, 0xFF, 0xFF, 0xFF, 0xFF, 0xFF, 0xFF, 0xFF, 0xFF,
	0xFF, 0xFF, 0xFF, 0xFF, 0xFF, 0xFF, 0xFF, 0xFF, 0xFF, 0xFF, 0xFF, 0xFF, 0xFF, 0xFF, 0xFF, 0xFF,
	0xFF, 0xFF, 0xFF, 0xFF, 0xFF, 0xFF, 0xFF, 0xFF, 0xFF, 0xFF, 0xFF, 0xFF, 0xFF, 0xFF, 0xFF, 0xFF,
	0xFF, 0xFF, 0xFF, 0xFF, 0xFF, 0xFF, 0xFF, 0xFF, 0xFF, 0xFF, 0xFF, 0xFF, 0xFF, 0xFF, 0xFF, 0xFF,
	0xFF, 0xFF, 0xFF, 0xFF, 0xFF, 0xFF, 0xFF, 0xFF, 0xFF, 0xFF, 0xFF, 0xFF, 0xFF, 0xFF, 0xFF, 0xFF,
	0xFF, 0xFF, 0xFF, 0xFF, 0xFF, 0xFF, 0xFF, 0xFF, 0xFF, 0xFF, 0xFF, 0xFF, 0xFF, 0xFF, 0xFF, 0xFF,
	0xFF, 0xFF, 0xFF, 0xFF, 0xFF, 0xFF, 0xFF, 0xFF, 0xFF, 0xFF, 0xFF, 0xFF, 0xFF, 0xFF, 0xFF, 0xFF,
	0xFF, 0xFF, 0xFF, 0xFF, 0xFF, 0xFF, 0xFF, 0xFF, 0xFF, 0xFF, 0xFF, 0xFF, 0xFF, 0xFF, 0xFF, 0xFF,
	0xFF, 0xFF, 0xFF, 0xFF, 0xFF, 0xFF, 0xFF, 0xFF, 0xFF, 0xFF, 0xFF, 0xFF, 0xFF, 0xFF, 0xFF, 0xFF,
	0xFF, 0xFF, 0xFF, 0xFF, 0xFF, 0xFF, 0xFF, 0xFF, 0xFF, 0xFF, 0xFF, 0xFF, 0xFF, 0xFF, 0xFF, 0xFF,
	0xFF, 0xFF, 0xFF, 0xFF, 0xFF, 0xFF, 0xFF, 0xFF, 0xFF, 0xFF, 0xFF, 0xFF, 0xFF, 0xFF, 0xFF, 0xFF,
	0xFF, 0xFF, 0xFF, 0xFF, 0xFF, 0xFF, 0xFF, 0xFF, 0xFF, 0xFF, 0xFF, 0xFF, 0xFF, 0xFF, 0xFF, 0xFF,
	0xFF, 0xFF, 0xFF, 0xFF, 0xFF, 0xFF, 0xFF, 0xFF, 0xFF, 0xFF, 0xFF, 0xFF, 0xFF, 0xFF, 0xFF, 0xFF,
	0xFF, 0xFF, 0xFF, 0xFF, 0xFF, 0xFF, 0xFF, 0xFF, 0xFF, 0xFF, 0xFF, 0xFF, 0xFF, 0xFF, 0xFF, 0xFF,
	0xFF, 0xFF, 0xFF, 0xFF, 0xFF, 0xFF, 0xFF, 0xFF, 0xFF, 0xFF, 0xFF, 0xFF, 0xFF, 0xFF, 0xFF, 0xFF,
	0xFF, 0xFF, 0xFF, 0xFF, 0xFF, 0xFF, 0xFF, 0xFF, 0xFF, 0xFF, 0xFF, 0xFF, 0xFF, 0xFF, 0xFF, 0xFF,
	0xFF, 0xFF, 0xFF, 0xFF, 0xFF, 0xFF, 0xFF, 0xFF, 0xFF, 0xFF, 0xFF, 0xFF, 0xFF, 0xFF, 0xFF, 0xFF,
	0xFF, 0xFF, 0xFF, 0xFF, 0xFF, 0xFF, 0xFF, 0xFF, 0xFF, 0xFF, 0xFF, 0xFF, 0xFF, 0xFF, 0xFF, 0xFF,
	0xFF, 0xFF, 0xFF, 0xFF, 0xFF, 0xFF, 0xFF, 0xFF, 0xFF, 0xFF, 0xFF, 0xFF, 0xFF, 0xFF, 0xFF, 0xFF,
	0xFF, 0xFF, 0xFF, 0xFF, 0xFF, 0xFF, 0xFF, 0xFF, 0xFF, 0xFF, 0xFF, 0xFF, 0xFF, 0xFF, 0xFF, 0xFF,
	0xFF, 0xFF, 0xFF, 0xFF, 0xFF, 0xFF, 0xFF, 0xFF, 0xFF, 0xFF, 0xFF, 0xFF, 0xFF, 0xFF, 0xFF, 0xFF,
	0xFF, 0xFF, 0xFF, 0xFF, 0xFF, 0xFF, 0xFF, 0xFF, 0xFF, 0xFF, 0xFF, 0xFF, 0xFF, 0xFF, 0xFF, 0xFF,
	0xFF, 0xFF, 0xFF, 0xFF, 0xFF, 0xFF, 0xFF, 0xFF, 0xFF, 0xFF, 0xFF, 0xFF, 0xFF, 0xFF, 0xFF, 0xFF,
	0xFF, 0xFF, 0xFF, 0xFF, 0xFF, 0xFF, 0xFF, 0xFF, 0xFF, 0xFF, 0xFF, 0xFF, 0xFF, 0xFF, 0xFF, 0xFF,
	0xFF, 0xFF, 0xFF, 0xFF, 0xFF, 0xFF, 0xFF, 0xFF, 0xFF, 0xFF, 0xFF, 0xFF, 0xFF, 0xFF, 0xFF, 0xFF,
	0xFF, 0xFF, 0xFF, 0xFF, 0xFF, 0xFF, 0xFF, 0xFF, 0xFF, 0xFF, 0xFF, 0xFF, 0xFF, 0xFF, 0xFF, 0xFF,
	0xFF, 0xFF, 0xFF, 0xFF, 0xFF, 0xFF, 0xFF, 0xFF, 0xFF, 0xFF, 0xFF, 0xFF, 0xFF, 0xFF, 0xFF, 0xFF,
	0xFF, 0xFF, 0xFF, 0xFF, 0xFF, 0xFF, 0xFF, 0xFF, 0xFF, 0xFF, 0xFF, 0xFF, 0xFF, 0xFF, 0xFF, 0xFF,
	0xFF, 0xFF, 0xFF, 0xFF, 0xFF, 0xFF, 0xFF, 0xFF, 0xFF, 0xFF, 0xFF, 0xFF, 0xFF, 0xFF, 0xFF, 0xFF,
	0xFF, 0xFF, 0xFF, 0xFF, 0xFF, 0xFF, 0xFF, 0xFF, 0xFF, 0xFF, 0xFF, 0xFF, 0xFF, 0xFF, 0xFF, 0xFF,
	0xFF, 0xFF, 0xFF, 0xFF, 0xFF, 0xFF, 0xFF, 0xFF, 0xFF, 0xFF, 0xFF, 0xFF, 0xFF, 0xFF, 0xFF, 0xFF,
	0xFF, 0xFF, 0xFF, 0xFF, 0xFF, 0xFF, 0xFF, 0xFF, 0xFF, 0xFF, 0xFF, 0xFF, 0xFF, 0xFF, 0xFF, 0xFF,
	0xFF, 0xFF, 0xFF, 0xFF, 0xFF, 0xFF, 0xFF, 0xFF, 0xFF, 0xFF, 0xFF, 0xFF, 0xFF, 0xFF, 0xFF, 0xFF,
	0xFF, 0xFF, 0xFF, 0xFF, 0xFF, 0xFF, 0xFF, 0xFF, 0xFF, 0xFF, 0xFF, 0xFF, 0xFF, 0xFF, 0xFF, 0xFF,
	0xFF, 0xFF, 0xFF, 0xFF, 0xFF, 0xFF, 0xFF, 0xFF, 0xFF, 0xFF, 0xFF, 0xFF, 0xFF, 0xFF, 0xFF, 0xFF,
	0xFF, 0xFF, 0xFF, 0xFF, 0xFF, 0xFF, 0xFF, 0xFF, 0xFF, 0xFF, 0xFF, 0xFF, 0xFF, 0xFF, 0xFF, 0xFF,
	0xFF, 0xFF, 0xFF, 0xFF, 0xFF, 0xFF, 0xFF, 0xFF, 0xFF, 0xFF, 0xFF, 0xFF, 0xFF, 0xFF, 0xFF, 0xFF,
	0xFF, 0xFF, 0xFF, 0xFF, 0xFF, 0xFF, 0xFF, 0xFF, 0xFF, 0xFF, 0xFF, 0xFF, 0xFF, 0xFF, 0xFF, 0xFF,
	0xFF, 0xFF, 0xFF, 0xFF, 0xFF, 0xFF, 0xFF, 0xFF, 0xFF, 0xFF, 0xFF, 0xFF, 0xFF, 0xFF, 0xFF, 0xFF,
	0xFF, 0xFF, 0xFF, 0xFF, 0xFF, 0xFF, 0xFF, 0xFF, 0xFF, 0xFF, 0xFF, 0xFF, 0xFF, 0xFF, 0xFF, 0xFF,
	0xFF, 0xFF, 0xFF, 0xFF, 0xFF, 0xFF, 0xFF, 0xFF, 0xFF, 0xFF, 0xFF, 0xFF, 0xFF, 0xFF, 0xFF, 0xFF,
	0xFF, 0xFF, 0xFF, 0xFF, 0xFF, 0xFF, 0xFF, 0xFF, 0xFF, 0xFF, 0xFF, 0xFF, 0xFF, 0xFF, 0xFF, 0xFF,
	0xFF, 0xFF, 0xFF, 0xFF, 0xFF, 0xFF, 0xFF, 0xFF, 0xFF, 0xFF, 0xFF, 0xFF, 0xFF, 0xFF, 0xFF, 0xFF,
	0xFF, 0xFF, 0xFF, 0xFF, 0xFF, 0xFF, 0xFF, 0xFF, 0xFF, 0xFF, 0xFF, 0xFF, 0xFF, 0xFF, 0xFF, 0xFF,
	0xFF, 0xFF, 0xFF, 0xFF, 0xFF, 0xFF, 0xFF, 0xFF, 0xFF, 0xFF, 0xFF, 0xFF, 0xFF, 0xFF, 0xFF, 0xFF,
	0xFF, 0xFF, 0xFF, 0xFF, 0xFF, 0xFF, 0xFF, 0xFF, 0xFF, 0xFF, 0xFF, 0xFF, 0xFF, 0xFF, 0xFF, 0xFF,
	0xFF, 0xFF, 0xFF, 0xFF, 0xFF, 0xFF, 0xFF, 0xFF, 0xFF, 0xFF, 0xFF, 0xFF, 0xFF, 0xFF, 0xFF, 0xFF,
	0xFF, 0xFF, 0xFF, 0xFF, 0xFF, 0xFF, 0xFF, 0xFF, 0xFF, 0xFF, 0xFF, 0xFF, 0xFF, 0xFF, 0xFF, 0xFF,
	0xFF, 0xFF, 0xFF, 0xFF, 0xFF, 0xFF, 0xFF, 0xFF, 0xFF, 0xFF, 0xFF, 0xFF, 0xFF, 0xFF, 0xFF, 0xFF,
	0xFF, 0xFF, 0xFF, 0xFF, 0xFF, 0xFF, 0xFF, 0xFF, 0xFF, 0xFF, 0xFF, 0xFF, 0xFF, 0xFF, 0xFF, 0xFF,
	0xFF, 0xFF, 0xFF, 0xFF, 0xFF, 0xFF, 0xFF, 0xFF, 0xFF, 0xFF, 0xFF, 0xFF, 0xFF, 0xFF, 0xFF, 0xFF,
	0xFF, 0xFF, 0xFF, 0xFF, 0xFF, 0xFF, 0xFF, 0xFF, 0xFF, 0xFF, 0xFF, 0xFF, 0xFF, 0xFF, 0xFF, 0xFF,
	0xFF, 0xFF, 0xFF, 0xFF, 0xFF, 0xFF, 0xFF, 0xFF, 0xFF, 0xFF, 0xFF, 0xFF, 0xFF, 0xFF, 0xFF, 0xFF,
	0xFF, 0xFF, 0xFF, 0xFF, 0xFF, 0xFF, 0xFF, 0xFF, 0xFF, 0xFF, 0xFF, 0xFF, 0xFF, 0xFF, 0xFF, 0xFF,
	0xFF, 0xFF, 0xFF, 0xFF, 0xFF, 0xFF, 0xFF, 0xFF, 0xFF, 0xFF, 0xFF, 0xFF, 0xFF, 0xFF, 0xFF, 0xFF,
	0xFF, 0xFF, 0xFF, 0xFF, 0xFF, 0xFF, 0xFF, 0xFF, 0xFF, 0xFF, 0xFF, 0xFF, 0xFF, 0xFF, 0xFF, 0xFF,
	0xFF, 0xFF, 0xFF, 0xFF, 0xFF, 0xFF, 0xFF, 0xFF, 0xFF, 0xFF, 0xFF, 0xFF, 0xFF, 0xFF, 0xFF, 0xFF,
	0xFF, 0xFF, 0xFF, 0xFF, 0xFF, 0xFF, 0xFF, 0xFF, 0xFF, 0xFF, 0xFF, 0xFF, 0xFF, 0xFF, 0xFF, 0xFF,
	0xFF, 0xFF, 0xFF, 0xFF, 0xFF, 0xFF, 0xFF, 0xFF, 0xFF, 0xFF, 0xFF, 0xFF, 0xFF, 0xFF, 0xFF, 0xFF,
	0xFF, 0xFF, 0xFF, 0xFF, 0xFF, 0xFF, 0xFF, 0xFF, 0xFF, 0xFF, 0xFF, 0xFF, 0xFF, 0xFF, 0xFF, 0xFF,
	0xFF, 0xFF, 0xFF, 0xFF, 0xFF, 0xFF, 0xFF, 0xFF, 0xFF, 0xFF, 0xFF, 0xFF, 0xFF, 0xFF, 0xFF, 0xFF,
	0xFF, 0xFF, 0xFF, 0xFF, 0xFF, 0xFF, 0xFF, 0xFF, 0xFF, 0xFF, 0xFF, 0xFF, 0xFF, 0xFF, 0xFF, 0xFF,
	0xFF, 0xFF, 0xFF, 0xFF, 0xFF, 0xFF, 0xFF, 0xFF, 0xFF, 0xFF, 0xFF, 0xFF, 0xFF, 0xFF, 0xFF, 0xFF,
	0xFF, 0xFF, 0xFF, 0xFF, 0xFF, 0xFF, 0xFF, 0xFF, 0xFF, 0xFF, 0xFF, 0xFF, 0xFF, 0xFF, 0xFF, 0xFF,
	0xFF, 0xFF, 0xFF, 0xFF, 0xFF, 0xFF, 0xFF, 0xFF, 0xFF, 0xFF, 0xFF, 0xFF, 0xFF, 0xFF, 0xFF, 0xFF,
	0xFF, 0xFF, 0xFF, 0xFF, 0xFF, 0xFF, 0xFF, 0xFF, 0xFF, 0xFF, 0xFF, 0xFF, 0xFF, 0xFF, 0xFF, 0xFF,
	0xFF, 0xFF, 0xFF, 0xFF, 0xFF, 0xFF, 0xFF, 0xFF, 0xFF, 0xFF, 0xFF, 0xFF, 0xFF, 0xFF, 0xFF, 0xFF,
	0xFF, 0xFF, 0xFF, 0xFF, 0xFF, 0xFF, 0xFF, 0xFF, 0xFF, 0xFF, 0xFF, 0xFF, 0xFF, 0xFF, 0xFF, 0xFF,
	0xFF, 0xFF, 0xFF, 0xFF, 0xFF, 0xFF, 0xFF, 0xFF, 0xFF, 0xFF, 0xFF, 0xFF, 0xFF, 0xFF, 0xFF, 0xFF,
	0xFF, 0xFF, 0xFF, 0xFF, 0xFF, 0xFF, 0xFF, 0xFF, 0xFF, 0xFF, 0xFF, 0xFF, 0xFF, 0xFF, 0xFF, 0xFF,
	0xFF, 0xFF, 0xFF, 0xFF, 0xFF, 0xFF, 0xFF, 0xFF, 0xFF, 0xFF, 0xFF, 0xFF, 0xFF, 0xFF, 0xFF, 0xFF,
	0xFF, 0xFF, 0xFF, 0xFF, 0xFF, 0xFF, 0xFF, 0xFF, 0xFF, 0xFF, 0xFF, 0xFF, 0xFF, 0xFF, 0xFF, 0xFF,
	0xFF, 0xFF, 0xFF, 0xFF, 0xFF, 0xFF, 0xFF, 0xFF, 0xFF, 0xFF, 0xFF, 0xFF, 0xFF, 0xFF, 0xFF, 0xFF,
	0xFF, 0xFF, 0xFF, 0xFF, 0xFF, 0xFF, 0xFF, 0xFF, 0xFF, 0xFF, 0xFF, 0xFF, 0xFF, 0xFF, 0xFF, 0xFF,
	0xFF, 0xFF, 0xFF, 0xFF, 0xFF, 0xFF, 0xFF, 0xFF, 0xFF, 0xFF, 0xFF, 0xFF, 0xFF, 0xFF, 0xFF, 0xFF,
	0xFF, 0xFF, 0xFF, 0xFF, 0xFF, 0xFF, 0xFF, 0xFF, 0xFF, 0xFF, 0xFF, 0xFF, 0xFF, 0xFF, 0xFF, 0xFF,
	0xFF, 0xFF, 0xFF, 0xFF, 0xFF, 0xFF, 0xFF, 0xFF, 0xFF, 0xFF, 0xFF, 0xFF, 0xFF, 0xFF, 0xFF, 0xFF,
	0xFF, 0xFF, 0xFF, 0xFF, 0xFF, 0xFF, 0xFF, 0xFF, 0xFF, 0xFF, 0xFF, 0xFF, 0xFF, 0xFF, 0xFF, 0xFF,
	0xFF, 0xFF, 0xFF, 0xFF, 0xFF, 0xFF, 0xFF, 0xFF, 0xFF, 0xFF, 0xFF, 0xFF, 0xFF, 0xFF, 0xFF, 0xFF,
	0xFF, 0xFF, 0xFF, 0xFF, 0xFF, 0xFF, 0xFF, 0xFF, 0xFF, 0xFF, 0xFF, 0xFF, 0xFF, 0xFF, 0xFF, 0xFF,
	0xFF, 0xFF, 0xFF, 0xFF, 0xFF, 0xFF, 0xFF, 0xFF, 0xFF, 0xFF, 0xFF, 0xFF, 0xFF, 0xFF, 0xFF, 0xFF,
	0xFF, 0xFF, 0xFF, 0xFF, 0xFF, 0xFF, 0xFF, 0xFF, 0xFF, 0xFF, 0xFF, 0xFF, 0xFF, 0xFF, 0xFF, 0xFF,
	0xFF, 0xFF, 0xFF, 0xFF, 0xFF, 0xFF, 0xFF, 0xFF, 0xFF, 0xFF, 0xFF, 0xFF, 0xFF, 0xFF, 0xFF, 0xFF,
	0xFF, 0xFF, 0xFF, 0xFF, 0xFF, 0xFF, 0xFF, 0xFF, 0xFF, 0xFF, 0xFF, 0xFF, 0xFF, 0xFF, 0xFF, 0xFF,
	0xFF, 0xFF, 0xFF, 0xFF, 0xFF, 0xFF, 0xFF, 0xFF, 0xFF, 0xFF, 0xFF, 0xFF, 0xFF, 0xFF, 0xFF, 0xFF,
	0xFF, 0xFF, 0xFF, 0xFF, 0xFF, 0xFF, 0xFF, 0xFF, 0xFF, 0xFF, 0xFF, 0xFF, 0xFF, 0xFF, 0xFF, 0xFF,
	0xFF, 0xFF, 0xFF, 0xFF, 0xFF, 0xFF, 0xFF, 0xFF, 0xFF, 0xFF, 0xFF, 0xFF, 0xFF, 0xFF, 0xFF, 0xFF,
	0xFF, 0xFF, 0xFF, 0xFF, 0xFF, 0xFF, 0xFF, 0xFF, 0xFF, 0xFF, 0xFF, 0xFF, 0xFF, 0xFF, 0xFF, 0xFF,
	0xFF, 0xFF, 0xFF, 0xFF, 0xFF, 0xFF, 0xFF, 0xFF, 0xFF, 0xFF, 0xFF, 0xFF, 0xFF, 0xFF, 0xFF, 0xFF,
	0xFF, 0xFF, 0xFF, 0xFF, 0xFF, 0xFF, 0xFF, 0xFF, 0xFF, 0xFF, 0xFF, 0xFF, 0xFF, 0xFF, 0xFF, 0xFF,
	0xFF, 0xFF, 0xFF, 0xFF, 0xFF, 0xFF, 0xFF, 0xFF, 0xFF, 0xFF, 0xFF, 0xFF, 0xFF, 0xFF, 0xFF, 0xFF,
	0xFF, 0xFF, 0xFF, 0xFF, 0xFF, 0xFF, 0xFF, 0xFF, 0xFF, 0xFF, 0xFF, 0xFF, 0xFF, 0xFF, 0xFF, 0xFF,
	0xFF, 0xFF, 0xFF, 0xFF, 0xFF, 0xFF, 0xFF, 0xFF, 0xFF, 0xFF, 0xFF, 0xFF, 0xFF, 0xFF, 0xFF, 0xFF,
	0xFF, 0xFF, 0xFF, 0xFF, 0xFF, 0xFF, 0xFF, 0xFF, 0xFF, 0xFF, 0xFF, 0xFF, 0xFF, 0xFF, 0xFF, 0xFF,
	0xFF, 0xFF, 0xFF, 0xFF, 0xFF, 0xFF, 0xFF, 0xFF, 0xFF, 0xFF, 0xFF, 0xFF, 0xFF, 0xFF, 0xFF, 0xFF,
	0xFF, 0xFF, 0xFF, 0xFF, 0xFF, 0xFF, 0xFF, 0xFF, 0xFF, 0xFF, 0xFF, 0xFF, 0xFF, 0xFF, 0xFF, 0xFF,
	0xFF, 0xFF, 0xFF, 0xFF, 0xFF, 0xFF, 0xFF, 0xFF, 0xFF, 0xFF, 0xFF, 0xFF, 0xFF, 0xFF, 0xFF, 0xFF,
	0xFF, 0xFF, 0xFF, 0xFF, 0xFF, 0xFF, 0xFF, 0xFF, 0xFF, 0xFF, 0xFF, 0xFF, 0xFF, 0xFF, 0xFF, 0xFF,
	0xFF, 0xFF, 0xFF, 0xFF, 0xFF, 0xFF, 0xFF, 0xFF, 0xFF, 0xFF, 0xFF, 0xFF, 0xFF, 0xFF, 0xFF, 0xFF,
	0xFF, 0xFF, 0xFF, 0xFF, 0xFF, 0xFF, 0xFF, 0xFF, 0xFF, 0xFF, 0xFF, 0xFF, 0xFF, 0xFF, 0xFF, 0xFF,
	0xFF, 0xFF, 0xFF, 0xFF, 0xFF, 0xFF, 0xFF, 0xFF, 0xFF, 0xFF, 0xFF, 0xFF, 0xFF, 0xFF, 0xFF, 0xFF,
	0xFF, 0xFF, 0xFF, 0xFF, 0xFF, 0xFF, 0xFF, 0xFF, 0xFF, 0xFF, 0xFF, 0xFF, 0xFF, 0xFF, 0xFF, 0xFF,
	0xFF, 0xFF, 0xFF, 0xFF, 0xFF, 0xFF, 0xFF, 0xFF, 0xFF, 0xFF, 0xFF, 0xFF, 0xFF, 0xFF, 0xFF, 0xFF,
	0xFF, 0xFF, 0xFF, 0xFF, 0xFF, 0xFF, 0xFF, 0xFF, 0xFF, 0xFF, 0xFF, 0xFF, 0xFF, 0xFF, 0xFF, 0xFF,
	0xFF, 0xFF, 0xFF, 0xFF, 0xFF, 0xFF, 0xFF, 0xFF, 0xFF, 0xFF, 0xFF, 0xFF, 0xFF, 0xFF, 0xFF, 0xFF,
	0xFF, 0xFF, 0xFF, 0xFF, 0xFF, 0xFF, 0xFF, 0xFF, 0xFF, 0xFF, 0xFF, 0xFF, 0xFF, 0xFF, 0xFF, 0xFF,
	0xFF, 0xFF, 0xFF, 0xFF, 0xFF, 0xFF, 0xFF, 0xFF, 0xFF, 0xFF, 0xFF, 0xFF, 0xFF, 0xFF, 0xFF, 0xFF,
	0xFF, 0xFF, 0xFF, 0xFF, 0xFF, 0xFF, 0xFF, 0xFF, 0xFF, 0xFF, 0xFF, 0xFF, 0xFF, 0xFF, 0xFF, 0xFF,
	0xFF, 0xFF, 0xFF, 0xFF, 0xFF, 0xFF, 0xFF, 0xFF, 0xFF, 0xFF, 0xFF, 0xFF, 0xFF, 0xFF, 0xFF, 0xFF,
	0xFF, 0xFF, 0xFF, 0xFF, 0xFF, 0xFF, 0xFF, 0xFF, 0xFF, 0xFF, 0xFF, 0xFF, 0xFF, 0xFF, 0xFF, 0xFF,
	0xFF, 0xFF, 0xFF, 0xFF, 0xFF, 0xFF, 0xFF, 0xFF, 0xFF, 0xFF, 0xFF, 0xFF, 0xFF, 0xFF, 0xFF, 0xFF,
	0xFF, 0xFF, 0xFF, 0xFF, 0xFF, 0xFF, 0xFF, 0xFF, 0xFF, 0xFF, 0xFF, 0xFF, 0xFF, 0xFF, 0xFF, 0xFF,
	0xFF, 0xFF, 0xFF, 0xFF, 0xFF, 0xFF, 0xFF, 0xFF, 0xFF, 0xFF, 0xFF, 0xFF, 0xFF, 0xFF, 0xFF, 0xFF,
	0xFF, 0xFF, 0xFF, 0xFF, 0xFF, 0xFF, 0xFF, 0xFF, 0xFF, 0xFF, 0xFF, 0xFF, 0xFF, 0xFF, 0xFF, 0xFF,
	0xFF, 0xFF, 0xFF, 0xFF, 0xFF, 0xFF, 0xFF, 0xFF, 0xFF, 0xFF, 0xFF, 0xFF, 0xFF, 0xFF, 0xFF, 0xFF,
	0xFF, 0xFF, 0xFF, 0xFF, 0xFF, 0xFF, 0xFF, 0xFF, 0xFF, 0xFF, 0xFF, 0xFF, 0xFF, 0xFF, 0xFF, 0xFF,
	0xFF, 0xFF, 0xFF, 0xFF, 0xFF, 0xFF, 0xFF, 0xFF, 0xFF, 0xFF, 0xFF, 0xFF, 0xFF, 0xFF, 0xFF, 0xFF,
	0xFF, 0xFF, 0xFF, 0xFF, 0xFF, 0xFF, 0xFF, 0xFF, 0xFF, 0xFF, 0xFF, 0xFF, 0xFF, 0xFF, 0xFF, 0xFF,
	0xFF, 0xFF, 0xFF, 0xFF, 0xFF, 0xFF, 0xFF, 0xFF, 0xFF, 0xFF, 0xFF, 0xFF, 0xFF, 0xFF, 0xFF, 0xFF,
	0xFF, 0xFF, 0xFF, 0xFF, 0xFF, 0xFF, 0xFF, 0xFF, 0xFF, 0xFF, 0xFF, 0xFF, 0xFF, 0xFF, 0xFF, 0xFF,
	0xFF, 0xFF, 0xFF, 0xFF, 0xFF, 0xFF, 0xFF, 0xFF, 0xFF, 0xFF, 0xFF, 0xFF, 0xFF, 0xFF, 0xFF, 0xFF,
	0xFF, 0xFF, 0xFF, 0xFF, 0xFF, 0xFF, 0xFF, 0xFF, 0xFF, 0xFF, 0xFF, 0xFF, 0xFF, 0xFF, 0xFF, 0xFF,
	0xFF, 0xFF, 0xFF, 0xFF, 0xFF, 0xFF, 0xFF, 0xFF, 0xFF, 0xFF, 0xFF, 0xFF, 0xFF, 0xFF, 0xFF, 0xFF,
	0xFF, 0xFF, 0xFF, 0xFF, 0xFF, 0xFF, 0xFF, 0xFF, 0xFF, 0xFF, 0xFF, 0xFF, 0xFF, 0xFF, 0xFF, 0xFF,
	0xFF, 0xFF, 0xFF, 0xFF, 0xFF, 0xFF, 0xFF, 0xFF, 0xFF, 0xFF, 0xFF, 0xFF, 0xFF, 0xFF, 0xFF, 0xFF,
	0xFF, 0xFF, 0xFF, 0xFF, 0xFF, 0xFF, 0xFF, 0xFF, 0xFF, 0xFF, 0xFF, 0xFF, 0xFF, 0xFF, 0xFF, 0xFF,
	0xFF, 0xFF, 0xFF, 0xFF, 0xFF, 0xFF, 0xFF, 0xFF, 0xFF, 0xFF, 0xFF, 0xFF, 0xFF, 0xFF, 0xFF, 0xFF,
	0xFF, 0xFF, 0xFF, 0xFF, 0xFF, 0xFF, 0xFF, 0xFF, 0xFF, 0xFF, 0xFF, 0xFF, 0xFF, 0xFF, 0xFF, 0xFF,
	0xFF, 0xFF, 0xFF, 0xFF, 0xFF, 0xFF, 0xFF, 0xFF, 0xFF, 0xFF, 0xFF, 0xFF, 0xFF, 0xFF, 0xFF, 0xFF,
	0xFF, 0xFF, 0xFF, 0xFF, 0xFF, 0xFF, 0xFF, 0xFF, 0xFF, 0xFF, 0xFF, 0xFF, 0xFF, 0xFF, 0xFF, 0xFF,
	0xFF, 0xFF, 0xFF, 0xFF, 0xFF, 0xFF, 0xFF, 0xFF, 0xFF, 0xFF, 0xFF, 0xFF, 0xFF, 0xFF, 0xFF, 0xFF,
	0xFF, 0xFF, 0xFF, 0xFF, 0xFF, 0xFF, 0xFF, 0xFF, 0xFF, 0xFF, 0xFF, 0xFF, 0xFF, 0xFF, 0xFF, 0xFF,
	0xFF, 0xFF, 0xFF, 0xFF, 0xFF, 0xFF, 0xFF, 0xFF, 0xFF, 0xFF, 0xFF, 0xFF, 0xFF, 0xFF, 0xFF, 0xFF,
	0xFF, 0xFF, 0xFF, 0xFF, 0xFF, 0xFF, 0xFF, 0xFF, 0xFF, 0xFF, 0xFF, 0xFF, 0xFF, 0xFF, 0xFF, 0xFF,
	0xFF, 0xFF, 0xFF, 0xFF, 0xFF, 0xFF, 0xFF, 0xFF, 0xFF, 0xFF, 0xFF, 0xFF, 0xFF, 0xFF, 0xFF, 0xFF,
	0xFF, 0xFF, 0xFF, 0xFF, 0xFF, 0xFF, 0xFF, 0xFF, 0xFF, 0xFF, 0xFF, 0xFF, 0xFF, 0xFF, 0xFF, 0xFF,
	0xFF, 0xFF, 0xFF, 0xFF, 0xFF, 0xFF, 0xFF, 0xFF, 0xFF, 0xFF, 0xFF, 0xFF, 0xFF, 0xFF, 0xFF, 0xFF,
	0xFF, 0xFF, 0xFF, 0xFF, 0xFF, 0xFF, 0xFF, 0xFF, 0xFF, 0xFF, 0xFF, 0xFF, 0xFF, 0xFF, 0xFF, 0xFF,
	0xFF, 0xFF, 0xFF, 0xFF, 0xFF, 0xFF, 0xFF, 0xFF, 0xFF, 0xFF, 0xFF, 0xFF, 0xFF, 0xFF, 0xFF, 0xFF,
	0xFF, 0xFF, 0xFF, 0xFF, 0xFF, 0xFF, 0xFF, 0xFF, 0xFF, 0xFF, 0xFF, 0xFF, 0xFF, 0xFF, 0xFF, 0xFF,
	0xFF, 0xFF, 0xFF, 0xFF, 0xFF, 0xFF, 0xFF, 0xFF, 0xFF, 0xFF, 0xFF, 0xFF, 0xFF, 0xFF, 0xFF, 0xFF,
	0xFF, 0xFF, 0xFF, 0xFF, 0xFF, 0xFF, 0xFF, 0xFF, 0xFF, 0xFF, 0xFF, 0xFF, 0xFF, 0xFF, 0xFF, 0xFF,
	0xFF, 0xFF, 0xFF, 0xFF, 0xFF, 0xFF, 0xFF, 0xFF, 0xFF, 0xFF, 0xFF, 0xFF, 0xFF, 0xFF, 0xFF, 0xFF,
	0xFF, 0xFF, 0xFF, 0xFF, 0xFF, 0xFF, 0xFF, 0xFF, 0xFF, 0xFF, 0xFF, 0xFF, 0xFF, 0xFF, 0xFF, 0xFF,
	0xFF, 0xFF, 0xFF, 0xFF, 0xFF, 0xFF, 0xFF, 0xFF, 0xFF, 0xFF, 0xFF, 0xFF, 0xFF, 0xFF, 0xFF, 0xFF,
	0xFF, 0xFF, 0xFF, 0xFF, 0xFF, 0xFF, 0xFF, 0xFF, 0xFF, 0xFF, 0xFF, 0xFF, 0xFF, 0xFF, 0xFF, 0xFF,
	0xFF, 0xFF, 0xFF, 0xFF, 0xFF, 0xFF, 0xFF, 0xFF, 0xFF, 0xFF, 0xFF, 0xFF, 0xFF, 0xFF, 0xFF, 0xFF,
	0xFF, 0xFF, 0xFF, 0xFF, 0xFF, 0xFF, 0xFF, 0xFF, 0xFF, 0xFF, 0xFF, 0xFF, 0xFF, 0xFF, 0xFF, 0xFF,
	0xFF, 0xFF, 0xFF, 0xFF, 0xFF, 0xFF, 0xFF, 0xFF, 0xFF, 0xFF, 0xFF, 0xFF, 0xFF, 0xFF, 0xFF, 0xFF,
	0xFF, 0xFF, 0xFF, 0xFF, 0xFF, 0xFF, 0xFF, 0xFF, 0xFF, 0xFF, 0xFF, 0xFF, 0xFF, 0xFF, 0xFF, 0xFF,
	0xFF, 0xFF, 0xFF, 0xFF, 0xFF, 0xFF, 0xFF, 0xFF, 0xFF, 0xFF, 0xFF, 0xFF, 0xFF, 0xFF, 0xFF, 0xFF,
	0xFF, 0xFF, 0xFF, 0xFF, 0xFF, 0xFF, 0xFF, 0xFF, 0xFF, 0xFF, 0xFF, 0xFF, 0xFF, 0xFF, 0xFF, 0xFF,
	0xFF, 0xFF, 0xFF, 0xFF, 0xFF, 0xFF, 0xFF, 0xFF, 0xFF, 0xFF, 0xFF, 0xFF, 0xFF, 0xFF, 0xFF, 0xFF,
	0xFF, 0xFF, 0xFF, 0xFF, 0xFF, 0xFF, 0xFF, 0xFF, 0xFF, 0xFF, 0xFF, 0xFF, 0xFF, 0xFF, 0xFF, 0xFF,
	0xFF, 0xFF, 0xFF, 0xFF, 0xFF, 0xFF, 0xFF, 0xFF, 0xFF, 0xFF, 0xFF, 0xFF, 0xFF, 0xFF, 0xFF, 0xFF,
	0xFF, 0xFF, 0xFF, 0xFF, 0xFF, 0xFF, 0xFF, 0xFF, 0xFF, 0xFF, 0xFF, 0xFF, 0xFF, 0xFF, 0xFF, 0xFF,
	0xFF, 0xFF, 0xFF, 0xFF, 0xFF, 0xFF, 0xFF, 0xFF, 0xFF, 0xFF, 0xFF, 0xFF, 0xFF, 0xFF, 0xFF, 0xFF,
	0xFF, 0xFF, 0xFF, 0xFF, 0xFF, 0xFF, 0xFF, 0xFF, 0xFF, 0xFF, 0xFF, 0xFF, 0xFF, 0xFF, 0xFF, 0xFF,
	0xFF, 0xFF, 0xFF, 0xFF, 0xFF, 0xFF, 0xFF, 0xFF, 0xFF, 0xFF, 0xFF, 0xFF, 0xFF, 0xFF, 0xFF, 0xFF,
	0xFF, 0xFF, 0xFF, 0xFF, 0xFF, 0xFF, 0xFF, 0xFF, 0xFF, 0xFF, 0xFF, 0xFF, 0xFF, 0xFF, 0xFF, 0xFF,
	0xFF, 0xFF, 0xFF, 0xFF, 0xFF, 0xFF, 0xFF, 0xFF, 0xFF, 0xFF, 0xFF, 0xFF, 0xFF, 0xFF, 0xFF, 0xFF,
	0xFF, 0xFF, 0xFF, 0xFF, 0xFF, 0xFF, 0xFF, 0xFF, 0xFF, 0xFF, 0xFF, 0xFF, 0xFF, 0xFF, 0xFF, 0xFF,
	0xFF, 0xFF, 0xFF, 0xFF, 0xFF, 0xFF, 0xFF, 0xFF, 0xFF, 0xFF, 0xFF, 0xFF, 0xFF, 0xFF, 0xFF, 0xFF,
	0xFF, 0xFF, 0xFF, 0xFF, 0xFF, 0xFF, 0xFF, 0xFF, 0xFF, 0xFF, 0xFF, 0xFF, 0xFF, 0xFF, 0xFF, 0xFF,
	0xFF, 0xFF, 0xFF, 0xFF, 0xFF, 0xFF, 0xFF, 0xFF, 0xFF, 0xFF, 0xFF, 0xFF, 0xFF, 0xFF, 0xFF, 0xFF,
	0xFF, 0xFF, 0xFF, 0xFF, 0xFF, 0xFF, 0xFF, 0xFF, 0xFF, 0xFF, 0xFF, 0xFF, 0xFF, 0xFF, 0xFF, 0xFF,
	0xFF, 0xFF, 0xFF, 0xFF, 0xFF, 0xFF, 0xFF, 0xFF, 0xFF, 0xFF, 0xFF, 0xFF, 0xFF, 0xFF, 0xFF, 0xFF,
	0xFF, 0xFF, 0xFF, 0xFF, 0xFF, 0xFF, 0xFF, 0xFF, 0xFF, 0xFF, 0xFF, 0xFF, 0xFF, 0xFF, 0xFF, 0xFF,
	0xFF, 0xFF, 0xFF, 0xFF, 0xFF, 0xFF, 0xFF, 0xFF, 0xFF, 0xFF, 0xFF, 0xFF, 0xFF, 0xFF, 0xFF, 0xFF,
	0xFF, 0xFF, 0xFF, 0xFF, 0xFF, 0xFF, 0xFF, 0xFF, 0xFF, 0xFF, 0xFF, 0xFF, 0xFF, 0xFF, 0xFF, 0xFF,
	0xFF, 0xFF, 0xFF, 0xFF, 0xFF, 0xFF, 0xFF, 0xFF, 0xFF, 0xFF, 0xFF, 0xFF, 0xFF, 0xFF, 0xFF, 0xFF,
	0xFF, 0xFF, 0xFF, 0xFF, 0xFF, 0xFF, 0xFF, 0xFF, 0xFF, 0xFF, 0xFF, 0xFF, 0xFF, 0xFF, 0xFF, 0xFF,
	0xFF, 0xFF, 0xFF, 0xFF, 0xFF, 0xFF, 0xFF, 0xFF, 0xFF, 0xFF, 0xFF, 0xFF, 0xFF, 0xFF, 0xFF, 0xFF,
	0xFF, 0xFF, 0xFF, 0xFF, 0xFF, 0xFF, 0xFF, 0xFF, 0xFF, 0xFF, 0xFF, 0xFF, 0xFF, 0xFF, 0xFF, 0xFF,
	0xFF, 0xFF, 0xFF, 0xFF, 0xFF, 0xFF, 0xFF, 0xFF, 0xFF, 0xFF, 0xFF, 0xFF, 0xFF, 0xFF, 0xB0, 0x53,
	0xAB, 0x01, 0x2E, 0x02, 0x4D, 0x0A, 0x2D, 0x0A, 0x4D, 0x0A, 0x2D, 0x0A, 0x4D, 0x0A, 0x2D, 0x02,
	0x4D, 0x0A, 0x2D, 0x0A, 0x2D, 0x0A, 0x2D, 0x02, 0x2D, 0x0A, 0x0C, 0x12, 0xFD, 0xCE, 0xFF, 0xFF,
	0xFF, 0xFF, 0xFF, 0xFF, 0xFF, 0xFF, 0xFF, 0xFF, 0xFF, 0xFF, 0xFF, 0xFF, 0xFF, 0xFF, 0xFE, 0xFF,
	0xFF, 0xFF, 0x73, 0x6C, 0xCB, 0x09, 0x2D, 0x0A, 0x2D, 0x0A, 0x2D, 0x02, 0x4D, 0x0A, 0x4D, 0x0A,
	0xCF, 0x22, 0xD4, 0x74, 0xDF, 0xF7, 0xFF, 0xFF, 0xFF, 0xFF, 0xFF, 0xFF, 0xFF, 0xFF, 0xFF, 0xFF,
	0xFF, 0xFF, 0xFF, 0xFF, 0xFF, 0xFF, 0xFF, 0xFF, 0xFF, 0xFF, 0xFF, 0xFF, 0xFF, 0xFF, 0xFF, 0xFF,
	0xFF, 0xFF, 0xFF, 0xFF, 0xFF, 0xFF, 0xFF, 0xFF, 0xFF, 0xFF, 0xFF, 0xFF, 0xFF, 0xFF, 0xFF, 0xFF,
	0xFF, 0xFF, 0xFF, 0xFF, 0xFF, 0xFF, 0xFF, 0xFF, 0xFF, 0xFF, 0xFF, 0xFF, 0xFF, 0xFF, 0xFF, 0xFF,
	0xFF, 0xFF, 0xFF, 0xFF, 0xFF, 0xFF, 0xFF, 0xFF, 0xFF, 0xFF, 0xFF, 0xFF, 0xFF, 0xFF, 0xFF, 0xFF,
	0xFF, 0xFF, 0xFF, 0xFF, 0xFF, 0xFF, 0xFF, 0xFF, 0xFF, 0xFF, 0xFF, 0xFF, 0xFF, 0xFF, 0xFF, 0xFF,
	0xFF, 0xFF, 0xFF, 0xFF, 0xFF, 0xFF, 0xFF, 0xFF, 0xFF, 0xFF, 0xFF, 0xFF, 0xFF, 0xFF, 0xFF, 0xFF,
	0xFF, 0xFF, 0xFF, 0xFF, 0xFF, 0xFF, 0xFF, 0xFF, 0xFF, 0xFF, 0xFF, 0xFF, 0xFF, 0xFF, 0xFF, 0xFF,
	0xFF, 0xFF, 0xFF, 0xFF, 0xFF, 0xFF, 0xFF, 0xFF, 0xFF, 0xFF, 0xFF, 0xFF, 0xFF, 0xFF, 0xFF, 0xFF,
	0xFF, 0xFF, 0xFF, 0xFF, 0xFF, 0xFF, 0xFF, 0xFF, 0xFF, 0xFF, 0xFF, 0xFF, 0xFF, 0xFF, 0xFF, 0xFF,
	0xFF, 0xFF, 0xFF, 0xFF, 0xFF, 0xFF, 0xFF, 0xFF, 0xFF, 0xFF, 0xFF, 0xFF, 0xFF, 0xFF, 0xFF, 0xFF,
	0xFF, 0xFF, 0xFF, 0xFF, 0xFF, 0xFF, 0xFF, 0xFF, 0xFF, 0xFF, 0xFF, 0xFF, 0xFF, 0xFF, 0xFF, 0xFF,
	0x33, 0x64, 0x90, 0x12, 0xF0, 0x1A, 0xF0, 0x22, 0xF0, 0x22, 0x10, 0x23, 0xF0, 0x1A, 0x11, 0x23,
	0xF0, 0x1A, 0x11, 0x23, 0xF0, 0x1A, 0x11, 0x23, 0xF0, 0x1A, 0xF0, 0x22, 0xCD, 0x2A, 0xFF, 0xFF,
	0xDF, 0xFF, 0xFF, 0xFF, 0xFF, 0xFF, 0xFF, 0xFF, 0xFF, 0xFF, 0xFF, 0xFF, 0xFF, 0xFF, 0xFF, 0xFF,
	0xFF, 0xFF, 0xD2, 0x4B, 0xCF, 0x1A, 0x31, 0x1B, 0x10, 0x23, 0x11, 0x23, 0xF1, 0x1A, 0xF1, 0x22,
	0x11, 0x23, 0xF0, 0x1A, 0x0C, 0x02, 0xB5, 0x74, 0xFF, 0xFF, 0xFF, 0xFF, 0xFF, 0xFF, 0xFF, 0xFF,
	0xFF, 0xFF, 0xFF, 0xFF, 0xFF, 0xFF, 0xFF, 0xFF, 0xFF, 0xFF, 0xFF, 0xFF, 0xFF, 0xFF, 0xFF, 0xFF,
	0xFF, 0xFF, 0xFF, 0xFF, 0xFF, 0xFF, 0xFF, 0xFF, 0xFF, 0xFF, 0xFF, 0xFF, 0xFF, 0xFF, 0xFF, 0xFF,
	0xFF, 0xFF, 0xFF, 0xFF, 0xFF, 0xFF, 0xFF, 0xFF, 0xFF, 0xFF, 0xFF, 0xFF, 0xFF, 0xFF, 0xFF, 0xFF,
	0xFF, 0xFF, 0xFF, 0xFF, 0xFF, 0xFF, 0xFF, 0xFF, 0xFF, 0xFF, 0xFF, 0xFF, 0xFF, 0xFF, 0xFF, 0xFF,
	0xFF, 0xFF, 0xFF, 0xFF, 0xFF, 0xFF, 0xFF, 0xFF, 0xFF, 0xFF, 0xFF, 0xFF, 0xFF, 0xFF, 0xFF, 0xFF,
	0xFF, 0xFF, 0xFF, 0xFF, 0xFF, 0xFF, 0xFF, 0xFF, 0xFF, 0xFF, 0xFF, 0xFF, 0xFF, 0xFF, 0xFF, 0xFF,
	0xFF, 0xFF, 0xFF, 0xFF, 0xFF, 0xFF, 0xFF, 0xFF, 0xFF, 0xFF, 0xFF, 0xFF, 0xFF, 0xFF, 0xFF, 0xFF,
	0xFF, 0xFF, 0xFF, 0xFF, 0xFF, 0xFF, 0xFF, 0xFF, 0xFF, 0xFF, 0xFF, 0xFF, 0xFF, 0xFF, 0xFF, 0xFF,
	0xFF, 0xFF, 0xFF, 0xFF, 0xFF, 0xFF, 0xFF, 0xFF, 0xFF, 0xFF, 0xFF, 0xFF, 0xFF, 0xFF, 0xFF, 0xFF,
	0xFF, 0xFF, 0xFF, 0xFF, 0xFF, 0xFF, 0xFF, 0xFF, 0xFF, 0xFF, 0xFF, 0xFF, 0xFF, 0xFF, 0xFF, 0xFF,
	0xFF, 0xFF, 0xFF, 0xFF, 0xFF, 0xFF, 0xFF, 0xFF, 0xFF, 0xFF, 0xFF, 0xFF, 0xFF, 0xFF, 0xFF, 0xFF,
	0xFF, 0xFF, 0x50, 0x43, 0xF0, 0x1A, 0x6D, 0x0A, 0x8F, 0x12, 0x8E, 0x0A, 0xAE, 0x12, 0x8E, 0x12,
	0xAE, 0x12, 0x8E, 0x12, 0xAF, 0x12, 0xAE, 0x12, 0xAF, 0x12, 0xAF, 0x0A, 0xCF, 0x1A, 0x5E, 0xD7,
	0xFF, 0xFF, 0xFF, 0xFF, 0xFF, 0xFF, 0xFF, 0xFF, 0xFF, 0xFF, 0xFF, 0xFF, 0xFF, 0xFF, 0xFF, 0xFF,
	0xFF, 0xFF, 0x36, 0x7D, 0xAF, 0x12, 0xCF, 0x0A, 0xCF, 0x1A, 0xAF, 0x12, 0xCF, 0x1A, 0xAE, 0x1A,
	0xCF, 0x1A, 0xCF, 0x12, 0x11, 0x1B, 0xAF, 0x12, 0xCF, 0x2A, 0xFF, 0xFF, 0xFF, 0xFF, 0xFF, 0xFF,
	0xFF, 0xFF, 0xFF, 0xFF, 0xFF, 0xFF, 0xFF, 0xFF, 0xFF, 0xFF, 0xFF, 0xFF, 0xFF, 0xFF, 0xFF, 0xFF,
	0xFF, 0xFF, 0xFF, 0xFF, 0xFF, 0xFF, 0xFF, 0xFF, 0xFF, 0xFF, 0xFF, 0xFF, 0xFF, 0xFF, 0xFF, 0xFF,
	0xFF, 0xFF, 0xFF, 0xFF, 0xFF, 0xFF, 0xFF, 0xFF, 0xFF, 0xFF, 0xFF, 0xFF, 0xFF, 0xFF, 0xFF, 0xFF,
	0xFF, 0xFF, 0xFF, 0xFF, 0xFF, 0xFF, 0xFF, 0xFF, 0xFF, 0xFF, 0xFF, 0xFF, 0xFF, 0xFF, 0xFF, 0xFF,
	0xFF, 0xFF, 0xFF, 0xFF, 0xFF, 0xFF, 0xFF, 0xFF, 0xFF, 0xFF, 0xFF, 0xFF, 0xFF, 0xFF, 0xFF, 0xFF,
	0xFF, 0xFF, 0xFF, 0xFF, 0xFF, 0xFF, 0xFF, 0xFF, 0xFF, 0xFF, 0xFF, 0xFF, 0xFF, 0xFF, 0xFF, 0xFF,
	0xFF, 0xFF, 0xFF, 0xFF, 0xFF, 0xFF, 0xFF, 0xFF, 0xFF, 0xFF, 0xFF, 0xFF, 0xFF, 0xFF, 0xFF, 0xFF,
	0xFF, 0xFF, 0xFF, 0xFF, 0xFF, 0xFF, 0xFF, 0xFF, 0xFF, 0xFF, 0xFF, 0xFF, 0xFF, 0xFF, 0xFF, 0xFF,
	0xFF, 0xFF, 0xFF, 0xFF, 0xFF, 0xFF, 0xFF, 0xFF, 0xFF, 0xFF, 0xFF, 0xFF, 0xFF, 0xFF, 0xFF, 0xFF,
	0xFF, 0xFF, 0xFF, 0xFF, 0xFF, 0xFF, 0xFF, 0xFF, 0xFF, 0xFF, 0xFF, 0xFF, 0xFF, 0xFF, 0xFF, 0xFF,
	0xFF, 0xFF, 0xFF, 0xFF, 0xFF, 0xFF, 0xFF, 0xFF, 0xFF, 0xFF, 0xFF, 0xFF, 0xFF, 0xFF, 0xFF, 0xFF,
	0xFF, 0xFF, 0xFF, 0xFF, 0x6D, 0x12, 0xF0, 0x1A, 0x8E, 0x12, 0xAF, 0x1A, 0x8E, 0x12, 0xAE, 0x1A,
	0xAE, 0x12, 0xAF, 0x1A, 0xAE, 0x12, 0xCF, 0x1A, 0xAE, 0x12, 0xD0, 0x12, 0x8F, 0x0A, 0x39, 0xAE,
	0xFF, 0xFF, 0xFF, 0xFF, 0xFF, 0xFF, 0xFF, 0xFF, 0xFF, 0xFF, 0xFF, 0xFF, 0xFF, 0xFF, 0xFF, 0xFF,
	0xFF, 0xFF, 0xBC, 0xC6, 0xAF, 0x0A, 0xD0, 0x12, 0xCF, 0x12, 0xD1, 0x12, 0xD0, 0x0A, 0x10, 0x0B,
	0xCF, 0x12, 0xCF, 0x1A, 0xCF, 0x12, 0xF0, 0x1A, 0xEF, 0x1A, 0x8D, 0x2A, 0xFF, 0xF7, 0xFF, 0xFF,
	0xFF, 0xFF, 0xFF, 0xFF, 0xFF, 0xFF, 0xFF, 0xFF, 0xFF, 0xFF, 0xFF, 0xFF, 0xFF, 0xFF, 0xFF, 0xFF,
	0xFF, 0xFF, 0xFF, 0xFF, 0xFF, 0xFF, 0xFF, 0xFF, 0xFF, 0xFF, 0xFF, 0xFF, 0xFF, 0xFF, 0xFF, 0xFF,
	0xFF, 0xFF, 0xFF, 0xFF, 0xFF, 0xFF, 0xFF, 0xFF, 0xFF, 0xFF, 0xFF, 0xFF, 0xFF, 0xFF, 0xFF, 0xFF,
	0xFF, 0xFF, 0xFF, 0xFF, 0xFF, 0xFF, 0xFF, 0xFF, 0xFF, 0xFF, 0xFF, 0xFF, 0xFF, 0xFF, 0xFF, 0xFF,
	0xFF, 0xFF, 0xFF, 0xFF, 0xFF, 0xFF, 0xFF, 0xFF, 0xFF, 0xFF, 0xFF, 0xFF, 0xFF, 0xFF, 0xFF, 0xFF,
	0xFF, 0xFF, 0xFF, 0xFF, 0xFF, 0xFF, 0xFF, 0xFF, 0xFF, 0xFF, 0xFF, 0xFF, 0xFF, 0xFF, 0xFF, 0xFF,
	0xFF, 0xFF, 0xFF, 0xFF, 0xFF, 0xFF, 0xFF, 0xFF, 0xFF, 0xFF, 0xFF, 0xFF, 0xFF, 0xFF, 0xFF, 0xFF,
	0xFF, 0xFF, 0xFF, 0xFF, 0xFF, 0xFF, 0xFF, 0xFF, 0xFF, 0xFF, 0xFF, 0xFF, 0xFF, 0xFF, 0xFF, 0xFF,
	0xFF, 0xFF, 0xFF, 0xFF, 0xFF, 0xFF, 0xFF, 0xFF, 0xFF, 0xFF, 0xFF, 0xFF, 0xFF, 0xFF, 0xFF, 0xFF,
	0xFF, 0xFF, 0xFF, 0xFF, 0xFF, 0xFF, 0xFF, 0xFF, 0xFF, 0xFF, 0xFF, 0xFF, 0xFF, 0xFF, 0xFF, 0xFF,
	0xFF, 0xFF, 0xFF, 0xFF, 0xFF, 0xFF, 0xFF, 0xFF, 0xFF, 0xFF, 0xFF, 0xFF, 0xFF, 0xFF, 0xFF, 0xFF,
	0xFF, 0xFF, 0xFF, 0xFF, 0x7B, 0xBE, 0x6D, 0x12, 0xAE, 0x1A, 0x8E, 0x12, 0xAF, 0x1A, 0xAF, 0x12,
	0xAF, 0x12, 0xAF, 0x12, 0xAF, 0x1A, 0xAF, 0x12, 0xCF, 0x1A, 0xAF, 0x12, 0xAF, 0x12, 0x94, 0x6C,
	0xFF, 0xFF, 0xFF, 0xFF, 0xFF, 0xFF, 0xFF, 0xFF, 0xFF, 0xFF, 0xFF, 0xFF, 0xFF, 0xFF, 0xFF, 0xFF,
	0xFF, 0xFF, 0xFF, 0xFF, 0x6D, 0x12, 0xCF, 0x12, 0xEF, 0x1A, 0xCF, 0x12, 0xF0, 0x12, 0xD0, 0x12,
	0xEF, 0x12, 0xCF, 0x12, 0xF0, 0x12, 0xCE, 0x0A, 0xEF, 0x12, 0xCF, 0x1A, 0xF0, 0x22, 0xFF, 0xFF,
	0xFF, 0xFF, 0xFF, 0xFF, 0xFF, 0xFF, 0xFF, 0xFF, 0xFF, 0xFF, 0xFF, 0xFF, 0xFF, 0xFF, 0xFF, 0xFF,
	0xFF, 0xFF, 0xFF, 0xFF, 0xFF, 0xFF, 0xFF, 0xFF, 0xFF, 0xFF, 0xFF, 0xFF, 0xFF, 0xFF, 0xFF, 0xFF,
	0xFF, 0xFF, 0xFF, 0xFF, 0xFF, 0xFF, 0xFF, 0xFF, 0xFF, 0xFF, 0xFF, 0xFF, 0xFF, 0xFF, 0xFF, 0xFF,
	0xFF, 0xFF, 0xFF, 0xFF, 0xFF, 0xFF, 0xFF, 0xFF, 0xFF, 0xFF, 0xFF, 0xFF, 0xFF, 0xFF, 0xFF, 0xFF,
	0xFF, 0xFF, 0xFF, 0xFF, 0xFF, 0xFF, 0xFF, 0xFF, 0xFF, 0xFF, 0xFF, 0xFF, 0xFF, 0xFF, 0xFF, 0xFF,
	0xFF, 0xFF, 0xFF, 0xFF, 0xFF, 0xFF, 0xFF, 0xFF, 0xFF, 0xFF, 0xFF, 0xFF, 0xFF, 0xFF, 0xFF, 0xFF,
	0xFF, 0xFF, 0xFF, 0xFF, 0xFF, 0xFF, 0xFF, 0xFF, 0xFF, 0xFF, 0xFF, 0xFF, 0xFF, 0xFF, 0xFF, 0xFF,
	0xFF, 0xFF, 0xFF, 0xFF, 0xFF, 0xFF, 0xFF, 0xFF, 0xFF, 0xFF, 0xFF, 0xFF, 0xFF, 0xFF, 0xFF, 0xFF,
	0xFF, 0xFF, 0xFF, 0xFF, 0xFF, 0xFF, 0xFF, 0xFF, 0xFF, 0xFF, 0xFF, 0xFF, 0xFF, 0xFF, 0xFF, 0xFF,
	0xFF, 0xFF, 0xFF, 0xFF, 0xFF, 0xFF, 0xFF, 0xFF, 0xFF, 0xFF, 0xFF, 0xFF, 0xFF, 0xFF, 0xFF, 0xFF,
	0xFF, 0xFF, 0xFF, 0xFF, 0xFF, 0xFF, 0xFF, 0xFF, 0xFF, 0xFF, 0xFF, 0xFF, 0xFF, 0xFF, 0xFF, 0xFF,
	0xFF, 0xFF, 0xFF, 0xFF, 0xFF, 0xFF, 0x92, 0x4B, 0xCF, 0x12, 0xCF, 0x12, 0xAF, 0x12, 0xCF, 0x12,
	0xCF, 0x12, 0xCF, 0x1A, 0xCF, 0x12, 0xD0, 0x1A, 0xCF, 0x12, 0xD0, 0x1A, 0xCF, 0x12, 0xCF, 0x2A,
	0xFF, 0xFF, 0xFF, 0xFF, 0xFF, 0xFF, 0xFF, 0xFF, 0xFF, 0xFF, 0xFF, 0xFF, 0xFF, 0xFF, 0xFF, 0xFF,
	0xFF, 0xFF, 0xFF, 0xFF, 0x51, 0x33, 0xD0, 0x1A, 0xF0, 0x12, 0x10, 0x13, 0x0F, 0x13, 0x10, 0x13,
	0xF1, 0x12, 0xF1, 0x1A, 0xCF, 0x12, 0xF0, 0x1A, 0xB0, 0x12, 0xF1, 0x12, 0x6E, 0x12, 0x53, 0x64,
	0xFF, 0xFF, 0xFF, 0xFF, 0xFF, 0xFF, 0xFF, 0xFF, 0xFF, 0xFF, 0xFF, 0xFF, 0xFF, 0xFF, 0xFF, 0xFF,
	0xFF, 0xFF, 0xFF, 0xFF, 0xFF, 0xFF, 0xFF, 0xFF, 0xFF, 0xFF, 0xFF, 0xFF, 0xFF, 0xFF, 0xFF, 0xFF,
	0xFF, 0xFF, 0xFF, 0xFF, 0xFF, 0xFF, 0xFF, 0xFF, 0xFF, 0xFF, 0xFF, 0xFF, 0xFF, 0xFF, 0xFF, 0xFF,
	0xFF, 0xFF, 0xFF, 0xFF, 0xFF, 0xFF, 0xFF, 0xFF, 0xFF, 0xFF, 0xFF, 0xFF, 0xFF, 0xFF, 0xFF, 0xFF,
	0xFF, 0xFF, 0xFF, 0xFF, 0xFF, 0xFF, 0xFF, 0xFF, 0xFF, 0xFF, 0xFF, 0xFF, 0xFF, 0xFF, 0xFF, 0xFF,
	0xFF, 0xFF, 0xFF, 0xFF, 0xFF, 0xFF, 0xFF, 0xFF, 0xFF, 0xFF, 0xFF, 0xFF, 0xFF, 0xFF, 0xFF, 0xFF,
	0xFF, 0xFF, 0xFF, 0xFF, 0xFF, 0xFF, 0xFF, 0xFF, 0xFF, 0xFF, 0xFF, 0xFF, 0xFF, 0xFF, 0xFF, 0xFF,
	0xFF, 0xFF, 0xFF, 0xFF, 0xFF, 0xFF, 0xFF, 0xFF, 0xFF, 0xFF, 0xFF, 0xFF, 0xFF, 0xFF, 0xFF, 0xFF,
	0xFF, 0xFF, 0xFF, 0xFF, 0xFF, 0xFF, 0xFF, 0xFF, 0xFF, 0xFF, 0xFF, 0xFF, 0xFF, 0xFF, 0xFF, 0xFF,
	0xFF, 0xFF, 0xFF, 0xFF, 0xFF, 0xFF, 0xFF, 0xFF, 0xFF, 0xFF, 0xFF, 0xFF, 0xFF, 0xFF, 0xFF, 0xFF,
	0xFF, 0xFF, 0xFF, 0xFF, 0xFF, 0xFF, 0xFF, 0xFF, 0xFF, 0xFF, 0xFF, 0xFF, 0xFF, 0xFF, 0xFF, 0xFF,
	0xFF, 0xFF, 0xFF, 0xFF, 0xFF, 0xFF, 0xDB, 0xC6, 0x8D, 0x12, 0xAF, 0x12, 0xAF, 0x12, 0xAF, 0x12,
	0xCF, 0x1A, 0xAF, 0x12, 0xCF, 0x1A, 0xAF, 0x12, 0xD0, 0x1A, 0xCF, 0x12, 0xEF, 0x12, 0x6E, 0x12,
	0xFF, 0xF7, 0xFF, 0xFF, 0xFF, 0xFF, 0xFF, 0xFF, 0xFF, 0xFF, 0xFF, 0xFF, 0xFF, 0xFF, 0xFF, 0xFF,
	0xFF, 0xFF, 0xFF, 0xFF, 0x58, 0x8D, 0x6E, 0x12, 0xF1, 0x1A, 0xEF, 0x0A, 0x10, 0x13, 0xF0, 0x12,
	0xF0, 0x1A, 0xD0, 0x12, 0x11, 0x13, 0xF0, 0x0A, 0xF0, 0x12, 0xCF, 0x12, 0xEF, 0x1A, 0xCA, 0x01,
	0xBC, 0xC6, 0xFF, 0xFF, 0xFF, 0xFF, 0xFF, 0xFF, 0xFF, 0xFF, 0xFF, 0xFF, 0xFF, 0xFF, 0xFF, 0xFF,
	0xFF, 0xFF, 0xFF, 0xFF, 0xFF, 0xFF, 0xFF, 0xFF, 0xFF, 0xFF, 0xFF, 0xFF, 0xFF, 0xFF, 0xFF, 0xFF,
	0xFF, 0xFF, 0xFF, 0xFF, 0xFF, 0xFF, 0xFF, 0xFF, 0xFF, 0xFF, 0xFF, 0xFF, 0xFF, 0xFF, 0xFF, 0xFF,
	0xFF, 0xFF, 0xFF, 0xFF, 0xFF, 0xFF, 0xFF, 0xFF, 0xFF, 0xFF, 0xFF, 0xFF, 0xFF, 0xFF, 0xFF, 0xFF,
	0xFF, 0xFF, 0xFF, 0xFF, 0xFF, 0xFF, 0xFF, 0xFF, 0xFF, 0xFF, 0xFF, 0xFF, 0xFF, 0xFF, 0xFF, 0xFF,
	0xFF, 0xFF, 0xFF, 0xFF, 0xFF, 0xFF, 0xFF, 0xFF, 0xFF, 0xFF, 0xFF, 0xFF, 0xFF, 0xFF, 0xFF, 0xFF,
	0xFF, 0xFF, 0xFF, 0xFF, 0xFF, 0xFF, 0xFF, 0xFF, 0xFF, 0xFF, 0xFF, 0xFF, 0xFF, 0xFF, 0xFF, 0xFF,
	0xFF, 0xFF, 0xFF, 0xFF, 0xFF, 0xFF, 0xFF, 0xFF, 0xFF, 0xFF, 0xFF, 0xFF, 0xFF, 0xFF, 0xFF, 0xFF,
	0xFF, 0xFF, 0xFF, 0xFF, 0xFF, 0xFF, 0xFF, 0xFF, 0xFF, 0xFF, 0xFF, 0xFF, 0xFF, 0xFF, 0xFF, 0xFF,
	0xFF, 0xFF, 0xFF, 0xFF, 0xFF, 0xFF, 0xFF, 0xFF, 0xFF, 0xFF, 0xFF, 0xFF, 0xFF, 0xFF, 0xFF, 0xFF,
	0xFF, 0xFF, 0xFF, 0xFF, 0xFF, 0xFF, 0xFF, 0xFF, 0xFF, 0xFF, 0xFF, 0xFF, 0xFF, 0xFF, 0xFF, 0xFF,
	0xFF, 0xFF, 0xFF, 0xFF, 0xFF, 0xFF, 0xFF, 0xFF, 0x6F, 0x43, 0xF0, 0x1A, 0x8F, 0x12, 0xAF, 0x1A,
	0xCF, 0x12, 0xD0, 0x1A, 0xD0, 0x1A, 0xCF, 0x1A, 0xCF, 0x0A, 0xF0, 0x12, 0xCF, 0x12, 0xB0, 0x12,
	0x19, 0xA6, 0xFF, 0xFF, 0xFF, 0xFF, 0xFF, 0xFF, 0xFF, 0xFF, 0xFF, 0xFF, 0xFF, 0xFF, 0xFF, 0xFF,
	0xFF, 0xFF, 0xFF, 0xFF, 0x59, 0xBE, 0xAF, 0x12, 0xF1, 0x12, 0x11, 0x1B, 0xF0, 0x12, 0x11, 0x1B,
	0xF0, 0x12, 0x11, 0x1B, 0xF0, 0x12, 0xF0, 0x12, 0xF0, 0x12, 0xF0, 0x1A, 0xF0, 0x12, 0x8E, 0x0A,
	0x2C, 0x0A, 0xFF, 0xFF, 0xFF, 0xFF, 0xFF, 0xFF, 0xFF, 0xFF, 0xFF, 0xFF, 0xFF, 0xFF, 0xFF, 0xFF,
	0xFF, 0xFF, 0xFF, 0xFF, 0xFF, 0xFF, 0xFF, 0xFF, 0xFF, 0xFF, 0xFF, 0xFF, 0xFF, 0xFF, 0xFF, 0xFF,
	0xFF, 0xFF, 0xFF, 0xFF, 0xFF, 0xFF, 0xFF, 0xFF, 0xFF, 0xFF, 0xFF, 0xFF, 0xFF, 0xFF, 0xFF, 0xFF,
	0xFF, 0xFF, 0xFF, 0xFF, 0xFF, 0xFF, 0xFF, 0xFF, 0xFF, 0xFF, 0xFF, 0xFF, 0xFF, 0xFF, 0xFF, 0xFF,
	0xFF, 0xFF, 0xFF, 0xFF, 0xFF, 0xFF, 0xFF, 0xFF, 0xFF, 0xFF, 0xFF, 0xFF, 0xFF, 0xFF, 0xFF, 0xFF,
	0xFF, 0xFF, 0xFF, 0xFF, 0xFF, 0xFF, 0xFF, 0xFF, 0xFF, 0xFF, 0xFF, 0xFF, 0xFF, 0xFF, 0xFF, 0xFF,
	0xFF, 0xFF, 0xFF, 0xFF, 0xFF, 0xFF, 0xFF, 0xFF, 0xFF, 0xFF, 0xFF, 0xFF, 0xFF, 0xFF, 0xFF, 0xFF,
	0xFF, 0xFF, 0xFF, 0xFF, 0xFF, 0xFF, 0xFF, 0xFF, 0xFF, 0xFF, 0xFF, 0xFF, 0xFF, 0xFF, 0xFF, 0xFF,
	0xFF, 0xFF, 0xFF, 0xFF, 0xFF, 0xFF, 0xFF, 0xFF, 0xFF, 0xFF, 0xFF, 0xFF, 0xFF, 0xFF, 0xFF, 0xFF,
	0xFF, 0xFF, 0xFF, 0xFF, 0xFF, 0xFF, 0xFF, 0xFF, 0xFF, 0xFF, 0xFF, 0xFF, 0xFF, 0xFF, 0xFF, 0xFF,
	0xFF, 0xFF, 0xFF, 0xFF, 0xFF, 0xFF, 0xFF, 0xFF, 0xFF, 0xFF, 0xFF, 0xFF, 0xFF, 0xFF, 0xFF, 0xFF,
	0xFF, 0xFF, 0xFF, 0xFF, 0xFF, 0xFF, 0xFF, 0xFF, 0x7A, 0xB6, 0x4D, 0x0A, 0xD0, 0x1A, 0xAF, 0x12,
	0xEF, 0x1A, 0xAF, 0x12, 0xD0, 0x1A, 0xCF, 0x12, 0xF0, 0x12, 0xF0, 0x12, 0xF0, 0x1A, 0xAF, 0x0A,
	0xF6, 0x7C, 0xFF, 0xFF, 0xFF, 0xFF, 0xFF, 0xFF, 0xFF, 0xFF, 0xFF, 0xFF, 0xFF, 0xFF, 0xFF, 0xFF,
	0xFF, 0xFF, 0xFF, 0xFF, 0xFF, 0xF7, 0xAE, 0x1A, 0xF1, 0x12, 0xF0, 0x12, 0x11, 0x13, 0xF0, 0x12,
	0x10, 0x13, 0xF0, 0x12, 0xF0, 0x12, 0xF0, 0x12, 0xF0, 0x12, 0xD0, 0x12, 0xF0, 0x12, 0xF0, 0x12,
	0x89, 0x01, 0xD8, 0xA5, 0xFF, 0xFF, 0xFF, 0xFF, 0xFF, 0xFF, 0xFF, 0xFF, 0xFF, 0xFF, 0xFF, 0xFF,
	0xFF, 0xFF, 0xFF, 0xFF, 0xFF, 0xFF, 0xFF, 0xFF, 0xFF, 0xFF, 0xFF, 0xFF, 0xFF, 0xFF, 0xFF, 0xFF,
	0xFF, 0xFF, 0xFF, 0xFF, 0xFF, 0xFF, 0xFF, 0xFF, 0xFF, 0xFF, 0xFF, 0xFF, 0xFF, 0xFF, 0xFF, 0xFF,
	0xFF, 0xFF, 0xFF, 0xFF, 0xFF, 0xFF, 0xFF, 0xFF, 0xFF, 0xFF, 0xFF, 0xFF, 0xFF, 0xFF, 0xFF, 0xFF,
	0xFF, 0xFF, 0xFF, 0xFF, 0xFF, 0xFF, 0xFF, 0xFF, 0xFF, 0xFF, 0xFF, 0xFF, 0xFF, 0xFF, 0xFF, 0xFF,
	0xFF, 0xFF, 0xFF, 0xFF, 0xFF, 0xFF, 0xFF, 0xFF, 0xFF, 0xFF, 0xFF, 0xFF, 0xFF, 0xFF, 0xFF, 0xFF,
	0xFF, 0xFF, 0xFF, 0xFF, 0xFF, 0xFF, 0xFF, 0xFF, 0xFF, 0xFF, 0xFF, 0xFF, 0xFF, 0xFF, 0xFF, 0xFF,
	0xFF, 0xFF, 0xFF, 0xFF, 0xFF, 0xFF, 0xFF, 0xFF, 0xFF, 0xFF, 0xFF, 0xFF, 0xFF, 0xFF, 0xFF, 0xFF,
	0xFF, 0xFF, 0xFF, 0xFF, 0xFF, 0xFF, 0xFF, 0xFF, 0xFF, 0xFF, 0xFF, 0xFF, 0xFF, 0xFF, 0xFF, 0xFF,
	0xFF, 0xFF, 0xFF, 0xFF, 0xFF, 0xFF, 0xFF, 0xFF, 0xFF, 0xFF, 0xFF, 0xFF, 0xFF, 0xFF, 0xFF, 0xFF,
	0xFF, 0xFF, 0xFF, 0xFF, 0xFF, 0xFF, 0xFF, 0xFF, 0xFF, 0xFF, 0xFF, 0xFF, 0xFF, 0xFF, 0xFF, 0xFF,
	0xFF, 0xFF, 0xFF, 0xFF, 0xFF, 0xFF, 0xFF, 0xFF, 0xBF, 0xEF, 0x10, 0x2B, 0xCF, 0x12, 0xF0, 0x1A,
	0xCF, 0x12, 0xF0, 0x12, 0xD0, 0x12, 0xF0, 0x12, 0xF0, 0x12, 0x11, 0x13, 0xD0, 0x12, 0xF0, 0x1A,
	0xEF, 0x2A, 0xFF, 0xFF, 0xFF, 0xFF, 0xFF, 0xFF, 0xFF, 0xFF, 0xFF, 0xFF, 0xFF, 0xFF, 0xFF, 0xFF,
	0xFF, 0xFF, 0xFF, 0xFF, 0xFF, 0xFF, 0x30, 0x33, 0xF0, 0x12, 0x11, 0x13, 0xF0, 0x12, 0x11, 0x1B,
	0xF1, 0x12, 0x11, 0x13, 0x10, 0x13, 0x11, 0x1B, 0xF0, 0x12, 0x11, 0x1B, 0xF0, 0x12, 0x11, 0x1B,
	0x6D, 0x02, 0xEF, 0x2A, 0xFF, 0xFF, 0xFF, 0xFF, 0xFF, 0xFF, 0xFF, 0xFF, 0xFF, 0xFF, 0xFF, 0xFF,
	0xFF, 0xFF, 0xFF, 0xFF, 0xFF, 0xFF, 0xFF, 0xFF, 0xFF, 0xFF, 0xFF, 0xFF, 0xFF, 0xFF, 0xFF, 0xFF,
	0xFF, 0xFF, 0xFF, 0xFF, 0xFF, 0xFF, 0xFF, 0xFF, 0xFF, 0xFF, 0xFF, 0xFF, 0xFF, 0xFF, 0xFF, 0xFF,
	0xFF, 0xFF, 0xFF, 0xFF, 0xFF, 0xFF, 0xFF, 0xFF, 0xFF, 0xFF, 0xFF, 0xFF, 0xFF, 0xFF, 0xFF, 0xFF,
	0xFF, 0xFF, 0xFF, 0xFF, 0xFF, 0xFF, 0xFF, 0xFF, 0xFF, 0xFF, 0xFF, 0xFF, 0xFF, 0xFF, 0xFF, 0xFF,
	0xFF, 0xFF, 0xFF, 0xFF, 0xFF, 0xFF, 0xFF, 0xFF, 0xFF, 0xFF, 0xFF, 0xFF, 0xFF, 0xFF, 0xFF, 0xFF,
	0xFF, 0xFF, 0xFF, 0xFF, 0xFF, 0xFF, 0xFF, 0xFF, 0xFF, 0xFF, 0xFF, 0xFF, 0xFF, 0xFF, 0xFF, 0xFF,
	0xFF, 0xFF, 0xFF, 0xFF, 0xFF, 0xFF, 0xFF, 0xFF, 0xFF, 0xFF, 0xFF, 0xFF, 0xFF, 0xFF, 0xFF, 0xFF,
	0xFF, 0xFF, 0xFF, 0xFF, 0xFF, 0xFF, 0xFF, 0xFF, 0xFF, 0xFF, 0xFF, 0xFF, 0xFF, 0xFF, 0xFF, 0xFF,
	0xFF, 0xFF, 0xFF, 0xFF, 0xFF, 0xFF, 0xFF, 0xFF, 0xFF, 0xFF, 0xFF, 0xFF, 0xFF, 0xFF, 0xFF, 0xFF,
	0xFF, 0xFF, 0xFF, 0xFF, 0xFF, 0xFF, 0xFF, 0xFF, 0xFF, 0xFF, 0xFF, 0xFF, 0xFF, 0xFF, 0xFF, 0xFF,
	0xFF, 0xFF, 0xFF, 0xFF, 0xFF, 0xFF, 0xFF, 0xFF, 0xFF, 0xFF, 0xF1, 0x53, 0xEF, 0x12, 0xAF, 0x12,
	0xCF, 0x12, 0xCF, 0x0A, 0xF0, 0x12, 0xEF, 0x12, 0xF0, 0x12, 0xF0, 0x0A, 0xF0, 0x12, 0xF0, 0x12,
	0x0C, 0x02, 0xFF, 0xFF, 0xFF, 0xFF, 0xFF, 0xFF, 0xFF, 0xFF, 0xFF, 0xFF, 0xFF, 0xFF, 0xFF, 0xFF,
	0xFF, 0xFF, 0xFF, 0xFF, 0xFF, 0xFF, 0xF6, 0x7C, 0xAF, 0x12, 0x10, 0x0B, 0x11, 0x13, 0x10, 0x13,
	0x11, 0x13, 0xF0, 0x0A, 0x11, 0x13, 0xF0, 0x12, 0x11, 0x13, 0xF0, 0x12, 0x10, 0x13, 0xF0, 0x12,
	0x30, 0x13, 0x6A, 0x01, 0x9F, 0xE7, 0xFF, 0xFF, 0xFF, 0xFF, 0xFF, 0xFF, 0xFF, 0xFF, 0xFF, 0xFF,
	0xFF, 0xFF, 0xFF, 0xFF, 0xFF, 0xFF, 0xFF, 0xFF, 0xFF, 0xFF, 0xFF, 0xFF, 0xFF, 0xFF, 0xFF, 0xFF,
	0xFF, 0xFF, 0xFF, 0xFF, 0xFF, 0xFF, 0xFF, 0xFF, 0xFF, 0xFF, 0xFF, 0xFF, 0xFF, 0xFF, 0xFF, 0xFF,
	0xFF, 0xFF, 0xFF, 0xFF, 0xFF, 0xFF, 0xFF, 0xFF, 0xFF, 0xFF, 0xFF, 0xFF, 0xFF, 0xFF, 0xFF, 0xFF,
	0xFF, 0xFF, 0xFF, 0xFF, 0xFF, 0xFF, 0xFF, 0xFF, 0xFF, 0xFF, 0xFF, 0xFF, 0xFF, 0xFF, 0xFF, 0xFF,
	0xFF, 0xFF, 0xFF, 0xFF, 0xFF, 0xFF, 0xFF, 0xFF, 0xFF, 0xFF, 0xFF, 0xFF, 0xFF, 0xFF, 0xFF, 0xFF,
	0xFF, 0xFF, 0xFF, 0xFF, 0xFF, 0xFF, 0xFF, 0xFF, 0xFF, 0xFF, 0xFF, 0xFF, 0xFF, 0xFF, 0xFF, 0xFF,
	0xFF, 0xFF, 0xFF, 0xFF, 0xFF, 0xFF, 0xFF, 0xFF, 0xFF, 0xFF, 0xFF, 0xFF, 0xFF, 0xFF, 0xFF, 0xFF,
	0xFF, 0xFF, 0xFF, 0xFF, 0xFF, 0xFF, 0xFF, 0xFF, 0xFF, 0xFF, 0xFF, 0xFF, 0xFF, 0xFF, 0xFF, 0xFF,
	0xFF, 0xFF, 0xFF, 0xFF, 0xFF, 0xFF, 0xFF, 0xFF, 0xFF, 0xFF, 0xFF, 0xFF, 0xFF, 0xFF, 0xFF, 0xFF,
	0xFF, 0xFF, 0xFF, 0xFF, 0xFF, 0xFF, 0xFF, 0xFF, 0xFF, 0xFF, 0xFF, 0xFF, 0xFF, 0xFF, 0xFF, 0xFF,
	0xFF, 0xFF, 0xFF, 0xFF, 0xFF, 0xFF, 0xFF, 0xFF, 0xFF, 0xFF, 0x5B, 0xB6, 0x8D, 0x0A, 0xD0, 0x12,
	0xCF, 0x12, 0x11, 0x13, 0xF0, 0x12, 0x10, 0x13, 0xF0, 0x12, 0x11, 0x13, 0xF0, 0x12, 0x10, 0x1B,
	0x6E, 0x0A, 0x9C, 0xBE, 0xFF, 0xFF, 0xFF, 0xFF, 0xFF, 0xFF, 0xFF, 0xFF, 0xFF, 0xFF, 0xFF, 0xFF,
	0xFF, 0xFF, 0xFF, 0xFF, 0xFF, 0xFF, 0x7A, 0xBE, 0x6E, 0x12, 0x32, 0x13, 0x11, 0x13, 0x31, 0x13,
	0x11, 0x13, 0x31, 0x13, 0x11, 0x13, 0x31, 0x13, 0x10, 0x13, 0x11, 0x13, 0xF0, 0x12, 0x11, 0x1B,
	0x10, 0x13, 0x8F, 0x02, 0x94, 0x6C, 0xFF, 0xFF, 0xFF, 0xFF, 0xFF, 0xFF, 0xFF, 0xFF, 0xFF, 0xFF,
	0xFF, 0xFF, 0xFF, 0xFF, 0xFF, 0xFF, 0xFF, 0xFF, 0xFF, 0xFF, 0xFF, 0xFF, 0xFF, 0xFF, 0xFF, 0xFF,
	0xFF, 0xFF, 0xFF, 0xFF, 0xFF, 0xFF, 0xFF, 0xFF, 0xFF, 0xFF, 0xFF, 0xFF, 0xFF, 0xFF, 0xFF, 0xFF,
	0xFF, 0xFF, 0xFF, 0xFF, 0xFF, 0xFF, 0xFF, 0xFF, 0xFF, 0xFF, 0xFF, 0xFF, 0xFF, 0xFF, 0xFF, 0xFF,
	0xFF, 0xFF, 0xFF, 0xFF, 0xFF, 0xFF, 0xFF, 0xFF, 0xFF, 0xFF, 0xFF, 0xFF, 0xFF, 0xFF, 0xFF, 0xFF,
	0xFF, 0xFF, 0xFF, 0xFF, 0xFF, 0xFF, 0xFF, 0xFF, 0xFF, 0xFF, 0xFF, 0xFF, 0xFF, 0xFF, 0xFF, 0xFF,
	0xFF, 0xFF, 0xFF, 0xFF, 0xFF, 0xFF, 0xFF, 0xFF, 0xFF, 0xFF, 0xFF, 0xFF, 0xFF, 0xFF, 0xFF, 0xFF,
	0xFF, 0xFF, 0xFF, 0xFF, 0xFF, 0xFF, 0xFF, 0xFF, 0xFF, 0xFF, 0xFF, 0xFF, 0xFF, 0xFF, 0xFF, 0xFF,
	0xFF, 0xFF, 0xFF, 0xFF, 0xFF, 0xFF, 0xFF, 0xFF, 0xFF, 0xFF, 0xFF, 0xFF, 0xFF, 0xFF, 0xFF, 0xFF,
	0xFF, 0xFF, 0xFF, 0xFF, 0xFF, 0xFF, 0xFF, 0xFF, 0xFF, 0xFF, 0xFF, 0xFF, 0xFF, 0xFF, 0xFF, 0xFF,
	0xFF, 0xFF, 0xFF, 0xFF, 0xFF, 0xFF, 0xFF, 0xFF, 0xFF, 0xFF, 0xFF, 0xFF, 0xFF, 0xFF, 0xFF, 0xFF,
	0xFF, 0xFF, 0xFF, 0xFF, 0xFF, 0xFF, 0xFF, 0xFF, 0xFF, 0xFF, 0x7D, 0xE7, 0x6D, 0x12, 0xD0, 0x12,
	0xF0, 0x12, 0xF0, 0x0A, 0xF1, 0x12, 0xF0, 0x0A, 0xF1, 0x12, 0xF0, 0x12, 0xF1, 0x12, 0xF0, 0x12,
	0xD0, 0x12, 0xD5, 0x74, 0xFF, 0xFF, 0xFF, 0xFF, 0xFF, 0xFF, 0xFF, 0xFF, 0xFF, 0xFF, 0xFF, 0xFF,
	0xFF, 0xFF, 0xFF, 0xFF, 0xFF, 0xFF, 0x7D, 0xDF, 0xEF, 0x22, 0xF0, 0x12, 0x31, 0x13, 0x11, 0x0B,
	0x31, 0x13, 0x11, 0x13, 0x11, 0x13, 0x10, 0x0B, 0x11, 0x13, 0x10, 0x13, 0x11, 0x13, 0xF0, 0x12,
	0x11, 0x1B, 0xCF, 0x0A, 0x31, 0x23, 0xFF, 0xFF, 0xFF, 0xFF, 0xFF, 0xFF, 0xFF, 0xFF, 0xFF, 0xFF,
	0xFF, 0xFF, 0xFF, 0xFF, 0xFF, 0xFF, 0xFF, 0xFF, 0xFF, 0xFF, 0xFF, 0xFF, 0xFF, 0xFF, 0xFF, 0xFF,
	0xFF, 0xFF, 0xFF, 0xFF, 0xFF, 0xFF, 0xFF, 0xFF, 0xFF, 0xFF, 0xFF, 0xFF, 0xFF, 0xFF, 0xFF, 0xFF,
	0xFF, 0xFF, 0xFF, 0xFF, 0xFF, 0xFF, 0xFF, 0xFF, 0xFF, 0xFF, 0xFF, 0xFF, 0xFF, 0xFF, 0xFF, 0xFF,
	0xFF, 0xFF, 0xFF, 0xFF, 0xFF, 0xFF, 0xFF, 0xFF, 0xFF, 0xFF, 0xFF, 0xFF, 0xFF, 0xFF, 0xFF, 0xFF,
	0xFF, 0xFF, 0xFF, 0xFF, 0xFF, 0xFF, 0xFF, 0xFF, 0xFF, 0xFF, 0xFF, 0xFF, 0xFF, 0xFF, 0xFF, 0xFF,
	0xFF, 0xFF, 0xFF, 0xFF, 0xFF, 0xFF, 0xFF, 0xFF, 0xFF, 0xFF, 0xFF, 0xFF, 0xFF, 0xFF, 0xFF, 0xFF,
	0xFF, 0xFF, 0xFF, 0xFF, 0xFF, 0xFF, 0xFF, 0xFF, 0xFF, 0xFF, 0xFF, 0xFF, 0xFF, 0xFF, 0xFF, 0xFF,
	0xFF, 0xFF, 0xFF, 0xFF, 0xFF, 0xFF, 0xFF, 0xFF, 0xFF, 0xFF, 0xFF, 0xFF, 0xFF, 0xFF, 0xFF, 0xFF,
	0xFF, 0xFF, 0xFF, 0xFF, 0xFF, 0xFF, 0xFF, 0xFF, 0xFF, 0xFF, 0xFF, 0xFF, 0xFF, 0xFF, 0xFF, 0xFF,
	0xFF, 0xFF, 0xFF, 0xFF, 0xFF, 0xFF, 0xFF, 0xFF, 0xFF, 0xFF, 0xFF, 0xFF, 0xFF, 0xFF, 0xFF, 0xFF,
	0xFF, 0xFF, 0xFF, 0xFF, 0xFF, 0xFF, 0xFF, 0xFF, 0xFF, 0xFF, 0xFF, 0xFF, 0x51, 0x3B, 0xF1, 0x1A,
	0xF0, 0x12, 0xF0, 0x12, 0xF0, 0x12, 0x11, 0x1B, 0x11, 0x13, 0x11, 0x13, 0xF0, 0x12, 0x11, 0x13,
	0xF0, 0x12, 0x91, 0x4B, 0xFF, 0xFF, 0xFF, 0xFF, 0xFF, 0xFF, 0xFF, 0xFF, 0xFF, 0xFF, 0xFF, 0xFF,
	0xFF, 0xFF, 0xFF, 0xFF, 0xFF, 0xFF, 0xFF, 0xFF, 0x30, 0x33, 0x11, 0x1B, 0x11, 0x13, 0x31, 0x13,
	0x11, 0x13, 0x31, 0x13, 0x11, 0x13, 0x31, 0x13, 0x11, 0x13, 0x31, 0x13, 0x11, 0x13, 0x11, 0x1B,
	0xF0, 0x12, 0x31, 0x13, 0x6F, 0x02, 0xDF, 0xE7, 0xFF, 0xFF, 0xFF, 0xFF, 0xFF, 0xFF, 0xFF, 0xFF,
	0xFF, 0xFF, 0xFF, 0xFF, 0xFF, 0xFF, 0xFF, 0xFF, 0xFF, 0xFF, 0xFF, 0xFF, 0xFF, 0xFF, 0xFF, 0xFF,
	0xFF, 0xFF, 0xFF, 0xFF, 0xFF, 0xFF, 0xFF, 0xFF, 0xFF, 0xFF, 0xFF, 0xFF, 0xFF, 0xFF, 0xFF, 0xFF,
	0xFF, 0xFF, 0xFF, 0xFF, 0xFF, 0xFF, 0xFF, 0xFF, 0xFF, 0xFF, 0xFF, 0xFF, 0xFF, 0xFF, 0xFF, 0xFF,
	0xFF, 0xFF, 0xFF, 0xFF, 0xFF, 0xFF, 0xFF, 0xFF, 0xFF, 0xFF, 0xFF, 0xFF, 0xFF, 0xFF, 0xFF, 0xFF,
	0xFF, 0xFF, 0xFF, 0xFF, 0xFF, 0xFF, 0xFF, 0xFF, 0xFF, 0xFF, 0xFF, 0xFF, 0xFF, 0xFF, 0xFF, 0xFF,
	0xFF, 0xFF, 0xFF, 0xFF, 0xFF, 0xFF, 0xFF, 0xFF, 0xFF, 0xFF, 0xFF, 0xFF, 0xFF, 0xFF, 0xFF, 0xFF,
	0xFF, 0xFF, 0xFF, 0xFF, 0xFF, 0xFF, 0xFF, 0xFF, 0xFF, 0xFF, 0xFF, 0xFF, 0xFF, 0xFF, 0xFF, 0xFF,
	0xFF, 0xFF, 0xFF, 0xFF, 0xFF, 0xFF, 0xFF, 0xFF, 0xFF, 0xFF, 0xFF, 0xFF, 0xFF, 0xFF, 0xFF, 0xFF,
	0xFF, 0xFF, 0xFF, 0xFF, 0xFF, 0xFF, 0xFF, 0xFF, 0xFF, 0xFF, 0xFF, 0xFF, 0xFF, 0xFF, 0xFF, 0xFF,
	0xFF, 0xFF, 0xFF, 0xFF, 0xFF, 0xFF, 0xFF, 0xFF, 0xFF, 0xFF, 0xFF, 0xFF, 0xFF, 0xFF, 0xFF, 0xFF,
	0xFF, 0xFF, 0xFF, 0xFF, 0xFF, 0xFF, 0xFF, 0xFF, 0xFF, 0xFF, 0xFF, 0xFF, 0xF3, 0x5B, 0xD0, 0x12,
	0x10, 0x13, 0xD0, 0x12, 0xF1, 0x1A, 0xF0, 0x12, 0x11, 0x13, 0xF0, 0x12, 0x11, 0x13, 0x11, 0x13,
	0x31, 0x1B, 0x0B, 0x0A, 0xFF, 0xFF, 0xFF, 0xFF, 0xFF, 0xFF, 0xFF, 0xFF, 0xFF, 0xFF, 0xFF, 0xFF,
	0xFF, 0xFF, 0xFF, 0xFF, 0xFF, 0xFF, 0xFF, 0xFF, 0xB5, 0x6C, 0x8F, 0x0A, 0x31, 0x13, 0x11, 0x13,
	0x31, 0x13, 0x11, 0x0B, 0x31, 0x13, 0x10, 0x0B, 0x11, 0x13, 0x10, 0x0B, 0x31, 0x13, 0x11, 0x13,
	0x31, 0x1B, 0xEF, 0x12, 0xF2, 0x02, 0xB9, 0x8D, 0xFF, 0xFF, 0xFF, 0xFF, 0xFF, 0xFF, 0xFF, 0xFF,
	0xFF, 0xFF, 0xFF, 0xFF, 0xFF, 0xFF, 0xFF, 0xFF, 0xFF, 0xFF, 0xFF, 0xFF, 0xFF, 0xFF, 0xFF, 0xFF,
	0xFF, 0xFF, 0xFF, 0xFF, 0xFF, 0xFF, 0xFF, 0xFF, 0xFF, 0xFF, 0xFF, 0xFF, 0xFF, 0xFF, 0xFF, 0xFF,
	0xFF, 0xFF, 0xFF, 0xFF, 0xFF, 0xFF, 0xFF, 0xFF, 0xFF, 0xFF, 0xFF, 0xFF, 0xFF, 0xFF, 0xFF, 0xFF,
	0xFF, 0xFF, 0xFF, 0xFF, 0xFF, 0xFF, 0xFF, 0xFF, 0xFF, 0xFF, 0xFF, 0xFF, 0xFF, 0xFF, 0xFF, 0xFF,
	0xFF, 0xFF, 0xFF, 0xFF, 0xFF, 0xFF, 0xFF, 0xFF, 0xFF, 0xFF, 0xFF, 0xFF, 0xFF, 0xFF, 0xFF, 0xFF,
	0xFF, 0xFF, 0xFF, 0xFF, 0xFF, 0xFF, 0xFF, 0xFF, 0xFF, 0xFF, 0xFF, 0xFF, 0xFF, 0xFF, 0xFF, 0xFF,
	0xFF, 0xFF, 0xFF, 0xFF, 0xFF, 0xFF, 0xFF, 0xFF, 0xFF, 0xFF, 0xFF, 0xFF, 0xFF, 0xFF, 0xFF, 0xFF,
	0xFF, 0xFF, 0xFF, 0xFF, 0xFF, 0xFF, 0xFF, 0xFF, 0xFF, 0xFF, 0xFF, 0xFF, 0xFF, 0xFF, 0xFF, 0xFF,
	0xFF, 0xFF, 0xFF, 0xFF, 0xFF, 0xFF, 0xFF, 0xFF, 0xFF, 0xFF, 0xFF, 0xFF, 0xFF, 0xFF, 0xFF, 0xFF,
	0xFF, 0xFF, 0xFF, 0xFF, 0xFF, 0xFF, 0xFF, 0xFF, 0xFF, 0xFF, 0xFF, 0xFF, 0xFF, 0xFF, 0xFF, 0xFF,
	0xFF, 0xFF, 0xFF, 0xFF, 0xFF, 0xFF, 0xFF, 0xFF, 0xFF, 0xFF, 0xFF, 0xFF, 0xD4, 0x84, 0xCF, 0x12,
	0xF0, 0x12, 0x11, 0x1B, 0x10, 0x13, 0x11, 0x1B, 0x10, 0x13, 0x31, 0x1B, 0x11, 0x13, 0x31, 0x13,
	0x11, 0x0B, 0x4E, 0x0A, 0xDD, 0xC6, 0xFF, 0xFF, 0xFF, 0xFF, 0xFF, 0xFF, 0xFF, 0xFF, 0xFF, 0xFF,
	0xFF, 0xFF, 0xFF, 0xFF, 0xFF, 0xFF, 0xFF, 0xFF, 0x7B, 0xB6, 0x2C, 0x02, 0x51, 0x13, 0x52, 0x13,
	0x31, 0x0B, 0x52, 0x13, 0x31, 0x13, 0x32, 0x13, 0x31, 0x13, 0x32, 0x13, 0x11, 0x13, 0x31, 0x13,
	0x11, 0x13, 0x11, 0x1B, 0x32, 0x03, 0x95, 0x4C, 0xFF, 0xFF, 0xFF, 0xFF, 0xFF, 0xFF, 0xFF, 0xFF,
	0xFF, 0xFF, 0xFF, 0xFF, 0xFF, 0xFF, 0xFF, 0xFF, 0xFF, 0xFF, 0xFF, 0xFF, 0xFF, 0xFF, 0xFF, 0xFF,
	0xFF, 0xFF, 0xFF, 0xFF, 0xFF, 0xFF, 0xFF, 0xFF, 0xFF, 0xFF, 0xFF, 0xFF, 0xFF, 0xFF, 0xFF, 0xFF,
	0xFF, 0xFF, 0xFF, 0xFF, 0xFF, 0xFF, 0xFF, 0xFF, 0xFF, 0xFF, 0xFF, 0xFF, 0xFF, 0xFF, 0xFF, 0xFF,
	0xFF, 0xFF, 0xFF, 0xFF, 0xFF, 0xFF, 0xFF, 0xFF, 0xFF, 0xFF, 0xFF, 0xFF, 0xFF, 0xFF, 0xFF, 0xFF,
	0xFF, 0xFF, 0xFF, 0xFF, 0xFF, 0xFF, 0xFF, 0xFF, 0xFF, 0xFF, 0xFF, 0xFF, 0xFF, 0xFF, 0xFF, 0xFF,
	0xFF, 0xF7, 0xFC, 0xCE, 0x1D, 0xD7, 0x1C, 0xD7, 0x1D, 0xD7, 0x1D, 0xD7, 0x1D, 0xDF, 0x1C, 0xD7,
	0x1D, 0xD7, 0x1D, 0xD7, 0x1D, 0xDF, 0x1C, 0xD7, 0x1D, 0xD7, 0x1C, 0xD7, 0x1D, 0xD7, 0x1C, 0xD7,
	0x1D, 0xD7, 0x1C, 0xD7, 0x1D, 0xD7, 0x1C, 0xD7, 0x1D, 0xDF, 0x1D, 0xD7, 0x1D, 0xDF, 0x1C, 0xD7,
	0x1D, 0xD7, 0x1D, 0xD7, 0x1D, 0xDF, 0x1C, 0xD7, 0x1D, 0xD7, 0x1C, 0xD7, 0x1D, 0xDF, 0x1C, 0xD7,
	0x1D, 0xDF, 0xFC, 0xD6, 0x3D, 0xE7, 0xFF, 0xFF, 0xFF, 0xFF, 0xFF, 0xFF, 0xFF, 0xFF, 0xFF, 0xFF,
	0xFF, 0xFF, 0xFF, 0xFF, 0xFF, 0xFF, 0xFF, 0xFF, 0xFF, 0xFF, 0xFF, 0xFF, 0x19, 0xAE, 0x4D, 0x02,
	0x11, 0x13, 0xF0, 0x12, 0x11, 0x13, 0xF0, 0x12, 0x31, 0x13, 0x10, 0x13, 0x11, 0x13, 0x11, 0x0B,
	0x51, 0x13, 0x6E, 0x0A, 0xB5, 0x7C, 0xFF, 0xFF, 0xFF, 0xFF, 0xFF, 0xFF, 0xFF, 0xFF, 0xFF, 0xFF,
	0xFF, 0xFF, 0xFF, 0xFF, 0xFF, 0xFF, 0xFF, 0xFF, 0x3D, 0xDF, 0x2C, 0x02, 0x31, 0x13, 0x11, 0x0B,
	0x32, 0x13, 0x31, 0x0B, 0x31, 0x13, 0x31, 0x0B, 0x31, 0x13, 0x11, 0x0B, 0x32, 0x13, 0x11, 0x0B,
	0x31, 0x13, 0xF1, 0x12, 0x32, 0x0B, 0x14, 0x2C, 0xFF, 0xF7, 0xFF, 0xFF, 0xFF, 0xFF, 0xFF, 0xFF,
	0xFF, 0xFF, 0xFF, 0xFF, 0xFF, 0xFF, 0xFF, 0xFF, 0xFF, 0xFF, 0xFF, 0xFF, 0xFF, 0xFF, 0xFF, 0xFF,
	0xFF, 0xFF, 0xFF, 0xFF, 0xFF, 0xFF, 0xFF, 0xFF, 0xFF, 0xFF, 0xFF, 0xFF, 0xFF, 0xFF, 0xFF, 0xFF,
	0xFF, 0xFF, 0xFF, 0xFF, 0xFF, 0xFF, 0xFF, 0xFF, 0xFF, 0xFF, 0xFF, 0xFF, 0xFF, 0xFF, 0xFF, 0xFF,
	0xFF, 0xFF, 0xFF, 0xFF, 0xFF, 0xFF, 0xFF, 0xFF, 0xFF, 0xFF, 0xFF, 0xFF, 0xFF, 0xFF, 0xFF, 0xFF,
	0xFF, 0xFF, 0xFF, 0xFF, 0xFF, 0xFF, 0xFF, 0xFF, 0xFF, 0xFF, 0xFF, 0xFF, 0xFF, 0xFF, 0xFF, 0xFF,
	0x71, 0x4B, 0x2C, 0x12, 0x6D, 0x0A, 0x6E, 0x0A, 0x6E, 0x0A, 0x6E, 0x0A, 0x6E, 0x0A, 0x6E, 0x0A,
	0x6E, 0x0A, 0x6E, 0x0A, 0x6E, 0x0A, 0x6E, 0x0A, 0x6E, 0x0A, 0x6E, 0x0A, 0x6E, 0x0A, 0x6E, 0x0A,
	0x6E, 0x0A, 0x6E, 0x0A, 0x6E, 0x0A, 0x6E, 0x12, 0x4E, 0x0A, 0x6E, 0x0A, 0x6E, 0x0A, 0x6E, 0x0A,
	0x6E, 0x0A, 0x6E, 0x0A, 0x6E, 0x0A, 0x6E, 0x0A, 0x6D, 0x0A, 0x6E, 0x0A, 0x4D, 0x0A, 0x6E, 0x0A,
	0x6D, 0x0A, 0x6E, 0x12, 0x0C, 0x0A, 0x51, 0x33, 0xFF, 0xFF, 0xFF, 0xFF, 0xFF, 0xFF, 0xFF, 0xFF,
	0xFF, 0xFF, 0xFF, 0xFF, 0xFF, 0xFF, 0xFF, 0xFF, 0xFF, 0xFF, 0xFF, 0xFF, 0xDC, 0xCE, 0x2D, 0x02,
	0x11, 0x13, 0x11, 0x13, 0x31, 0x13, 0x32, 0x1B, 0x11, 0x13, 0x31, 0x13, 0x11, 0x0B, 0x32, 0x13,
	0x52, 0x13, 0xD0, 0x0A, 0x70, 0x43, 0xFF, 0xFF, 0xFF, 0xFF, 0xFF, 0xFF, 0xFF, 0xFF, 0xFF, 0xFF,
	0xFF, 0xFF, 0xFF, 0xFF, 0xFF, 0xFF, 0xFF, 0xFF, 0xFF, 0xFF, 0xEF, 0x2A, 0xF0, 0x0A, 0x72, 0x13,
	0x31, 0x13, 0x52, 0x13, 0x31, 0x13, 0x32, 0x13, 0x31, 0x13, 0x32, 0x13, 0x11, 0x0B, 0x31, 0x13,
	0x31, 0x13, 0x33, 0x13, 0x11, 0x13, 0x73, 0x0B, 0x9E, 0xDF, 0xFF, 0xFF, 0xFF, 0xFF, 0xFF, 0xFF,
	0xFF, 0xFF, 0xFF, 0xFF, 0xFF, 0xFF, 0xFF, 0xFF, 0xFF, 0xFF, 0xFF, 0xFF, 0xFF, 0xFF, 0xFF, 0xFF,
	0xFF, 0xFF, 0xFF, 0xFF, 0xFF, 0xFF, 0xFF, 0xFF, 0xFF, 0xFF, 0xFF, 0xFF, 0xFF, 0xFF, 0xFF, 0xFF,
	0xFF, 0xFF, 0xFF, 0xFF, 0xFF, 0xFF, 0xFF, 0xFF, 0xFF, 0xFF, 0xFF, 0xFF, 0xFF, 0xFF, 0xFF, 0xFF,
	0xFF, 0xFF, 0xFF, 0xFF, 0xFF, 0xFF, 0xFF, 0xFF, 0xFF, 0xFF, 0xFF, 0xFF, 0xFF, 0xFF, 0xFF, 0xFF,
	0xFF, 0xFF, 0xFF, 0xFF, 0xFF, 0xFF, 0xFF, 0xFF, 0xFF, 0xFF, 0xFF, 0xFF, 0xFF, 0xFF, 0xFF, 0xFF,
	0xB3, 0x43, 0xCF, 0x12, 0xF0, 0x22, 0xF0, 0x22, 0xF0, 0x22, 0xEF, 0x1A, 0xF0, 0x22, 0xEF, 0x22,
	0xF0, 0x22, 0xEF, 0x1A, 0xF0, 0x22, 0xF0, 0x22, 0xF0, 0x22, 0xEF, 0x1A, 0xF0, 0x22, 0xF0, 0x22,
	0x10, 0x23, 0xF0, 0x1A, 0x10, 0x23, 0xF0, 0x1A, 0x10, 0x23, 0xF0, 0x1A, 0x10, 0x23, 0xF0, 0x1A,
	0x11, 0x23, 0xF0, 0x1A, 0x10, 0x23, 0x10, 0x1B, 0x31, 0x1B, 0x10, 0x1B, 0x31, 0x1B, 0x11, 0x1B,
	0x31, 0x1B, 0x10, 0x1B, 0x31, 0x23, 0x4E, 0x0A, 0x77, 0x95, 0xFF, 0xFF, 0xFF, 0xFF, 0xFF, 0xFF,
	0xFF, 0xFF, 0xFF, 0xFF, 0xFF, 0xFF, 0xFF, 0xFF, 0xFF, 0xFF, 0xFF, 0xFF, 0xBF, 0xEF, 0xAA, 0x01,
	0x31, 0x1B, 0x11, 0x13, 0x31, 0x13, 0x11, 0x0B, 0x11, 0x13, 0x31, 0x0B, 0x32, 0x13, 0x31, 0x13,
	0x32, 0x13, 0x10, 0x0B, 0xAA, 0x01, 0xDF, 0xF7, 0xFF, 0xFF, 0xFF, 0xFF, 0xFF, 0xFF, 0xFF, 0xFF,
	0xFF, 0xFF, 0xFF, 0xFF, 0xFF, 0xFF, 0xFF, 0xFF, 0xFF, 0xFF, 0xB0, 0x4B, 0x6E, 0x02, 0x52, 0x13,
	0x32, 0x13, 0x31, 0x0B, 0x32, 0x13, 0x31, 0x0B, 0x52, 0x13, 0x31, 0x13, 0x51, 0x13, 0x31, 0x0B,
	0x31, 0x13, 0x12, 0x0B, 0x10, 0x0B, 0xB4, 0x0B, 0x7D, 0xAE, 0xFF, 0xFF, 0xFF, 0xFF, 0xFF, 0xFF,
	0xFF, 0xFF, 0xFF, 0xFF, 0xFF, 0xFF, 0xFF, 0xFF, 0xFF, 0xFF, 0xFF, 0xFF, 0xFF, 0xFF, 0xFF, 0xFF,
	0xFF, 0xFF, 0xFF, 0xFF, 0xFF, 0xFF, 0xFF, 0xFF, 0xFF, 0xFF, 0xFF, 0xFF, 0xFF, 0xFF, 0xFF, 0xFF,
	0xFF, 0xFF, 0xFF, 0xFF, 0xFF, 0xFF, 0xFF, 0xFF, 0xFF, 0xFF, 0xFF, 0xFF, 0xFF, 0xFF, 0xFF, 0xFF,
	0xFF, 0xFF, 0xFF, 0xFF, 0xFF, 0xFF, 0xFF, 0xFF, 0xFF, 0xFF, 0xFF, 0xFF, 0xFF, 0xFF, 0xFF, 0xFF,
	0xFF, 0xFF, 0xFF, 0xFF, 0xFF, 0xFF, 0xFF, 0xFF, 0xFF, 0xFF, 0xFF, 0xFF, 0xFF, 0xFF, 0xFF, 0xFF,
	0xF5, 0x7C, 0x8F, 0x12, 0x2C, 0x0A, 0x4D, 0x12, 0x4C, 0x12, 0x4D, 0x12, 0x4C, 0x12, 0x4D, 0x12,
	0x4C, 0x12, 0x4D, 0x12, 0x4C, 0x12, 0x4D, 0x12, 0x4D, 0x12, 0x6D, 0x1A, 0x4D, 0x12, 0x6E, 0x1A,
	0x6D, 0x12, 0x8E, 0x1A, 0x6D, 0x12, 0x8E, 0x12, 0x8E, 0x12, 0x8E, 0x12, 0xAE, 0x12, 0xAF, 0x1A,
	0xAF, 0x12, 0xAF, 0x1A, 0xAF, 0x12, 0xD0, 0x1A, 0xD0, 0x12, 0xD0, 0x1A, 0xD0, 0x12, 0xF1, 0x12,
	0xF0, 0x12, 0x11, 0x13, 0xF0, 0x12, 0xF0, 0x1A, 0x90, 0x4B, 0xFF, 0xFF, 0xFF, 0xFF, 0xFF, 0xFF,
	0xFF, 0xFF, 0xFF, 0xFF, 0xFF, 0xFF, 0xFF, 0xFF, 0xFF, 0xFF, 0xFF, 0xFF, 0xBF, 0xEF, 0x6A, 0x01,
	0x31, 0x13, 0x32, 0x1B, 0x11, 0x13, 0x32, 0x13, 0x31, 0x13, 0x31, 0x13, 0x32, 0x13, 0x32, 0x13,
	0x31, 0x0B, 0x72, 0x1B, 0x49, 0x01, 0x3E, 0xD7, 0xFF, 0xFF, 0xFF, 0xFF, 0xFF, 0xFF, 0xFF, 0xFF,
	0xFF, 0xFF, 0xFF, 0xFF, 0xFF, 0xFF, 0xFF, 0xFF, 0xFF, 0xFF, 0x1A, 0xAE, 0xEB, 0x01, 0x93, 0x1B,
	0x52, 0x13, 0x52, 0x13, 0x32, 0x0B, 0x52, 0x13, 0x52, 0x0B, 0x52, 0x13, 0x51, 0x0B, 0x51, 0x0B,
	0x31, 0x13, 0x32, 0x13, 0x11, 0x0B, 0xB5, 0x13, 0x17, 0x6D, 0xFF, 0xFF, 0xFF, 0xFF, 0xFF, 0xFF,
	0xFF, 0xFF, 0xFF, 0xFF, 0xFF, 0xFF, 0xFF, 0xFF, 0xFF, 0xFF, 0xFF, 0xFF, 0xFF, 0xFF, 0xFF, 0xFF,
	0xFF, 0xFF, 0xFF, 0xFF, 0xFF, 0xFF, 0xFF, 0xFF, 0xFF, 0xFF, 0xFF, 0xFF, 0xFF, 0xFF, 0xFF, 0xFF,
	0xFF, 0xFF, 0xFF, 0xFF, 0xFF, 0xFF, 0xFF, 0xFF, 0xFF, 0xFF, 0xFF, 0xFF, 0xFF, 0xFF, 0xFF, 0xFF,
	0xFF, 0xFF, 0xFF, 0xFF, 0xFF, 0xFF, 0xFF, 0xFF, 0xFF, 0xFF, 0xFF, 0xFF, 0xFF, 0xFF, 0xFF, 0xFF,
	0xFF, 0xFF, 0xFF, 0xFF, 0xFF, 0xFF, 0xFF, 0xFF, 0xFF, 0xFF, 0xFF, 0xFF, 0xFF, 0xFF, 0xFF, 0xFF,
	0x9B, 0xC6, 0x4D, 0x0A, 0x4C, 0x12, 0x4C, 0x12, 0x6C, 0x12, 0x4C, 0x12, 0x6C, 0x12, 0x4C, 0x12,
	0x6C, 0x12, 0x4C, 0x12, 0x6D, 0x12, 0x4C, 0x12, 0x6D, 0x1A, 0x6D, 0x12, 0x8E, 0x1A, 0x6D, 0x12,
	0x8E, 0x12, 0x8E, 0x12, 0x8E, 0x12, 0xAE, 0x12, 0xAF, 0x12, 0xAE, 0x12, 0xAF, 0x12, 0xAF, 0x12,
	0xCF, 0x12, 0xAF, 0x12, 0xD0, 0x12, 0xCF, 0x12, 0xF0, 0x12, 0xCF, 0x12, 0xF0, 0x1A, 0xEF, 0x0A,
	0x10, 0x13, 0xF0, 0x0A, 0x10, 0x13, 0xEF, 0x12, 0x90, 0x43, 0xFF, 0xFF, 0xFF, 0xFF, 0xFF, 0xFF,
	0xFF, 0xFF, 0xFF, 0xFF, 0xFF, 0xFF, 0xFF, 0xFF, 0xFF, 0xFF, 0xFF, 0xFF, 0xBF, 0xF7, 0x69, 0x01,
	0x31, 0x13, 0x11, 0x13, 0x31, 0x13, 0x31, 0x0B, 0x32, 0x13, 0x11, 0x13, 0x52, 0x13, 0x31, 0x0B,
	0x31, 0x13, 0x51, 0x13, 0x4D, 0x02, 0x94, 0x6C, 0xFF, 0xFF, 0xFF, 0xFF, 0xFF, 0xFF, 0xFF, 0xFF,
	0xFF, 0xFF, 0xFF, 0xFF, 0xFF, 0xFF, 0xFF, 0xFF, 0xFF, 0xFF, 0x5D, 0xDF, 0xCB, 0x01, 0x52, 0x0B,
	0x52, 0x13, 0x52, 0x0B, 0x73, 0x13, 0x52, 0x0B, 0x52, 0x13, 0x52, 0x13, 0x52, 0x13, 0x52, 0x0B,
	0x52, 0x13, 0x31, 0x0B, 0x32, 0x0B, 0x53, 0x13, 0xD7, 0x54, 0xFF, 0xF7, 0xFF, 0xFF, 0xFF, 0xFF,
	0xFF, 0xFF, 0xFF, 0xFF, 0xFF, 0xFF, 0xFF, 0xFF, 0xFF, 0xFF, 0xFF, 0xFF, 0xFF, 0xFF, 0xFF, 0xFF,
	0xFF, 0xFF, 0xFF, 0xFF, 0xFF, 0xFF, 0xFF, 0xFF, 0xFF, 0xFF, 0xFF, 0xFF, 0xFF, 0xFF, 0xFF, 0xFF,
	0xFF, 0xFF, 0xFF, 0xFF, 0xFF, 0xFF, 0xFF, 0xFF, 0xFF, 0xFF, 0xFF, 0xFF, 0xFF, 0xFF, 0xFF, 0xFF,
	0xFF, 0xFF, 0xFF, 0xFF, 0xFF, 0xFF, 0xFF, 0xFF, 0xFF, 0xFF, 0xFF, 0xFF, 0xFF, 0xFF, 0xFF, 0xFF,
	0xFF, 0xFF, 0xFF, 0xFF, 0xFF, 0xFF, 0xFF, 0xFF, 0xFF, 0xFF, 0xFF, 0xFF, 0xFF, 0xFF, 0xFF, 0xFF,
	0xFF, 0xFF, 0x0C, 0x0A, 0x4D, 0x12, 0x4D, 0x1A, 0x4D, 0x12, 0x4D, 0x1A, 0x2C, 0x12, 0x4D, 0x1A,
	0x4D, 0x12, 0x4D, 0x1A, 0x4D, 0x12, 0x6E, 0x1A, 0x6D, 0x1A, 0x8E, 0x1A, 0x6E, 0x12, 0x8E, 0x1A,
	0x6E, 0x12, 0x8E, 0x1A, 0x8E, 0x12, 0xAF, 0x1A, 0x8F, 0x12, 0xAF, 0x1A, 0xAF, 0x12, 0xD0, 0x1A,
	0xAF, 0x12, 0xD0, 0x1A, 0xCF, 0x12, 0xD0, 0x1A, 0xD0, 0x12, 0xF0, 0x1A, 0xD0, 0x12, 0x11, 0x1B,
	0x11, 0x13, 0x11, 0x13, 0x10, 0x13, 0xF0, 0x1A, 0x90, 0x4B, 0xFF, 0xFF, 0xFF, 0xFF, 0xFF, 0xFF,
	0xFF, 0xFF, 0xFF, 0xFF, 0xFF, 0xFF, 0xFF, 0xFF, 0xFF, 0xFF, 0xFF, 0xFF, 0xBF, 0xEF, 0xAB, 0x01,
	0x31, 0x13, 0x32, 0x13, 0x31, 0x13, 0x52, 0x13, 0x32, 0x13, 0x32, 0x13, 0x52, 0x0B, 0x52, 0x13,
	0x32, 0x13, 0x73, 0x13, 0xF0, 0x02, 0xB2, 0x43, 0xFF, 0xFF, 0xFF, 0xFF, 0xFF, 0xFF, 0xFF, 0xFF,
	0xFF, 0xFF, 0xFF, 0xFF, 0xFF, 0xFF, 0xFF, 0xFF, 0xFF, 0xFF, 0xFF, 0xFF, 0x10, 0x23, 0x32, 0x0B,
	0x52, 0x0B, 0x52, 0x0B, 0x52, 0x0B, 0x53, 0x0B, 0x52, 0x0B, 0x73, 0x13, 0x32, 0x0B, 0x53, 0x13,
	0x51, 0x13, 0x71, 0x13, 0x32, 0x13, 0x52, 0x13, 0x76, 0x3C, 0x7E, 0xDF, 0xFF, 0xFF, 0xFF, 0xFF,
	0xFF, 0xFF, 0xFF, 0xFF, 0xFF, 0xFF, 0xFF, 0xFF, 0xFF, 0xFF, 0xFF, 0xFF, 0xFF, 0xFF, 0xFF, 0xFF,
	0xFF, 0xFF, 0xFF, 0xFF, 0xFF, 0xFF, 0xFF, 0xFF, 0xFF, 0xFF, 0xFF, 0xFF, 0xFF, 0xFF, 0xFF, 0xFF,
	0xFF, 0xFF, 0xFF, 0xFF, 0xFF, 0xFF, 0xFF, 0xFF, 0xFF, 0xFF, 0xFF, 0xFF, 0xFF, 0xFF, 0xFF, 0xFF,
	0xFF, 0xFF, 0xFF, 0xFF, 0xFF, 0xFF, 0xFF, 0xFF, 0xFF, 0xFF, 0xFF, 0xFF, 0xFF, 0xFF, 0xFF, 0xFF,
	0xFF, 0xFF, 0xFF, 0xFF, 0xFF, 0xFF, 0xFF, 0xFF, 0xFF, 0xFF, 0xDF, 0xFF, 0xFF, 0xFF, 0xFF, 0xFF,
	0xFF, 0xFF, 0x50, 0x2B, 0x6D, 0x12, 0x2C, 0x12, 0x6D, 0x12, 0x4C, 0x12, 0x4C, 0x12, 0x4C, 0x12,
	0x6D, 0x12, 0x4C, 0x12, 0x6D, 0x12, 0x6D, 0x12, 0x6D, 0x1A, 0x6D, 0x12, 0x8D, 0x1A, 0x6D, 0x12,
	0x8E, 0x12, 0x8D, 0x12, 0xAE, 0x12, 0xAE, 0x12, 0xAE, 0x1A, 0xAE, 0x12, 0xAF, 0x12, 0xAF, 0x12,
	0xCF, 0x12, 0xCF, 0x12, 0xEF, 0x1A, 0xCF, 0x12, 0xF0, 0x12, 0xF0, 0x12, 0xF0, 0x12, 0xF0, 0x12,
	0x10, 0x13, 0x10, 0x13, 0x11, 0x1B, 0x2D, 0x02, 0xB8, 0x95, 0xFF, 0xFF, 0xFF, 0xFF, 0xFF, 0xFF,
	0xFF, 0xFF, 0xFF, 0xFF, 0xFF, 0xFF, 0xFF, 0xFF, 0xFF, 0xFF, 0xFF, 0xFF, 0xDF, 0xF7, 0xCB, 0x01,
	0x52, 0x13, 0x11, 0x13, 0x31, 0x13, 0x31, 0x0B, 0x32, 0x13, 0x12, 0x13, 0x52, 0x0B, 0x52, 0x0B,
	0x53, 0x13, 0x52, 0x0B, 0x52, 0x03, 0xAF, 0x12, 0xBF, 0xEF, 0xFF, 0xFF, 0xFF, 0xFF, 0xFF, 0xFF,
	0xFF, 0xFF, 0xFF, 0xFF, 0xFF, 0xFF, 0xFF, 0xFF, 0xFF, 0xFF, 0xFF, 0xFF, 0x33, 0x4C, 0xF1, 0x02,
	0x73, 0x13, 0x52, 0x0B, 0x73, 0x0B, 0x52, 0x0B, 0x52, 0x0B, 0x52, 0x0B, 0x73, 0x13, 0x33, 0x13,
	0x71, 0x13, 0x51, 0x0B, 0x32, 0x1B, 0x11, 0x03, 0x55, 0x34, 0xFD, 0xBE, 0xFF, 0xFF, 0xFF, 0xFF,
	0xFF, 0xFF, 0xFF, 0xFF, 0xFF, 0xFF, 0xFF, 0xFF, 0xFF, 0xFF, 0xFF, 0xFF, 0xFF, 0xFF, 0xFF, 0xFF,
	0xFF, 0xFF, 0xFF, 0xFF, 0xFF, 0xFF, 0xFF, 0xFF, 0xFF, 0xFF, 0xFF, 0xFF, 0xFF, 0xFF, 0xFF, 0xFF,
	0xFF, 0xFF, 0xFF, 0xFF, 0xFF, 0xFF, 0xFF, 0xFF, 0xFF, 0xFF, 0xFF, 0xFF, 0xFF, 0xFF, 0xFF, 0xFF,
	0xFF, 0xFF, 0xFF, 0xFF, 0xFF, 0xFF, 0xFF, 0xFF, 0xFF, 0xFF, 0xFF, 0xFF, 0xFF, 0xFF, 0xFF, 0xFF,
	0xFF, 0xFF, 0xFF, 0xFF, 0xFF, 0xFF, 0xFF, 0xFF, 0xFF, 0xFF, 0xFF, 0xFF, 0xFF, 0xFF, 0xFF, 0xFF,
	0xFF, 0xFF, 0xF5, 0x84, 0x6D, 0x12, 0x6C, 0x12, 0x6C, 0x12, 0x4D, 0x1A, 0x4C, 0x12, 0x6D, 0x12,
	0x6C, 0x0A, 0x6D, 0x1A, 0x4D, 0x1A, 0x6D, 0x1A, 0x6D, 0x12, 0x8E, 0x1A, 0x6D, 0x12, 0x8E, 0x1A,
	0x8E, 0x12, 0xAF, 0x1A, 0xAE, 0x12, 0xAF, 0x1A, 0xAE, 0x12, 0xCF, 0x1A, 0xAF, 0x12, 0xCF, 0x1A,
	0xCF, 0x12, 0xF0, 0x1A, 0xCF, 0x12, 0xF0, 0x12, 0xF0, 0x12, 0x11, 0x13, 0xF1, 0x12, 0x11, 0x1B,
	0x10, 0x13, 0x32, 0x1B, 0xD0, 0x12, 0x2D, 0x12, 0xDF, 0xF7, 0xFF, 0xFF, 0xFF, 0xFF, 0xFF, 0xFF,
	0xFF, 0xFF, 0xFF, 0xFF, 0xFF, 0xFF, 0xFF, 0xFF, 0xFF, 0xFF, 0xFF, 0xFF, 0x7E, 0xE7, 0x2D, 0x02,
	0x32, 0x13, 0x13, 0x13, 0x32, 0x13, 0x71, 0x0B, 0x51, 0x0B, 0x73, 0x13, 0x52, 0x13, 0x73, 0x13,
	0x52, 0x0B, 0x72, 0x0B, 0x53, 0x0B, 0x6F, 0x02, 0x3D, 0xCF, 0xFF, 0xFF, 0xFF, 0xFF, 0xFF, 0xFF,
	0xFF, 0xFF, 0xFF, 0xFF, 0xFF, 0xFF, 0xFF, 0xFF, 0xFF, 0xFF, 0xFF, 0xFF, 0x1A, 0x9E, 0xAF, 0x02,
	0x73, 0x0B, 0x73, 0x13, 0x53, 0x0B, 0x74, 0x13, 0x52, 0x13, 0x73, 0x13, 0x52, 0x0B, 0x53, 0x13,
	0x71, 0x13, 0x73, 0x13, 0x52, 0x13, 0x32, 0x0B, 0x14, 0x34, 0xD9, 0x95, 0xFF, 0xFF, 0xFF, 0xFF,
	0xFF, 0xFF, 0xFF, 0xFF, 0xFF, 0xFF, 0xFF, 0xFF, 0xFF, 0xFF, 0xFF, 0xFF, 0xFF, 0xFF, 0xFF, 0xFF,
	0xFF, 0xFF, 0xFF, 0xFF, 0xFF, 0xFF, 0xFF, 0xFF, 0xFF, 0xFF, 0xFF, 0xFF, 0xFF, 0xFF, 0xFF, 0xFF,
	0xFF, 0xFF, 0xFF, 0xFF, 0xFF, 0xFF, 0xFF, 0xFF, 0xFF, 0xFF, 0xFF, 0xFF, 0xFF, 0xFF, 0xFF, 0xFF,
	0xFF, 0xFF, 0xFF, 0xFF, 0xFF, 0xFF, 0xFF, 0xFF, 0xFF, 0xFF, 0xFF, 0xFF, 0xFF, 0xFF, 0xFF, 0xFF,
	0xFF, 0xFF, 0xFF, 0xFF, 0xFF, 0xFF, 0xFF, 0xFF, 0xFF, 0xFF, 0xFF, 0xFF, 0xFF, 0xFF, 0xFF, 0xFF,
	0xFF, 0xFF, 0x19, 0xAE, 0x4D, 0x0A, 0x4C, 0x0A, 0x6D, 0x12, 0x2C, 0x12, 0x4C, 0x12, 0x4C, 0x12,
	0x6D, 0x12, 0x6C, 0x12, 0x4D, 0x1A, 0x6D, 0x12, 0x8D, 0x1A, 0x6D, 0x12, 0x6E, 0x12, 0x8E, 0x12,
	0x8E, 0x12, 0x8E, 0x12, 0xAF, 0x1A, 0x8E, 0x12, 0xAF, 0x12, 0xAF, 0x12, 0xCF, 0x1A, 0xAF, 0x12,
	0xD0, 0x12, 0xCF, 0x12, 0xD0, 0x12, 0xEF, 0x12, 0xF0, 0x12, 0xD0, 0x12, 0x11, 0x1B, 0xF0, 0x0A,
	0x11, 0x13, 0x11, 0x13, 0xCB, 0x01, 0xF8, 0x9D, 0xFF, 0xFF, 0xFF, 0xFF, 0xFF, 0xFF, 0xFF, 0xFF,
	0xFF, 0xFF, 0xFF, 0xFF, 0xFF, 0xFF, 0xFF, 0xFF, 0xFF, 0xFF, 0xFF, 0xFF, 0xBC, 0xBE, 0x8E, 0x02,
	0x32, 0x13, 0x32, 0x13, 0x32, 0x13, 0x51, 0x0B, 0x52, 0x13, 0x52, 0x13, 0x52, 0x13, 0x32, 0x0B,
	0x72, 0x0B, 0x52, 0x0B, 0x73, 0x0B, 0xF1, 0x02, 0xDA, 0x85, 0xFF, 0xFF, 0xFF, 0xFF, 0xFF, 0xFF,
	0xFF, 0xFF, 0xFF, 0xFF, 0xFF, 0xFF, 0xFF, 0xFF, 0xFF, 0xFF, 0xFF, 0xFF, 0xDF, 0xE7, 0x6E, 0x02,
	0x73, 0x0B, 0x52, 0x0B, 0x73, 0x0B, 0x53, 0x0B, 0x73, 0x13, 0x52, 0x0B, 0x73, 0x0B, 0x32, 0x0B,
	0x52, 0x0B, 0x52, 0x0B, 0x73, 0x13, 0x31, 0x03, 0xB3, 0x23, 0x37, 0x6D, 0xFF, 0xFF, 0xFF, 0xFF,
	0xFF, 0xFF, 0xFF, 0xFF, 0xFF, 0xFF, 0xFF, 0xFF, 0xFF, 0xFF, 0xFF, 0xFF, 0xFF, 0xFF, 0xFF, 0xFF,
	0xFF, 0xFF, 0xFF, 0xFF, 0xFF, 0xFF, 0xFF, 0xFF, 0xFF, 0xFF, 0xFF, 0xFF, 0xFF, 0xFF, 0xFF, 0xFF,
	0xFF, 0xFF, 0xFF, 0xFF, 0xFF, 0xFF, 0xFF, 0xFF, 0xFF, 0xFF, 0xFF, 0xFF, 0xFF, 0xFF, 0xFF, 0xFF,
	0xFF, 0xFF, 0xFF, 0xFF, 0xFF, 0xFF, 0xFF, 0xFF, 0xFF, 0xFF, 0xFF, 0xFF, 0xFF, 0xFF, 0xFF, 0xFF,
	0xFF, 0xFF, 0xFF, 0xFF, 0xFF, 0xFF, 0xFF, 0xFF, 0xFF, 0xFF, 0xFF, 0xFF, 0xFF, 0xFF, 0xFF, 0xFF,
	0xFF, 0xFF, 0xFF, 0xFF, 0xEB, 0x01, 0x6D, 0x12, 0x4D, 0x12, 0x4D, 0x1A, 0x4C, 0x12, 0x4D, 0x1A,
	0x4D, 0x12, 0x8D, 0x1A, 0x6D, 0x12, 0x8E, 0x1A, 0x8D, 0x1A, 0x8E, 0x1A, 0x6D, 0x12, 0xAE, 0x1A,
	0x8E, 0x12, 0xAF, 0x1A, 0xAE, 0x12, 0xAF, 0x1A, 0xAF, 0x12, 0xCF, 0x1A, 0xAF, 0x12, 0xD0, 0x1A,
	0xCF, 0x12, 0xF0, 0x12, 0xCF, 0x12, 0xF0, 0x1A, 0xF0, 0x12, 0x11, 0x1B, 0xF0, 0x12, 0x10, 0x1B,
	0x32, 0x13, 0x6F, 0x02, 0x0E, 0x33, 0xFF, 0xFF, 0xFF, 0xFF, 0xFF, 0xFF, 0xFF, 0xFF, 0xFF, 0xFF,
	0xFF, 0xFF, 0xFF, 0xFF, 0xFF, 0xFF, 0xFF, 0xFF, 0xFF, 0xFF, 0xFF, 0xFF, 0xD9, 0x8D, 0x11, 0x03,
	0x32, 0x0B, 0x52, 0x13, 0x32, 0x13, 0x73, 0x13, 0x52, 0x13, 0x52, 0x13, 0x52, 0x0B, 0x73, 0x13,
	0x73, 0x0B, 0x73, 0x13, 0x52, 0x0B, 0x94, 0x03, 0x75, 0x3C, 0xFF, 0xFF, 0xFF, 0xFF, 0xFF, 0xFF,
	0xFF, 0xFF, 0xFF, 0xFF, 0xFF, 0xFF, 0xFF, 0xFF, 0xFF, 0xFF, 0xFF, 0xFF, 0xFF, 0xF7, 0x93, 0x2B,
	0x74, 0x03, 0x73, 0x13, 0x73, 0x0B, 0x73, 0x0B, 0x72, 0x0B, 0x73, 0x13, 0x73, 0x0B, 0x73, 0x13,
	0x72, 0x0B, 0x52, 0x13, 0x52, 0x0B, 0x73, 0x13, 0x52, 0x13, 0xF7, 0x54, 0x7E, 0xDF, 0xFF, 0xFF,
	0xFF, 0xFF, 0xFF, 0xFF, 0xFF, 0xFF, 0xFF, 0xFF, 0xFF, 0xFF, 0xFF, 0xFF, 0xFF, 0xFF, 0xFF, 0xFF,
	0xFF, 0xFF, 0xFF, 0xFF, 0xFF, 0xFF, 0xFF, 0xFF, 0xFF, 0xFF, 0xFF, 0xFF, 0xFF, 0xFF, 0xFF, 0xFF,
	0xFF, 0xFF, 0xFF, 0xFF, 0xFF, 0xFF, 0xFF, 0xFF, 0xFF, 0xFF, 0xFF, 0xFF, 0xFF, 0xFF, 0xFF, 0xFF,
	0xFF, 0xFF, 0xFF, 0xFF, 0xFF, 0xFF, 0xFF, 0xFF, 0xFF, 0xFF, 0xFF, 0xFF, 0xFF, 0xFF, 0xFF, 0xFF,
	0xFF, 0xFF, 0xFF, 0xFF, 0xFF, 0xFF, 0xFF, 0xFF, 0xFF, 0xFF, 0xFF, 0xFF, 0xFF, 0xFF, 0xFF, 0xFF,
	0xFF, 0xFF, 0xFF, 0xFF, 0x6C, 0x1A, 0x4D, 0x0A, 0x4D, 0x12, 0x4C, 0x12, 0x6C, 0x12, 0x4C, 0x12,
	0x4D, 0x1A, 0x4C, 0x12, 0x6D, 0x12, 0x6D, 0x12, 0x8E, 0x1A, 0x6D, 0x12, 0x8E, 0x1A, 0x8E, 0x12,
	0x8F, 0x12, 0xAE, 0x12, 0xAF, 0x12, 0x8E, 0x12, 0xCF, 0x1A, 0xAF, 0x12, 0xCF, 0x12, 0xCF, 0x12,
	0xF0, 0x12, 0xCF, 0x0A, 0xF0, 0x12, 0xF0, 0x12, 0x11, 0x1B, 0xF0, 0x12, 0x10, 0x13, 0x10, 0x1B,
	0xF1, 0x0A, 0x28, 0x01, 0xBF, 0xEF, 0xFF, 0xFF, 0xFF, 0xFF, 0xFF, 0xFF, 0xFF, 0xFF, 0xFF, 0xFF,
	0xFF, 0xFF, 0xFF, 0xFF, 0xFF, 0xFF, 0xFF, 0xFF, 0xFF, 0xFF, 0xFF, 0xFF, 0xD6, 0x5C, 0x53, 0x03,
	0x32, 0x13, 0x51, 0x0B, 0x52, 0x13, 0x32, 0x0B, 0x52, 0x13, 0x31, 0x0B, 0x53, 0x0B, 0x53, 0x0B,
	0x73, 0x0B, 0x32, 0x0B, 0x72, 0x0B, 0x74, 0x03, 0x36, 0x2C, 0xDF, 0xEF, 0xFF, 0xFF, 0xFF, 0xFF,
	0xFF, 0xFF, 0xFF, 0xFF, 0xFF, 0xFF, 0xFF, 0xFF, 0xFF, 0xFF, 0xFF, 0xFF, 0xFF, 0xFF, 0xD6, 0x54,
	0x94, 0x03, 0x73, 0x0B, 0x73, 0x13, 0x92, 0x0B, 0x93, 0x0B, 0x53, 0x0B, 0x73, 0x0B, 0x73, 0x0B,
	0x73, 0x0B, 0x52, 0x0B, 0x73, 0x0B, 0x32, 0x0B, 0x32, 0x0B, 0x35, 0x34, 0xDC, 0xC6, 0xFF, 0xFF,
	0xFF, 0xFF, 0xFF, 0xFF, 0xFF, 0xFF, 0xFF, 0xFF, 0xFF, 0xFF, 0xFF, 0xFF, 0xFF, 0xFF, 0xFF, 0xFF,
	0xFF, 0xFF, 0xFF, 0xFF, 0xFF, 0xFF, 0xFF, 0xFF, 0xFF, 0xFF, 0xFF, 0xFF, 0xFF, 0xFF, 0xFF, 0xFF,
	0xFF, 0xFF, 0xFF, 0xFF, 0xFF, 0xFF, 0xFF, 0xFF, 0xFF, 0xFF, 0xFF, 0xFF, 0xFF, 0xFF, 0xFF, 0xFF,
	0xFF, 0xFF, 0xFF, 0xFF, 0xFF, 0xFF, 0xFF, 0xFF, 0xFF, 0xFF, 0xFF, 0xFF, 0xFF, 0xFF, 0xFF, 0xFF,
	0xFF, 0xFF, 0xFF, 0xFF, 0xFF, 0xFF, 0xFF, 0xFF, 0xFF, 0xFF, 0xFF, 0xFF, 0xFF, 0xFF, 0xFF, 0xFF,
	0xFF, 0xFF, 0xFF, 0xFF, 0x74, 0x6C, 0x0C, 0x02, 0x4D, 0x12, 0x4D, 0x1A, 0x4C, 0x12, 0x4D, 0x1A,
	0x4D, 0x1A, 0x6D, 0x1A, 0x6D, 0x12, 0x8E, 0x1A, 0x6D, 0x12, 0x8E, 0x1A, 0x8E, 0x12, 0xAE, 0x1A,
	0xAE, 0x12, 0xAF, 0x1A, 0x8F, 0x12, 0xCF, 0x1A, 0xAF, 0x12, 0xD0, 0x1A, 0xCF, 0x12, 0xF0, 0x1A,
	0xEF, 0x12, 0xF0, 0x1A, 0xF0, 0x12, 0xF0, 0x12, 0xF1, 0x12, 0x11, 0x13, 0x11, 0x13, 0x32, 0x13,
	0xCB, 0x01, 0xB4, 0x7C, 0xFF, 0xFF, 0xFF, 0xFF, 0xFF, 0xFF, 0xFF, 0xFF, 0xFF, 0xFF, 0xFF, 0xFF,
	0xFF, 0xFF, 0xFF, 0xFF, 0xFF, 0xFF, 0xFF, 0xFF, 0xFF, 0xFF, 0xFF, 0xFF, 0x97, 0x44, 0x74, 0x0B,
	0x32, 0x13, 0x72, 0x13, 0x52, 0x13, 0x53, 0x0B, 0x52, 0x0B, 0x72, 0x13, 0x73, 0x0B, 0x73, 0x0B,
	0x52, 0x0B, 0x73, 0x13, 0x93, 0x0B, 0x94, 0x0B, 0xB4, 0x1B, 0x5D, 0xCF, 0xFF, 0xFF, 0xFF, 0xFF,
	0xFF, 0xFF, 0xFF, 0xFF, 0xFF, 0xFF, 0xFF, 0xFF, 0xFF, 0xFF, 0xFF, 0xFF, 0xFF, 0xFF, 0x1B, 0x8E,
	0x93, 0x03, 0x74, 0x0B, 0x73, 0x0B, 0xB3, 0x0B, 0x93, 0x0B, 0x74, 0x13, 0x53, 0x0B, 0x73, 0x13,
	0x72, 0x0B, 0x73, 0x13, 0x53, 0x0B, 0x73, 0x13, 0x32, 0x03, 0x16, 0x24, 0x99, 0x85, 0xFF, 0xFF,
	0xFF, 0xFF, 0xFF, 0xFF, 0xFF, 0xFF, 0xFF, 0xFF, 0xFF, 0xFF, 0xFF, 0xFF, 0xFF, 0xFF, 0xFF, 0xFF,
	0xFF, 0xFF, 0xFF, 0xFF, 0xFF, 0xFF, 0xFF, 0xFF, 0xFF, 0xFF, 0xFF, 0xFF, 0xFF, 0xFF, 0xFF, 0xFF,
	0xFF, 0xFF, 0xFF, 0xFF, 0xFF, 0xFF, 0xFF, 0xFF, 0xFF, 0xFF, 0xFF, 0xFF, 0xFF, 0xFF, 0xFF, 0xFF,
	0xFF, 0xFF, 0xFF, 0xFF, 0xFF, 0xFF, 0xFF, 0xFF, 0xFF, 0xFF, 0xFF, 0xFF, 0xFF, 0xFF, 0xFF, 0xFF,
	0xFF, 0xFF, 0xFF, 0xFF, 0xFF, 0xFF, 0xFF, 0xFF, 0xFF, 0xFF, 0xFF, 0xFF, 0xFF, 0xFF, 0xFF, 0xFF,
	0xFF, 0xFF, 0xFF, 0xFF, 0xF8, 0xAD, 0xAA, 0x01, 0x4D, 0x12, 0x2C, 0x12, 0x6D, 0x12, 0x4D, 0x12,
	0x6D, 0x1A, 0x6D, 0x12, 0x6E, 0x1A, 0x6D, 0x12, 0x6D, 0x12, 0x6D, 0x12, 0x8E, 0x1A, 0x8E, 0x12,
	0xAE, 0x12, 0x8E, 0x12, 0xAF, 0x1A, 0xAF, 0x12, 0xCF, 0x1A, 0xAF, 0x12, 0xD0, 0x12, 0xCF, 0x12,
	0xF0, 0x12, 0xF0, 0x12, 0xF0, 0x12, 0xF0, 0x12, 0x11, 0x13, 0xF0, 0x0A, 0x31, 0x1B, 0x8F, 0x02,
	0xAA, 0x01, 0xFF, 0xFF, 0xFF, 0xFF, 0xFF, 0xFF, 0xFF, 0xFF, 0xFF, 0xFF, 0xFF, 0xFF, 0xFF, 0xFF,
	0xFF, 0xFF, 0xFF, 0xFF, 0xFF, 0xFF, 0xFF, 0xFF, 0xFF, 0xFF, 0xBF, 0xE7, 0xD5, 0x2B, 0x73, 0x0B,
	0x52, 0x13, 0x51, 0x0B, 0x32, 0x0B, 0x52, 0x0B, 0x73, 0x0B, 0x72, 0x0B, 0x73, 0x0B, 0x53, 0x03,
	0x73, 0x13, 0x72, 0x0B, 0x94, 0x0B, 0x52, 0x03, 0xD4, 0x23, 0x7C, 0x9E, 0xFF, 0xFF, 0xFF, 0xFF,
	0xFF, 0xFF, 0xFF, 0xFF, 0xFF, 0xFF, 0xFF, 0xFF, 0xFF, 0xFF, 0xFF, 0xFF, 0xFF, 0xFF, 0xFF, 0xD7,
	0x93, 0x13, 0x53, 0x03, 0x73, 0x0B, 0x92, 0x03, 0x73, 0x0B, 0x73, 0x0B, 0x74, 0x13, 0x72, 0x0B,
	0x73, 0x0B, 0x53, 0x0B, 0x73, 0x0B, 0x52, 0x0B, 0x53, 0x0B, 0x94, 0x13, 0x55, 0x4C, 0xFF, 0xFF,
	0xFF, 0xFF, 0xFF, 0xFF, 0xFF, 0xFF, 0xFF, 0xFF, 0xFF, 0xFF, 0xFF, 0xFF, 0xFF, 0xFF, 0xFF, 0xFF,
	0xFF, 0xFF, 0xFF, 0xFF, 0xFF, 0xFF, 0xFF, 0xFF, 0xFF, 0xFF, 0xFF, 0xFF, 0xFF, 0xFF, 0xFF, 0xFF,
	0xFF, 0xFF, 0xFF, 0xFF, 0xFF, 0xFF, 0xFF, 0xFF, 0xFF, 0xFF, 0xFF, 0xFF, 0xFF, 0xFF, 0xFF, 0xFF,
	0xFF, 0xFF, 0xFF, 0xFF, 0xFF, 0xFF, 0xFF, 0xFF, 0xFF, 0xFF, 0xFF, 0xFF, 0xFF, 0xFF, 0xFF, 0xFF,
	0xFF, 0xFF, 0xFF, 0xFF, 0xFF, 0xFF, 0xFF, 0xFF, 0xFF, 0xFF, 0xFF, 0xFF, 0xFF, 0xFF, 0xFF, 0xFF,
	0xFF, 0xFF, 0xFF, 0xFF, 0x7E, 0xE7, 0xEB, 0x09, 0x4D, 0x12, 0x4C, 0x1A, 0x4D, 0x12, 0x6E, 0x1A,
	0x6D, 0x12, 0x6D, 0x1A, 0x6D, 0x12, 0x8E, 0x1A, 0x6D, 0x12, 0x8E, 0x1A, 0x8E, 0x12, 0xAF, 0x1A,
	0x8F, 0x12, 0xAF, 0x1A, 0xAF, 0x12, 0xD0, 0x1A, 0xCF, 0x12, 0xD0, 0x1A, 0xCF, 0x12, 0xF0, 0x12,
	0xF0, 0x12, 0x10, 0x13, 0xF0, 0x12, 0x11, 0x13, 0x11, 0x13, 0x31, 0x1B, 0xF1, 0x12, 0x8A, 0x01,
	0xDB, 0xC6, 0xFF, 0xFF, 0xFF, 0xFF, 0xFF, 0xFF, 0xFF, 0xFF, 0xFF, 0xFF, 0xFF, 0xFF, 0xFF, 0xFF,
	0xFF, 0xFF, 0xFF, 0xFF, 0xFF, 0xFF, 0xFF, 0xFF, 0xFF, 0xFF, 0x5E, 0xCF, 0xF5, 0x23, 0x32, 0x0B,
	0x32, 0x0B, 0x73, 0x0B, 0x53, 0x0B, 0x93, 0x13, 0x73, 0x0B, 0x73, 0x0B, 0x73, 0x0B, 0x94, 0x13,
	0x73, 0x0B, 0x93, 0x0B, 0x93, 0x03, 0x93, 0x0B, 0xF5, 0x23, 0x39, 0x75, 0xFF, 0xFF, 0xFF, 0xFF,
	0xFF, 0xFF, 0xFF, 0xFF, 0xFF, 0xFF, 0xFF, 0xFF, 0xFF, 0xFF, 0xFF, 0xFF, 0xFF, 0xFF, 0xFF, 0xFF,
	0xF4, 0x33, 0xB5, 0x13, 0x93, 0x0B, 0xB4, 0x0B, 0x93, 0x0B, 0x94, 0x0B, 0x73, 0x0B, 0x93, 0x13,
	0x73, 0x0B, 0x94, 0x0B, 0x73, 0x0B, 0x73, 0x13, 0x73, 0x0B, 0x73, 0x0B, 0xF5, 0x23, 0xDF, 0xE7,
	0xFF, 0xFF, 0xFF, 0xFF, 0xFF, 0xFF, 0xFF, 0xFF, 0xFF, 0xFF, 0xFF, 0xFF, 0xFF, 0xFF, 0xFF, 0xFF,
	0xFF, 0xFF, 0xFF, 0xFF, 0xFF, 0xFF, 0xFF, 0xFF, 0xFF, 0xFF, 0xFF, 0xFF, 0xFF, 0xFF, 0xFF, 0xFF,
	0xFF, 0xFF, 0xFF, 0xFF, 0xFF, 0xFF, 0xFF, 0xFF, 0xFF, 0xFF, 0xFF, 0xFF, 0xFF, 0xFF, 0xFF, 0xFF,
	0xFF, 0xFF, 0xFF, 0xFF, 0xFF, 0xFF, 0xFF, 0xFF, 0xFF, 0xFF, 0xFF, 0xFF, 0xFF, 0xFF, 0xFF, 0xFF,
	0xFF, 0xFF, 0xFF, 0xFF, 0xFF, 0xFF, 0xFF, 0xFF, 0xFF, 0xFF, 0xFF, 0xFF, 0xFF, 0xFF, 0xFF, 0xFF,
	0xFF, 0xFF, 0xFF, 0xFF, 0xFF, 0xFF, 0x4B, 0x0A, 0x4D, 0x12, 0x4C, 0x12, 0x4D, 0x12, 0x4D, 0x12,
	0x6D, 0x12, 0x6D, 0x12, 0x8D, 0x1A, 0x6D, 0x12, 0x8E, 0x1A, 0x8E, 0x12, 0x8E, 0x12, 0x8E, 0x12,
	0xAF, 0x12, 0x8E, 0x12, 0xAF, 0x12, 0xAF, 0x12, 0xCF, 0x1A, 0xCF, 0x12, 0xD0, 0x12, 0xCF, 0x12,
	0xF0, 0x12, 0xEF, 0x12, 0x10, 0x13, 0x10, 0x13, 0x11, 0x13, 0x11, 0x13, 0x4D, 0x02, 0xD1, 0x53,
	0xFF, 0xFF, 0xFF, 0xFF, 0xFF, 0xFF, 0xFF, 0xFF, 0xFF, 0xFF, 0xFF, 0xFF, 0xFF, 0xFF, 0xFF, 0xFF,
	0xFF, 0xFF, 0xFF, 0xFF, 0xFF, 0xFF, 0xFF, 0xFF, 0xFF, 0xFF, 0x57, 0x7D, 0x16, 0x24, 0x11, 0x03,
	0x52, 0x0B, 0x52, 0x0B, 0x53, 0x13, 0x52, 0x03, 0x73, 0x0B, 0x73, 0x0B, 0x94, 0x0B, 0x73, 0x0B,
	0x93, 0x0B, 0x74, 0x03, 0x94, 0x0B, 0x93, 0x03, 0xD5, 0x13, 0xB7, 0x5C, 0xFF, 0xFF, 0xFF, 0xFF,
	0xFF, 0xFF, 0xFF, 0xFF, 0xFF, 0xFF, 0xFF, 0xFF, 0xFF, 0xFF, 0xFF, 0xFF, 0xFF, 0xFF, 0xFF, 0xFF,
	0x59, 0x75, 0xD5, 0x13, 0x94, 0x0B, 0x94, 0x0B, 0x94, 0x0B, 0x93, 0x03, 0x93, 0x0B, 0x73, 0x0B,
	0x93, 0x0B, 0x74, 0x0B, 0x73, 0x0B, 0x72, 0x0B, 0x73, 0x0B, 0x72, 0x03, 0x94, 0x0B, 0x7B, 0xAE,
	0xFF, 0xFF, 0xFF, 0xFF, 0xFF, 0xFF, 0xFF, 0xFF, 0xFF, 0xFF, 0xFF, 0xFF, 0xFF, 0xFF, 0xFF, 0xFF,
	0xFF, 0xFF, 0xFF, 0xFF, 0xFF, 0xFF, 0xFF, 0xFF, 0xFF, 0xFF, 0xFF, 0xFF, 0xFF, 0xFF, 0xFF, 0xFF,
	0xFF, 0xFF, 0xFF, 0xFF, 0xFF, 0xFF, 0xFF, 0xFF, 0xFF, 0xFF, 0xFF, 0xFF, 0xFF, 0xFF, 0xFF, 0xFF,
	0xFF, 0xFF, 0xFF, 0xFF, 0xFF, 0xFF, 0xFF, 0xFF, 0xFF, 0xFF, 0xFF, 0xFF, 0xFF, 0xFF, 0xFF, 0xFF,
	0xFF, 0xFF, 0xFF, 0xFF, 0xFF, 0xFF, 0xFF, 0xFF, 0xFF, 0xFF, 0xFF, 0xFF, 0xFF, 0xFF, 0xFF, 0xFF,
	0xFF, 0xFF, 0xFF, 0xFF, 0xFF, 0xFF, 0x53, 0x5C, 0xEC, 0x09, 0x6E, 0x12, 0x4D, 0x12, 0x8D, 0x1A,
	0x4D, 0x1A, 0x6E, 0x1A, 0x6E, 0x12, 0x8E, 0x12, 0x8E, 0x12, 0x8E, 0x1A, 0x8E, 0x12, 0xAF, 0x1A,
	0xAE, 0x12, 0xCF, 0x1A, 0xAF, 0x12, 0xD0, 0x12, 0xD0, 0x12, 0xF0, 0x1A, 0xCF, 0x12, 0xF1, 0x12,
	0xF0, 0x0A, 0x10, 0x1B, 0x11, 0x13, 0x11, 0x13, 0x31, 0x13, 0x11, 0x0B, 0x4C, 0x02, 0xFF, 0xFF,
	0xFF, 0xFF, 0xFF, 0xFF, 0xFF, 0xFF, 0xFF, 0xFF, 0xFF, 0xFF, 0xFF, 0xFF, 0xFF, 0xFF, 0xFF, 0xFF,
	0xFF, 0xFF, 0xFF, 0xFF, 0xFF, 0xFF, 0xFF, 0xFF, 0xFF, 0xF7, 0x19, 0x6D, 0xD4, 0x33, 0x73, 0x23,
	0x72, 0x1B, 0x94, 0x23, 0x73, 0x1B, 0x93, 0x1B, 0x93, 0x1B, 0x93, 0x1B, 0x72, 0x13, 0x73, 0x13,
	0x73, 0x0B, 0x73, 0x0B, 0x93, 0x0B, 0x93, 0x0B, 0x93, 0x0B, 0xD8, 0x4C, 0x5E, 0xD7, 0xFF, 0xFF,
	0xFF, 0xFF, 0xFF, 0xFF, 0xFF, 0xFF, 0xFF, 0xFF, 0xFF, 0xFF, 0xFF, 0xFF, 0xFF, 0xFF, 0xFF, 0xFF,
	0x1A, 0x9E, 0x36, 0x24, 0x72, 0x03, 0xB4, 0x03, 0xB4, 0x0B, 0xB4, 0x13, 0x93, 0x0B, 0x94, 0x0B,
	0x73, 0x03, 0x94, 0x0B, 0x93, 0x13, 0x73, 0x13, 0x73, 0x0B, 0x73, 0x0B, 0x94, 0x03, 0x99, 0x75,
	0xFF, 0xFF, 0xFF, 0xFF, 0xFF, 0xFF, 0xFF, 0xFF, 0xFF, 0xFF, 0xFF, 0xFF, 0xFF, 0xFF, 0xFF, 0xFF,
	0xFF, 0xFF, 0xFF, 0xFF, 0xFF, 0xFF, 0xFF, 0xFF, 0xFF, 0xFF, 0xFF, 0xFF, 0xFF, 0xFF, 0xFF, 0xFF,
	0xFF, 0xFF, 0xFF, 0xFF, 0xFF, 0xFF, 0xFF, 0xFF, 0xFF, 0xFF, 0xFF, 0xFF, 0xFF, 0xFF, 0xFF, 0xFF,
	0xFF, 0xFF, 0xFF, 0xFF, 0xFF, 0xFF, 0xFF, 0xFF, 0xFF, 0xFF, 0xFF, 0xFF, 0xFF, 0xFF, 0xFF, 0xFF,
	0xFF, 0xFF, 0xFF, 0xFF, 0xFF, 0xFF, 0xFF, 0xFF, 0xFF, 0xFF, 0xFF, 0xFF, 0xFF, 0xFF, 0xFF, 0xFF,
	0xFF, 0xFF, 0xFF, 0xFF, 0xFF, 0xFF, 0x39, 0xA6, 0xEC, 0x01, 0x4D, 0x0A, 0x6D, 0x1A, 0x6C, 0x12,
	0x6D, 0x1A, 0x6D, 0x1A, 0x8E, 0x1A, 0x6D, 0x12, 0x8E, 0x1A, 0x8E, 0x12, 0xAF, 0x1A, 0xAE, 0x12,
	0xAF, 0x12, 0xAE, 0x12, 0xCF, 0x1A, 0xAE, 0x12, 0xCF, 0x1A, 0xCF, 0x12, 0xF0, 0x12, 0xD0, 0x0A,
	0x11, 0x13, 0xF0, 0x12, 0xF1, 0x12, 0x10, 0x13, 0x11, 0x0B, 0x2D, 0x02, 0xF9, 0x9D, 0xFF, 0xFF,
	0xFF, 0xFF, 0xFF, 0xFF, 0xFF, 0xFF, 0xFF, 0xFF, 0xFF, 0xFF, 0xFF, 0xFF, 0xFF, 0xFF, 0xFF, 0xFF,
	0xFF, 0xFF, 0xFF, 0xFF, 0xFF, 0xFF, 0xFF, 0xFF, 0x3E, 0xD7, 0xB7, 0x5C, 0xB4, 0x3B, 0xB3, 0x33,
	0xF5, 0x3B, 0xD4, 0x33, 0xF5, 0x3B, 0xF4, 0x33, 0x15, 0x3C, 0xF4, 0x3B, 0x15, 0x3C, 0xF5, 0x33,
	0x16, 0x3C, 0x16, 0x34, 0xF6, 0x33, 0xB4, 0x23, 0x93, 0x23, 0x76, 0x4C, 0xFD, 0xBE, 0xFF, 0xFF,
	0xFF, 0xFF, 0xFF, 0xFF, 0xFF, 0xFF, 0xFF, 0xFF, 0xFF, 0xFF, 0xFF, 0xFF, 0xFF, 0xFF, 0xFF, 0xFF,
	0xBF, 0xDF, 0x36, 0x34, 0x53, 0x0B, 0x94, 0x03, 0x94, 0x03, 0x73, 0x03, 0xB4, 0x0B, 0x93, 0x0B,
	0xB4, 0x0B, 0x73, 0x03, 0x73, 0x0B, 0x73, 0x0B, 0x93, 0x13, 0x53, 0x0B, 0x74, 0x0B, 0x50, 0x23,
	0xFF, 0xFF, 0xFF, 0xFF, 0xFF, 0xFF, 0xFF, 0xFF, 0xFF, 0xFF, 0xFF, 0xFF, 0xFF, 0xFF, 0xFF, 0xFF,
	0xFF, 0xFF, 0xFF, 0xFF, 0xFF, 0xFF, 0xFF, 0xFF, 0xFF, 0xFF, 0xFF, 0xFF, 0xFF, 0xFF, 0xFF, 0xFF,
	0xFF, 0xFF, 0xFF, 0xFF, 0xFF, 0xFF, 0xFF, 0xFF, 0xFF, 0xFF, 0xFF, 0xFF, 0xFF, 0xFF, 0xFF, 0xFF,
	0xFF, 0xFF, 0xFF, 0xFF, 0xFF, 0xFF, 0xFF, 0xFF, 0xFF, 0xFF, 0xFF, 0xFF, 0xFF, 0xFF, 0xFF, 0xFF,
	0xFF, 0xFF, 0xFF, 0xFF, 0xFF, 0xFF, 0xFF, 0xFF, 0xFF, 0xFF, 0xFF, 0xFF, 0xFF, 0xFF, 0xFF, 0xFF,
	0xFF, 0xFF, 0xFF, 0xFF, 0xFF, 0xFF, 0x3D, 0xD7, 0x8E, 0x0A, 0x6E, 0x12, 0x4C, 0x12, 0x6D, 0x1A,
	0x4D, 0x1A, 0x8E, 0x1A, 0x8D, 0x12, 0x8E, 0x1A, 0x8E, 0x12, 0xAE, 0x1A, 0xAE, 0x12, 0xAF, 0x1A,
	0xAF, 0x12, 0xCF, 0x1A, 0xAF, 0x12, 0xCF, 0x1A, 0xCF, 0x1A, 0xF0, 0x12, 0xEF, 0x12, 0xF1, 0x12,
	0xF1, 0x12, 0xF1, 0x12, 0xCF, 0x12, 0x11, 0x1B, 0xF1, 0x12, 0xF3, 0x4B, 0xFF, 0xFF, 0xFF, 0xFF,
	0xFF, 0xFF, 0xFF, 0xFF, 0xFF, 0xFF, 0xFF, 0xFF, 0xFF, 0xFF, 0xFF, 0xFF, 0xFF, 0xFF, 0xFF, 0xFF,
	0xFF, 0xFF, 0xFF, 0xFF, 0xFF, 0xFF, 0xFF, 0xFF, 0x99, 0x95, 0xD8, 0x64, 0x92, 0x33, 0xF4, 0x3B,
	0xD4, 0x3B, 0xD4, 0x3B, 0xD4, 0x3B, 0xD5, 0x43, 0xD4, 0x3B, 0xF5, 0x43, 0xF4, 0x3B, 0xF5, 0x43,
	0xF5, 0x3B, 0xF5, 0x3B, 0xF5, 0x3B, 0x16, 0x44, 0xF5, 0x3B, 0x97, 0x54, 0xDA, 0x8D, 0xFF, 0xFF,
	0xFF, 0xFF, 0xFF, 0xFF, 0xFF, 0xFF, 0xFF, 0xFF, 0xFF, 0xFF, 0xFF, 0xFF, 0xFF, 0xFF, 0xFF, 0xFF,
	0xFF, 0xFF, 0x76, 0x54, 0x94, 0x0B, 0xB5, 0x0B, 0x95, 0x03, 0xB4, 0x03, 0x94, 0x03, 0x94, 0x0B,
	0xB4, 0x0B, 0xB4, 0x0B, 0x93, 0x03, 0x93, 0x0B, 0x73, 0x0B, 0x93, 0x13, 0x73, 0x0B, 0xF0, 0x0A,
	0xFF, 0xEF, 0xFF, 0xFF, 0xFF, 0xFF, 0xFF, 0xFF, 0xFF, 0xFF, 0xFF, 0xFF, 0xFF, 0xFF, 0xFF, 0xFF,
	0xFF, 0xFF, 0xFF, 0xFF, 0xFF, 0xFF, 0xFF, 0xFF, 0xFF, 0xFF, 0xFF, 0xFF, 0xFF, 0xFF, 0xFF, 0xFF,
	0xFF, 0xFF, 0xFF, 0xFF, 0xFF, 0xFF, 0xFF, 0xFF, 0xFF, 0xFF, 0xFF, 0xFF, 0xFF, 0xFF, 0xFF, 0xFF,
	0xFF, 0xFF, 0xFF, 0xFF, 0xFF, 0xFF, 0xFF, 0xFF, 0xFF, 0xFF, 0xFF, 0xFF, 0xFF, 0xFF, 0xFF, 0xFF,
	0xFF, 0xFF, 0xFF, 0xFF, 0xFF, 0xFF, 0xFF, 0xFF, 0xFF, 0xFF, 0xFF, 0xFF, 0xFF, 0xFF, 0xFF, 0xFF,
	0xFF, 0xFF, 0xFF, 0xFF, 0xFF, 0xFF, 0xFF, 0xFF, 0x51, 0x23, 0x4D, 0x0A, 0x6D, 0x1A, 0x6D, 0x12,
	0x6E, 0x1A, 0x6D, 0x12, 0x8D, 0x12, 0x6E, 0x12, 0x8E, 0x12, 0x8E, 0x12, 0xAF, 0x12, 0x8E, 0x12,
	0xCF, 0x12, 0xAF, 0x12, 0xCF, 0x12, 0xCF, 0x12, 0xD0, 0x12, 0xCF, 0x12, 0xCF, 0x12, 0xD0, 0x12,
	0x11, 0x23, 0x50, 0x2B, 0x92, 0x3B, 0xB3, 0x2B, 0x31, 0x2B, 0x9E, 0xE7, 0xFF, 0xFF, 0xFF, 0xFF,
	0xFF, 0xFF, 0xFF, 0xFF, 0xFF, 0xFF, 0xFF, 0xFF, 0xFF, 0xFF, 0xFF, 0xFF, 0xFF, 0xFF, 0xFF, 0xFF,
	0xFF, 0xFF, 0xFF, 0xFF, 0xFF, 0xFF, 0x7E, 0xDF, 0x19, 0x65, 0xD3, 0x3B, 0xD4, 0x33, 0xD3, 0x33,
	0xD4, 0x3B, 0xD4, 0x33, 0xD4, 0x3B, 0xD4, 0x3B, 0xF5, 0x3B, 0xF4, 0x33, 0xF5, 0x3B, 0xF4, 0x3B,
	0x15, 0x3C, 0xF5, 0x3B, 0x15, 0x3C, 0xF5, 0x3B, 0x15, 0x3C, 0x35, 0x3C, 0xF7, 0x64, 0xFF, 0xFF,
	0xFF, 0xFF, 0xFF, 0xFF, 0xFF, 0xFF, 0xFF, 0xFF, 0xFF, 0xFF, 0xFF, 0xFF, 0xFF, 0xFF, 0xFF, 0xFF,
	0xFF, 0xFF, 0x98, 0x7D, 0x36, 0x24, 0x94, 0x03, 0xB5, 0x03, 0x94, 0x03, 0xB4, 0x03, 0x94, 0x0B,
	0x94, 0x0B, 0x94, 0x03, 0xB4, 0x0B, 0x93, 0x0B, 0x93, 0x0B, 0x73, 0x03, 0x93, 0x0B, 0xF1, 0x02,
	0x5B, 0xAE, 0xFF, 0xFF, 0xFF, 0xFF, 0xFF, 0xFF, 0xFF, 0xFF, 0xFF, 0xFF, 0xFF, 0xFF, 0xFF, 0xFF,
	0xFF, 0xFF, 0xFF, 0xFF, 0xFF, 0xFF, 0xFF, 0xFF, 0xFF, 0xFF, 0xFF, 0xFF, 0xFF, 0xFF, 0xFF, 0xFF,
	0xFF, 0xFF, 0xFF, 0xFF, 0xFF, 0xFF, 0xFF, 0xFF, 0xFF, 0xFF, 0xFF, 0xFF, 0xFF, 0xFF, 0xFF, 0xFF,
	0xFF, 0xFF, 0xFF, 0xFF, 0xFF, 0xFF, 0xFF, 0xFF, 0xFF, 0xFF, 0xFF, 0xFF, 0xFF, 0xFF, 0xFF, 0xFF,
	0xFF, 0xFF, 0xFF, 0xFF, 0xFF, 0xFF, 0xFF, 0xFF, 0xFF, 0xFF, 0xFF, 0xFF, 0xFF, 0xFF, 0xFF, 0xFF,
	0xFF, 0xFF, 0xFF, 0xFF, 0xFF, 0xFF, 0xFF, 0xFF, 0x54, 0x4C, 0x8E, 0x0A, 0x4D, 0x12, 0x6E, 0x1A,
	0x6D, 0x1A, 0x8E, 0x1A, 0x8D, 0x12, 0xAE, 0x12, 0x8E, 0x12, 0xAF, 0x1A, 0xAE, 0x12, 0xCF, 0x1A,
	0xCF, 0x12, 0xCF, 0x1A, 0xAF, 0x12, 0xAF, 0x1A, 0xCF, 0x12, 0x11, 0x23, 0x72, 0x33, 0x93, 0x33,
	0x72, 0x33, 0x71, 0x43, 0x93, 0x33, 0x53, 0x2B, 0xB9, 0x9D, 0xFF, 0xFF, 0xFF, 0xFF, 0xFF, 0xFF,
	0xFF, 0xFF, 0xFF, 0xFF, 0xFF, 0xFF, 0xFF, 0xFF, 0xFF, 0xFF, 0xFF, 0xFF, 0xFF, 0xFF, 0xFF, 0xFF,
	0xFF, 0xFF, 0xFF, 0xFF, 0xFF, 0xFF, 0x58, 0x7D, 0xB7, 0x4C, 0xB4, 0x3B, 0xD4, 0x33, 0xF4, 0x3B,
	0xD4, 0x33, 0xD5, 0x3B, 0xD4, 0x3B, 0xF5, 0x3B, 0xF4, 0x3B, 0x15, 0x3C, 0xF5, 0x3B, 0xF5, 0x43,
	0xF5, 0x3B, 0x16, 0x44, 0xF5, 0x3B, 0x16, 0x44, 0x15, 0x3C, 0x36, 0x3C, 0x76, 0x4C, 0x7E, 0xE7,
	0xFF, 0xFF, 0xFF, 0xFF, 0xFF, 0xFF, 0xFF, 0xFF, 0xFF, 0xFF, 0xFF, 0xFF, 0xFF, 0xFF, 0xFF, 0xFF,
	0xFF, 0xFF, 0x9B, 0xB6, 0x56, 0x2C, 0x94, 0x03, 0x94, 0x03, 0xB4, 0x0B, 0xB4, 0x03, 0xB4, 0x03,
	0x94, 0x03, 0x95, 0x03, 0x94, 0x0B, 0xB4, 0x0B, 0x94, 0x0B, 0x94, 0x0B, 0xB4, 0x03, 0x12, 0x03,
	0x37, 0x75, 0xFF, 0xFF, 0xFF, 0xFF, 0xFF, 0xFF, 0xFF, 0xFF, 0xFF, 0xFF, 0xFF, 0xFF, 0xFF, 0xFF,
	0xFF, 0xFF, 0xFF, 0xFF, 0xFF, 0xFF, 0xFF, 0xFF, 0xFF, 0xFF, 0xFF, 0xFF, 0xFF, 0xFF, 0xFF, 0xFF,
	0xFF, 0xFF, 0xFF, 0xFF, 0xFF, 0xFF, 0xFF, 0xFF, 0xFF, 0xFF, 0xFF, 0xFF, 0xFF, 0xFF, 0xFF, 0xFF,
	0xFF, 0xFF, 0xFF, 0xFF, 0xFF, 0xFF, 0xFF, 0xFF, 0xFF, 0xFF, 0xFF, 0xFF, 0xFF, 0xFF, 0xFF, 0xFF,
	0xFF, 0xFF, 0xFF, 0xFF, 0xFF, 0xFF, 0xFF, 0xFF, 0xFF, 0xFF, 0xFF, 0xFF, 0xFF, 0xFF, 0xFF, 0xFF,
	0xFF, 0xFF, 0xFF, 0xFF, 0xFF, 0xFF, 0xFF, 0xFF, 0x9C, 0xA6, 0x6E, 0x02, 0x6E, 0x0A, 0x6D, 0x12,
	0x8D, 0x1A, 0x6D, 0x12, 0x8E, 0x12, 0x8E, 0x12, 0xAE, 0x12, 0x8E, 0x12, 0xAF, 0x12, 0x8E, 0x12,
	0xAE, 0x12, 0xAE, 0x12, 0xF0, 0x22, 0x30, 0x33, 0x72, 0x3B, 0x51, 0x3B, 0x51, 0x3B, 0x51, 0x33,
	0x52, 0x3B, 0x51, 0x33, 0xB4, 0x3B, 0xF4, 0x4B, 0xFF, 0xFF, 0xFF, 0xFF, 0xFF, 0xFF, 0xFF, 0xFF,
	0xFF, 0xFF, 0xFF, 0xFF, 0xFF, 0xFF, 0xFF, 0xFF, 0xFF, 0xFF, 0xFF, 0xFF, 0xFF, 0xFF, 0xFF, 0xFF,
	0xFF, 0xFF, 0xFF, 0xFF, 0xDD, 0xC6, 0xB7, 0x4C, 0xF5, 0x3B, 0x94, 0x3B, 0xD5, 0x3B, 0xB4, 0x33,
	0xD4, 0x3B, 0xD4, 0x3B, 0xF5, 0x3B, 0xD4, 0x3B, 0xF5, 0x3B, 0xF5, 0x3B, 0x15, 0x3C, 0xF5, 0x3B,
	0xF5, 0x3B, 0xF5, 0x3B, 0x16, 0x3C, 0x15, 0x3C, 0x16, 0x3C, 0x16, 0x3C, 0x36, 0x3C, 0x9B, 0xAE,
	0xFF, 0xFF, 0xFF, 0xFF, 0xFF, 0xFF, 0xFF, 0xFF, 0xFF, 0xFF, 0xFF, 0xFF, 0xFF, 0xFF, 0xFF, 0xFF,
	0xFF, 0xFF, 0x5E, 0xD7, 0xF8, 0x5C, 0xF5, 0x23, 0xD4, 0x1B, 0x73, 0x0B, 0x94, 0x0B, 0xB3, 0x03,
	0xD5, 0x03, 0xB4, 0x03, 0x94, 0x03, 0x94, 0x0B, 0x94, 0x0B, 0x74, 0x0B, 0x74, 0x0B, 0x33, 0x03,
	0x10, 0x2B, 0xFF, 0xFF, 0xFF, 0xFF, 0xFF, 0xFF, 0xFF, 0xFF, 0xFF, 0xFF, 0xFF, 0xFF, 0xFF, 0xFF,
	0xFF, 0xFF, 0xFF, 0xFF, 0xFF, 0xFF, 0xFF, 0xFF, 0xFF, 0xFF, 0xFF, 0xFF, 0xFF, 0xFF, 0xFF, 0xFF,
	0xFF, 0xFF, 0xFF, 0xFF, 0xFF, 0xFF, 0xFF, 0xFF, 0xFF, 0xFF, 0xFF, 0xFF, 0xFF, 0xFF, 0xFF, 0xFF,
	0xFF, 0xFF, 0xFF, 0xFF, 0xFF, 0xFF, 0xFF, 0xFF, 0xFF, 0xFF, 0xFF, 0xFF, 0xFF, 0xFF, 0xFF, 0xFF,
	0xFF, 0xFF, 0xFF, 0xFF, 0xFF, 0xFF, 0xFF, 0xFF, 0xFF, 0xFF, 0xFF, 0xFF, 0xFF, 0xFF, 0xFF, 0xFF,
	0xFF, 0xFF, 0xFF, 0xFF, 0xFF, 0xFF, 0xFF, 0xFF, 0x3D, 0xD7, 0xF1, 0x12, 0x6E, 0x0A, 0x8E, 0x1A,
	0x8D, 0x12, 0x8E, 0x1A, 0x8E, 0x12, 0x8F, 0x12, 0x8E, 0x12, 0xAF, 0x1A, 0x8E, 0x12, 0xAF, 0x22,
	0x10, 0x2B, 0x52, 0x3B, 0x51, 0x33, 0x51, 0x3B, 0x50, 0x3B, 0x51, 0x3B, 0x51, 0x3B, 0x72, 0x3B,
	0x72, 0x33, 0xB4, 0x33, 0x52, 0x2B, 0x5E, 0xD7, 0xFF, 0xFF, 0xFF, 0xFF, 0xFF, 0xFF, 0xFF, 0xFF,
	0xFF, 0xFF, 0xFF, 0xFF, 0xFF, 0xFF, 0xFF, 0xFF, 0xFF, 0xFF, 0xFF, 0xFF, 0xFF, 0xFF, 0xFF, 0xFF,
	0xFF, 0xFF, 0xFF, 0xFF, 0x35, 0x4C, 0x77, 0x44, 0xB3, 0x3B, 0xD4, 0x3B, 0xD4, 0x3B, 0xF5, 0x3B,
	0xD4, 0x3B, 0xF5, 0x43, 0xD4, 0x3B, 0xF5, 0x43, 0xF5, 0x3B, 0xF6, 0x3B, 0xF5, 0x3B, 0x36, 0x3C,
	0x15, 0x3C, 0x36, 0x3C, 0x16, 0x3C, 0x36, 0x3C, 0x16, 0x3C, 0x36, 0x3C, 0xF6, 0x33, 0x7A, 0x7D,
	0xFF, 0xFF, 0xFF, 0xFF, 0xFF, 0xFF, 0xFF, 0xFF, 0xFF, 0xFF, 0xFF, 0xFF, 0xFF, 0xFF, 0xFF, 0xFF,
	0xFF, 0xFF, 0xFF, 0xFF, 0x96, 0x64, 0x36, 0x3C, 0x36, 0x3C, 0x57, 0x34, 0xF5, 0x23, 0x94, 0x13,
	0x93, 0x0B, 0xB5, 0x0B, 0xB4, 0x03, 0xB4, 0x0B, 0x93, 0x03, 0xB4, 0x13, 0x94, 0x0B, 0x94, 0x13,
	0xAA, 0x01, 0xFF, 0xFF, 0xFF, 0xFF, 0xFF, 0xFF, 0xFF, 0xFF, 0xFF, 0xFF, 0xFF, 0xFF, 0xFF, 0xFF,
	0xFF, 0xFF, 0xFF, 0xFF, 0xFF, 0xFF, 0xFF, 0xFF, 0xFF, 0xFF, 0xFF, 0xFF, 0xFF, 0xFF, 0xFF, 0xFF,
	0xFF, 0xFF, 0xFF, 0xFF, 0xFF, 0xFF, 0xFF, 0xFF, 0xFF, 0xFF, 0xFF, 0xFF, 0xFF, 0xFF, 0xFF, 0xFF,
	0xFF, 0xFF, 0xFF, 0xFF, 0xFF, 0xFF, 0xFF, 0xFF, 0xFF, 0xFF, 0xFF, 0xFF, 0xFF, 0xFF, 0xFF, 0xFF,
	0xFF, 0xFF, 0xFF, 0xFF, 0xFF, 0xFF, 0xFF, 0xFF, 0xFF, 0xFF, 0xFF, 0xFF, 0xFF, 0xFF, 0xFF, 0xFF,
	0xFF, 0xFF, 0xFF, 0xFF, 0xFF, 0xFF, 0xFF, 0xFF, 0xFF, 0xFF, 0xF4, 0x2B, 0xAF, 0x0A, 0x6D, 0x12,
	0x8D, 0x1A, 0x8D, 0x12, 0x8E, 0x1A, 0x6E, 0x12, 0x8E, 0x1A, 0xAF, 0x1A, 0x30, 0x33, 0x31, 0x33,
	0x31, 0x3B, 0x10, 0x33, 0x31, 0x3B, 0x51, 0x33, 0x51, 0x3B, 0x51, 0x33, 0x72, 0x33, 0x51, 0x3B,
	0x52, 0x33, 0xF6, 0x33, 0x78, 0x85, 0xFF, 0xFF, 0xFF, 0xFF, 0xFF, 0xFF, 0xFF, 0xFF, 0xFF, 0xFF,
	0xFF, 0xFF, 0xFF, 0xFF, 0xFF, 0xFF, 0xFF, 0xFF, 0xFF, 0xFF, 0xFF, 0xFF, 0xFF, 0xFF, 0xFF, 0xFF,
	0xFF, 0xFF, 0x57, 0x7D, 0x57, 0x3C, 0xB4, 0x33, 0xD4, 0x3B, 0xD4, 0x33, 0xF4, 0x3B, 0xD4, 0x33,
	0xF4, 0x3B, 0xD4, 0x33, 0xF5, 0x3B, 0xF5, 0x3B, 0x15, 0x3C, 0xF5, 0x3B, 0x15, 0x3C, 0xF5, 0x3B,
	0x36, 0x3C, 0x15, 0x3C, 0x36, 0x3C, 0x15, 0x3C, 0x36, 0x44, 0x16, 0x3C, 0x37, 0x3C, 0xD4, 0x33,
	0xFF, 0xFF, 0xFF, 0xFF, 0xFF, 0xFF, 0xFF, 0xFF, 0xFF, 0xFF, 0xFF, 0xFF, 0xFF, 0xFF, 0xFF, 0xFF,
	0xFF, 0xFF, 0xFF, 0xFF, 0x17, 0x7D, 0x56, 0x3C, 0x36, 0x3C, 0x15, 0x3C, 0x36, 0x3C, 0x16, 0x3C,
	0x16, 0x34, 0x73, 0x0B, 0x94, 0x03, 0xB4, 0x03, 0xB4, 0x03, 0x93, 0x03, 0xB4, 0x0B, 0xB3, 0x0B,
	0x2C, 0x02, 0x9B, 0xB6, 0xFF, 0xFF, 0xFF, 0xFF, 0xFF, 0xFF, 0xFF, 0xFF, 0xFF, 0xFF, 0xFF, 0xFF,
	0xFF, 0xFF, 0xFF, 0xFF, 0xFF, 0xFF, 0xFF, 0xFF, 0xFF, 0xFF, 0xFF, 0xFF, 0xFF, 0xFF, 0xFF, 0xFF,
	0xFF, 0xFF, 0xFF, 0xFF, 0xFF, 0xFF, 0xFF, 0xFF, 0xFF, 0xFF, 0xFF, 0xFF, 0xFF, 0xFF, 0xFF, 0xFF,
	0xFF, 0xFF, 0xFF, 0xFF, 0xFF, 0xFF, 0xFF, 0xFF, 0xFF, 0xFF, 0xFF, 0xFF, 0xFF, 0xFF, 0xFF, 0xFF,
	0xFF, 0xFF, 0xFF, 0xFF, 0xFF, 0xFF, 0xFF, 0xFF, 0xFF, 0xFF, 0xFF, 0xFF, 0xFF, 0xFF, 0xFF, 0xFF,
	0xFF, 0xFF, 0xFF, 0xFF, 0xFF, 0xFF, 0xFF, 0xFF, 0xFF, 0xFF, 0xD7, 0x54, 0xF0, 0x02, 0x8D, 0x1A,
	0x6D, 0x12, 0xAE, 0x1A, 0x6D, 0x1A, 0xAF, 0x2A, 0x10, 0x33, 0x31, 0x3B, 0x10, 0x33, 0x31, 0x3B,
	0x30, 0x33, 0x51, 0x3B, 0x31, 0x3B, 0x52, 0x3B, 0x51, 0x33, 0x91, 0x3B, 0x52, 0x33, 0x73, 0x3B,
	0x15, 0x34, 0xF4, 0x43, 0xFF, 0xFF, 0xFF, 0xFF, 0xFF, 0xFF, 0xFF, 0xFF, 0xFF, 0xFF, 0xFF, 0xFF,
	0xFF, 0xFF, 0xFF, 0xFF, 0xFF, 0xFF, 0xFF, 0xFF, 0xFF, 0xFF, 0xFF, 0xFF, 0xFF, 0xFF, 0xFF, 0xFF,
	0x9F, 0xDF, 0x94, 0x2B, 0x15, 0x34, 0xB4, 0x3B, 0xB4, 0x3B, 0xF5, 0x3B, 0xD4, 0x3B, 0xF5, 0x3B,
	0xF5, 0x3B, 0x15, 0x3C, 0xF5, 0x3B, 0x16, 0x44, 0xF5, 0x3B, 0x16, 0x44, 0x15, 0x3C, 0x36, 0x3C,
	0x16, 0x3C, 0x36, 0x3C, 0x16, 0x3C, 0x36, 0x44, 0x36, 0x3C, 0x37, 0x44, 0x36, 0x3C, 0xB4, 0x2B,
	0xDF, 0xEF, 0xFF, 0xFF, 0xFF, 0xFF, 0xFF, 0xFF, 0xFF, 0xFF, 0xFF, 0xFF, 0xFF, 0xFF, 0xFF, 0xFF,
	0xFF, 0xFF, 0xFF, 0xFF, 0x3B, 0xA6, 0x57, 0x3C, 0x35, 0x3C, 0x56, 0x44, 0x16, 0x3C, 0x16, 0x44,
	0xF6, 0x3B, 0x57, 0x44, 0x15, 0x2C, 0xB4, 0x13, 0x93, 0x03, 0x94, 0x0B, 0x94, 0x03, 0xD4, 0x13,
	0x8F, 0x02, 0xD5, 0x74, 0xFF, 0xFF, 0xFF, 0xFF, 0xFF, 0xFF, 0xFF, 0xFF, 0xFF, 0xFF, 0xFF, 0xFF,
	0xFF, 0xFF, 0xFF, 0xFF, 0xFF, 0xFF, 0xFF, 0xFF, 0xFF, 0xFF, 0xFF, 0xFF, 0xFF, 0xFF, 0xFF, 0xFF,
	0xFF, 0xFF, 0xFF, 0xFF, 0xFF, 0xFF, 0xFF, 0xFF, 0xFF, 0xFF, 0xFF, 0xFF, 0xFF, 0xFF, 0xFF, 0xFF,
	0xFF, 0xFF, 0xFF, 0xFF, 0xFF, 0xFF, 0xFF, 0xFF, 0xFF, 0xFF, 0xFF, 0xFF, 0xFF, 0xFF, 0xFF, 0xFF,
	0xFF, 0xFF, 0xFF, 0xFF, 0xFF, 0xFF, 0xFF, 0xFF, 0xFF, 0xFF, 0xFF, 0xFF, 0xFF, 0xFF, 0xFF, 0xFF,
	0xFF, 0xFF, 0xFF, 0xFF, 0xFF, 0xFF, 0xFF, 0xFF, 0xFF, 0xFF, 0x9D, 0x96, 0x31, 0x13, 0x4D, 0x0A,
	0x4D, 0x1A, 0xAE, 0x1A, 0x30, 0x33, 0x10, 0x33, 0x10, 0x33, 0x10, 0x33, 0x10, 0x33, 0x30, 0x33,
	0x31, 0x3B, 0x30, 0x33, 0x51, 0x3B, 0x31, 0x33, 0x52, 0x33, 0x50, 0x33, 0x72, 0x3B, 0x52, 0x2B,
	0x15, 0x3C, 0xDD, 0xBE, 0xFF, 0xFF, 0xFF, 0xFF, 0xFF, 0xFF, 0xFF, 0xFF, 0xFF, 0xFF, 0xFF, 0xFF,
	0xFF, 0xFF, 0xFF, 0xFF, 0xFF, 0xFF, 0xFF, 0xFF, 0xFF, 0xFF, 0xFF, 0xFF, 0xFF, 0xFF, 0xFF, 0xFF,
	0xF4, 0x4B, 0x15, 0x3C, 0xB4, 0x33, 0xB4, 0x33, 0xD5, 0x3B, 0xD4, 0x33, 0xD5, 0x3B, 0xD4, 0x3B,
	0xF5, 0x3B, 0xF4, 0x3B, 0x15, 0x3C, 0xF5, 0x3B, 0x15, 0x3C, 0x15, 0x3C, 0x16, 0x3C, 0x15, 0x3C,
	0x36, 0x3C, 0x36, 0x3C, 0x36, 0x3C, 0x16, 0x3C, 0x36, 0x3C, 0x16, 0x3C, 0x57, 0x3C, 0xB4, 0x2B,
	0x3A, 0xB6, 0xFF, 0xFF, 0xFF, 0xFF, 0xFF, 0xFF, 0xFF, 0xFF, 0xFF, 0xFF, 0xFF, 0xFF, 0xFF, 0xFF,
	0xFF, 0xFF, 0xFF, 0xFF, 0xFD, 0xC6, 0x35, 0x3C, 0x56, 0x3C, 0x16, 0x3C, 0x37, 0x3C, 0x35, 0x34,
	0x36, 0x3C, 0x15, 0x34, 0x16, 0x3C, 0x16, 0x3C, 0xF6, 0x33, 0x94, 0x13, 0x93, 0x03, 0xB4, 0x03,
	0x11, 0x03, 0x0F, 0x33, 0xFF, 0xFF, 0xFF, 0xFF, 0xFF, 0xFF, 0xFF, 0xFF, 0xFF, 0xFF, 0xFF, 0xFF,
	0xFF, 0xFF, 0xFF, 0xFF, 0xFF, 0xFF, 0xFF, 0xFF, 0xFF, 0xFF, 0xFF, 0xFF, 0xFF, 0xFF, 0xFF, 0xFF,
	0xFF, 0xFF, 0xFF, 0xFF, 0xFF, 0xFF, 0xFF, 0xFF, 0xFF, 0xFF, 0xFF, 0xFF, 0xFF, 0xFF, 0xFF, 0xFF,
	0xFF, 0xFF, 0xFF, 0xFF, 0xFF, 0xFF, 0xFF, 0xFF, 0xFF, 0xFF, 0xFF, 0xFF, 0xFF, 0xFF, 0xFF, 0xFF,
	0xFF, 0xFF, 0xFF, 0xFF, 0xFF, 0xFF, 0xFF, 0xFF, 0xFF, 0xFF, 0xFF, 0xFF, 0xFF, 0xFF, 0xFF, 0xFF,
	0xFF, 0xFF, 0xFF, 0xFF, 0xFF, 0xFF, 0xFF, 0xFF, 0xFF, 0xFF, 0x9E, 0xDF, 0x31, 0x1B, 0x8F, 0x1A,
	0xEF, 0x32, 0x30, 0x3B, 0xEF, 0x32, 0x10, 0x3B, 0x10, 0x33, 0x10, 0x33, 0x10, 0x33, 0x31, 0x3B,
	0x31, 0x33, 0x51, 0x3B, 0x51, 0x33, 0x52, 0x3B, 0x51, 0x3B, 0x72, 0x3B, 0x31, 0x33, 0x77, 0x4C,
	0xD7, 0x6C, 0xFF, 0xFF, 0xFF, 0xFF, 0xFF, 0xFF, 0xFF, 0xFF, 0xFF, 0xFF, 0xFF, 0xFF, 0xFF, 0xFF,
	0xFF, 0xFF, 0xFF, 0xFF, 0xFF, 0xFF, 0xFF, 0xFF, 0xFF, 0xFF, 0xFF, 0xFF, 0xFF, 0xFF, 0xFA, 0x9D,
	0xB4, 0x2B, 0xF4, 0x3B, 0xD4, 0x33, 0xF5, 0x3B, 0xD4, 0x3B, 0xF5, 0x3B, 0xD4, 0x3B, 0xF5, 0x3B,
	0xF5, 0x3B, 0x15, 0x3C, 0x15, 0x3C, 0x16, 0x3C, 0x15, 0x3C, 0x36, 0x3C, 0x16, 0x3C, 0x36, 0x44,
	0x36, 0x3C, 0x36, 0x44, 0x36, 0x3C, 0x37, 0x44, 0x36, 0x3C, 0x57, 0x44, 0x57, 0x3C, 0xD5, 0x33,
	0x38, 0x85, 0xFF, 0xFF, 0xFF, 0xFF, 0xFF, 0xFF, 0xFF, 0xFF, 0xFF, 0xFF, 0xFF, 0xFF, 0xFF, 0xFF,
	0xFF, 0xFF, 0xFF, 0xFF, 0xFF, 0xF7, 0x35, 0x44, 0x37, 0x34, 0x57, 0x44, 0x36, 0x3C, 0x57, 0x3C,
	0x36, 0x3C, 0x36, 0x3C, 0x16, 0x3C, 0x36, 0x44, 0x16, 0x3C, 0x37, 0x3C, 0xF5, 0x2B, 0x73, 0x13,
	0x72, 0x0B, 0x28, 0x01, 0xFF, 0xFF, 0xFF, 0xFF, 0xFF, 0xFF, 0xFF, 0xFF, 0xFF, 0xFF, 0xFF, 0xFF,
	0xFF, 0xFF, 0xFF, 0xFF, 0xFF, 0xFF, 0xFF, 0xFF, 0xFF, 0xFF, 0xFF, 0xFF, 0xFF, 0xFF, 0xFF, 0xFF,
	0xFF, 0xFF, 0xFF, 0xFF, 0xFF, 0xFF, 0xFF, 0xFF, 0xFF, 0xFF, 0xFF, 0xFF, 0xFF, 0xFF, 0xFF, 0xFF,
	0xFF, 0xFF, 0xFF, 0xFF, 0xFF, 0xFF, 0xFF, 0xFF, 0xFF, 0xFF, 0xFF, 0xFF, 0xFF, 0xFF, 0xFF, 0xFF,
	0xFF, 0xFF, 0xFF, 0xFF, 0xFF, 0xFF, 0xFF, 0xFF, 0xFF, 0xFF, 0xFF, 0xFF, 0xFF, 0xFF, 0xFF, 0xFF,
	0xFF, 0xFF, 0xFF, 0xFF, 0xFF, 0xFF, 0xFF, 0xFF, 0xFF, 0xFF, 0xFF, 0xF7, 0xD7, 0x5C, 0x52, 0x2B,
	0xF0, 0x3A, 0xCF, 0x32, 0x10, 0x33, 0xF0, 0x32, 0x10, 0x33, 0x10, 0x33, 0x30, 0x3B, 0x10, 0x33,
	0x51, 0x3B, 0x31, 0x33, 0x51, 0x33, 0x51, 0x33, 0x51, 0x3B, 0x31, 0x33, 0xF5, 0x3B, 0x15, 0x4C,
	0xFF, 0xF7, 0xFF, 0xFF, 0xFF, 0xFF, 0xFF, 0xFF, 0xFF, 0xFF, 0xFF, 0xFF, 0xFF, 0xFF, 0xFF, 0xFF,
	0xFF, 0xFF, 0xFF, 0xFF, 0xFF, 0xFF, 0xFF, 0xFF, 0xFF, 0xFF, 0xFF, 0xFF, 0xDF, 0xEF, 0x31, 0x2B,
	0xF5, 0x33, 0x93, 0x33, 0xF5, 0x3B, 0xD4, 0x33, 0xF4, 0x3B, 0xD4, 0x33, 0xF5, 0x3B, 0xF5, 0x3B,
	0xF5, 0x3B, 0x15, 0x3C, 0x15, 0x3C, 0x15, 0x3C, 0x36, 0x3C, 0x15, 0x3C, 0x36, 0x3C, 0x36, 0x3C,
	0x36, 0x44, 0x36, 0x3C, 0x57, 0x3C, 0x36, 0x3C, 0x57, 0x44, 0x56, 0x3C, 0x57, 0x3C, 0x16, 0x34,
	0x72, 0x3B, 0xFF, 0xFF, 0xFF, 0xFF, 0xFF, 0xFF, 0xFF, 0xFF, 0xFF, 0xFF, 0xFF, 0xFF, 0xFF, 0xFF,
	0xFF, 0xFF, 0xFF, 0xFF, 0xFF, 0xFF, 0x34, 0x54, 0x57, 0x34, 0x36, 0x3C, 0x37, 0x3C, 0x36, 0x3C,
	0x37, 0x44, 0x16, 0x3C, 0x35, 0x3C, 0x15, 0x34, 0x36, 0x3C, 0x15, 0x3C, 0x16, 0x44, 0x36, 0x3C,
	0xF5, 0x2B, 0x28, 0x01, 0xFD, 0xCE, 0xFF, 0xFF, 0xFF, 0xFF, 0xFF, 0xFF, 0xFF, 0xFF, 0xFF, 0xFF,
	0xFF, 0xFF, 0xFF, 0xFF, 0xFF, 0xFF, 0xFF, 0xFF, 0xFF, 0xFF, 0xFF, 0xFF, 0xFF, 0xFF, 0xFF, 0xFF,
	0xFF, 0xFF, 0xFF, 0xFF, 0xFF, 0xFF, 0xFF, 0xFF, 0xFF, 0xFF, 0xFF, 0xFF, 0xFF, 0xFF, 0xFF, 0xFF,
	0xFF, 0xFF, 0xFF, 0xFF, 0xFF, 0xFF, 0xFF, 0xFF, 0xFF, 0xFF, 0xFF, 0xFF, 0xFF, 0xFF, 0xFF, 0xFF,
	0xFF, 0xFF, 0xFF, 0xFF, 0xFF, 0xFF, 0xFF, 0xFF, 0xFF, 0xFF, 0xFF, 0xFF, 0xFF, 0xFF, 0xFF, 0xFF,
	0xFF, 0xFF, 0xFF, 0xFF, 0xFF, 0xFF, 0xFF, 0xFF, 0xFF, 0xFF, 0xFF, 0xFF, 0x99, 0x85, 0x93, 0x33,
	0xCF, 0x32, 0x10, 0x3B, 0xEF, 0x32, 0x10, 0x3B, 0x10, 0x33, 0x11, 0x3B, 0x30, 0x33, 0x51, 0x3B,
	0x31, 0x33, 0x51, 0x3B, 0x51, 0x33, 0x72, 0x3B, 0x31, 0x3B, 0x52, 0x33, 0x77, 0x4C, 0x7C, 0xAE,
	0xFF, 0xFF, 0xFF, 0xFF, 0xFF, 0xFF, 0xFF, 0xFF, 0xFF, 0xFF, 0xFF, 0xFF, 0xFF, 0xFF, 0xFF, 0xFF,
	0xFF, 0xFF, 0xFF, 0xFF, 0xFF, 0xFF, 0xFF, 0xFF, 0xFF, 0xFF, 0xFF, 0xFF, 0x34, 0x5C, 0xD4, 0x33,
	0xD4, 0x33, 0xD5, 0x43, 0xB4, 0x3B, 0xF4, 0x3B, 0xF4, 0x33, 0xF5, 0x3B, 0xF5, 0x3B, 0x15, 0x3C,
	0x15, 0x3C, 0x16, 0x3C, 0x15, 0x3C, 0x36, 0x3C, 0x16, 0x3C, 0x36, 0x44, 0x36, 0x3C, 0x57, 0x44,
	0x36, 0x3C, 0x57, 0x44, 0x57, 0x3C, 0x57, 0x44, 0x37, 0x3C, 0x57, 0x44, 0x57, 0x3C, 0x78, 0x44,
	0x6F, 0x0A, 0xFF, 0xFF, 0xFF, 0xFF, 0xFF, 0xFF, 0xFF, 0xFF, 0xFF, 0xFF, 0xFF, 0xFF, 0xFF, 0xFF,
	0xFF, 0xFF, 0xFF, 0xFF, 0xFF, 0xFF, 0xDA, 0x95, 0xD5, 0x2B, 0x77, 0x44, 0x36, 0x3C, 0x57, 0x3C,
	0x36, 0x3C, 0x37, 0x44, 0x16, 0x3C, 0x36, 0x3C, 0x15, 0x3C, 0x36, 0x44, 0x15, 0x3C, 0x16, 0x3C,
	0x36, 0x3C, 0xF0, 0x22, 0x93, 0x7C, 0xFF, 0xFF, 0xFF, 0xFF, 0xFF, 0xFF, 0xFF, 0xFF, 0xFF, 0xFF,
	0xFF, 0xFF, 0xFF, 0xFF, 0xFF, 0xFF, 0xFF, 0xFF, 0xFF, 0xFF, 0xFF, 0xFF, 0xFF, 0xFF, 0xFF, 0xFF,
	0xFF, 0xFF, 0xFF, 0xFF, 0xFF, 0xFF, 0xFF, 0xFF, 0xFF, 0xFF, 0xFF, 0xFF, 0xFF, 0xFF, 0xFF, 0xFF,
	0xFF, 0xFF, 0xFF, 0xFF, 0xFF, 0xFF, 0xFF, 0xFF, 0xFF, 0xFF, 0xFF, 0xFF, 0xFF, 0xFF, 0xFF, 0xFF,
	0xFF, 0xFF, 0xFF, 0xFF, 0xFF, 0xFF, 0xFF, 0xFF, 0xFF, 0xFF, 0xFF, 0xFF, 0xFF, 0xFF, 0xFF, 0xFF,
	0xFF, 0xFF, 0xFF, 0xFF, 0xFF, 0xFF, 0xFF, 0xFF, 0xFF, 0xFF, 0xFF, 0xFF, 0x9C, 0xB6, 0x14, 0x44,
	0xAF, 0x2A, 0xEF, 0x32, 0x10, 0x3B, 0xF0, 0x32, 0x10, 0x3B, 0x10, 0x33, 0x31, 0x3B, 0x30, 0x33,
	0x31, 0x3B, 0x31, 0x33, 0x51, 0x3B, 0x50, 0x33, 0x52, 0x3B, 0xD3, 0x3B, 0xB7, 0x64, 0xFF, 0xFF,
	0xFF, 0xFF, 0xFF, 0xFF, 0xFF, 0xFF, 0xFF, 0xFF, 0xFF, 0xFF, 0xFF, 0xFF, 0xFF, 0xFF, 0xFF, 0xFF,
	0xFF, 0xFF, 0xFF, 0xFF, 0xFF, 0xFF, 0xFF, 0xFF, 0xFF, 0xFF, 0x5A, 0xAE, 0x11, 0x23, 0xB3, 0x33,
	0xD4, 0x3B, 0xD4, 0x33, 0xD4, 0x43, 0xD4, 0x3B, 0xF4, 0x3B, 0xD4, 0x3B, 0x15, 0x3C, 0xF4, 0x3B,
	0x16, 0x3C, 0xF5, 0x3B, 0x16, 0x3C, 0x15, 0x34, 0x36, 0x3C, 0x36, 0x3C, 0x57, 0x3C, 0x36, 0x3C,
	0x57, 0x3C, 0x36, 0x3C, 0x57, 0x44, 0x36, 0x3C, 0x57, 0x3C, 0x57, 0x3C, 0x57, 0x3C, 0x77, 0x3C,
	0x32, 0x23, 0x5A, 0xB6, 0xFF, 0xFF, 0xFF, 0xFF, 0xFF, 0xFF, 0xFF, 0xFF, 0xFF, 0xFF, 0xFF, 0xFF,
	0xFF, 0xFF, 0xFF, 0xFF, 0xFF, 0xFF, 0xBB, 0xBE, 0x93, 0x2B, 0x36, 0x3C, 0x57, 0x44, 0x56, 0x3C,
	0x57, 0x3C, 0x36, 0x3C, 0x36, 0x3C, 0x16, 0x3C, 0x16, 0x44, 0x15, 0x3C, 0x36, 0x3C, 0x15, 0x3C,
	0x15, 0x3C, 0x72, 0x33, 0xF2, 0x63, 0xFF, 0xFF, 0xFF, 0xFF, 0xFF, 0xFF, 0xFF, 0xFF, 0xFF, 0xFF,
	0xFF, 0xFF, 0xFF, 0xFF, 0xFF, 0xFF, 0xFF, 0xFF, 0xFF, 0xFF, 0xFF, 0xFF, 0xFF, 0xFF, 0xFF, 0xFF,
	0xFF, 0xFF, 0xFF, 0xFF, 0xFF, 0xFF, 0xFF, 0xFF, 0xFF, 0xFF, 0xFF, 0xFF, 0xFF, 0xFF, 0xFF, 0xFF,
	0xFF, 0xFF, 0xFF, 0xFF, 0xFF, 0xFF, 0xFF, 0xFF, 0xFF, 0xFF, 0xFF, 0xFF, 0xFF, 0xFF, 0xFF, 0xFF,
	0xFF, 0xFF, 0xFF, 0xFF, 0xFF, 0xFF, 0xFF, 0xFF, 0xFF, 0xFF, 0xFF, 0xFF, 0xFF, 0xFF, 0xFF, 0xFF,
	0xFF, 0xFF, 0xFF, 0xFF, 0xFF, 0xFF, 0xFF, 0xFF, 0xFF, 0xFF, 0xFF, 0xFF, 0xBF, 0xE7, 0x76, 0x5C,
	0xAF, 0x22, 0x10, 0x3B, 0xF0, 0x32, 0x11, 0x3B, 0x10, 0x33, 0x31, 0x3B, 0x30, 0x33, 0x31, 0x3B,
	0x51, 0x3B, 0x52, 0x3B, 0x51, 0x33, 0x72, 0x3B, 0x11, 0x33, 0x77, 0x54, 0x9B, 0xB6, 0xFF, 0xFF,
	0xFF, 0xFF, 0xFF, 0xFF, 0xFF, 0xFF, 0xFF, 0xFF, 0xFF, 0xFF, 0xFF, 0xFF, 0xFF, 0xFF, 0xFF, 0xFF,
	0xFF, 0xFF, 0xFF, 0xFF, 0xFF, 0xFF, 0xFF, 0xFF, 0xFF, 0xEF, 0x51, 0x33, 0xB3, 0x33, 0xD4, 0x3B,
	0xD4, 0x3B, 0xF4, 0x3B, 0xD4, 0x3B, 0xF5, 0x43, 0xF4, 0x3B, 0xF5, 0x3B, 0xF5, 0x3B, 0x16, 0x44,
	0x15, 0x3C, 0x36, 0x3C, 0x16, 0x3C, 0x36, 0x3C, 0x36, 0x3C, 0x37, 0x3C, 0x36, 0x3C, 0x57, 0x44,
	0x57, 0x3C, 0x57, 0x44, 0x57, 0x3C, 0x78, 0x44, 0x57, 0x3C, 0x57, 0x3C, 0x77, 0x3C, 0x78, 0x44,
	0x92, 0x2B, 0xF6, 0x7C, 0xFF, 0xFF, 0xFF, 0xFF, 0xFF, 0xFF, 0xFF, 0xFF, 0xFF, 0xFF, 0xFF, 0xFF,
	0xFF, 0xFF, 0xFF, 0xFF, 0xFF, 0xFF, 0xBF, 0xEF, 0x92, 0x33, 0x57, 0x3C, 0x36, 0x3C, 0x57, 0x44,
	0x56, 0x3C, 0x57, 0x3C, 0x36, 0x3C, 0x36, 0x44, 0x16, 0x3C, 0x36, 0x3C, 0x16, 0x3C, 0x36, 0x44,
	0x16, 0x3C, 0xD5, 0x3B, 0xAD, 0x32, 0xFF, 0xFF, 0xFF, 0xFF, 0xFF, 0xFF, 0xFF, 0xFF, 0xFF, 0xFF,
	0xFF, 0xFF, 0xFF, 0xFF, 0xFF, 0xFF, 0xFF, 0xFF, 0xFF, 0xFF, 0xFF, 0xFF, 0xFF, 0xFF, 0xFF, 0xFF,
	0xFF, 0xFF, 0xFF, 0xFF, 0xFF, 0xFF, 0xFF, 0xFF, 0xFF, 0xFF, 0xFF, 0xFF, 0xFF, 0xFF, 0xFF, 0xFF,
	0xFF, 0xFF, 0xFF, 0xFF, 0xFF, 0xFF, 0xFF, 0xFF, 0xFF, 0xFF, 0xFF, 0xFF, 0xFF, 0xFF, 0xFF, 0xFF,
	0xFF, 0xFF, 0xFF, 0xFF, 0xFF, 0xFF, 0xFF, 0xFF, 0xFF, 0xFF, 0xFF, 0xFF, 0xFF, 0xFF, 0xFF, 0xFF,
	0xFF, 0xFF, 0xFF, 0xFF, 0xFF, 0xFF, 0xDF, 0xFF, 0xFF, 0xFF, 0xFF, 0xFF, 0xFF, 0xF7, 0xF7, 0x74,
	0x31, 0x33, 0xCF, 0x32, 0x10, 0x3B, 0xF0, 0x32, 0x10, 0x3B, 0x10, 0x33, 0x31, 0x3B, 0x30, 0x33,
	0x51, 0x3B, 0x31, 0x33, 0x51, 0x3B, 0x51, 0x33, 0x93, 0x3B, 0xD7, 0x64, 0xBF, 0xE7, 0xFF, 0xFF,
	0xFF, 0xFF, 0xFF, 0xFF, 0xFF, 0xFF, 0xFF, 0xFF, 0xFF, 0xFF, 0xFF, 0xFF, 0xFF, 0xFF, 0xFF, 0xFF,
	0xFF, 0xFF, 0xFF, 0xFF, 0xFF, 0xFF, 0xFF, 0xFF, 0x95, 0x6C, 0x30, 0x23, 0xB4, 0x3B, 0xB4, 0x33,
	0xD4, 0x3B, 0xD3, 0x33, 0x14, 0x34, 0xF4, 0x33, 0xD5, 0x43, 0xF4, 0x3B, 0x15, 0x3C, 0xF5, 0x3B,
	0x36, 0x3C, 0x15, 0x34, 0x36, 0x3C, 0x36, 0x3C, 0x36, 0x3C, 0x36, 0x3C, 0x57, 0x3C, 0x56, 0x3C,
	0x57, 0x3C, 0x37, 0x3C, 0x57, 0x44, 0x37, 0x3C, 0x57, 0x3C, 0x57, 0x3C, 0x77, 0x3C, 0x78, 0x3C,
	0xF4, 0x3B, 0x71, 0x43, 0xFF, 0xFF, 0xFF, 0xFF, 0xFF, 0xFF, 0xFF, 0xFF, 0xFF, 0xFF, 0xFF, 0xFF,
	0xFF, 0xFF, 0xFF, 0xFF, 0xFF, 0xFF, 0xFF, 0xFF, 0xB2, 0x43, 0x15, 0x34, 0x57, 0x44, 0x56, 0x3C,
	0x57, 0x3C, 0x36, 0x3C, 0x57, 0x44, 0x36, 0x3C, 0x57, 0x3C, 0x16, 0x3C, 0x16, 0x3C, 0x15, 0x3C,
	0x16, 0x3C, 0x16, 0x3C, 0x6C, 0x1A, 0x7E, 0xDF, 0xFF, 0xFF, 0xFF, 0xFF, 0xFF, 0xFF, 0xFF, 0xFF,
	0xFF, 0xFF, 0xFF, 0xFF, 0xFF, 0xFF, 0xFF, 0xFF, 0xFF, 0xFF, 0xFF, 0xFF, 0xFF, 0xFF, 0xFF, 0xFF,
	0xFF, 0xFF, 0xFF, 0xFF, 0xFF, 0xFF, 0xFF, 0xFF, 0xFF, 0xFF, 0xFF, 0xFF, 0xFF, 0xFF, 0xFF, 0xFF,
	0xFF, 0xFF, 0xFF, 0xFF, 0xFF, 0xFF, 0xFF, 0xFF, 0xFF, 0xFF, 0xFF, 0xFF, 0xFF, 0xFF, 0xFF, 0xFF,
	0xFF, 0xFF, 0xFF, 0xFF, 0xFF, 0xFF, 0xFF, 0xFF, 0xFF, 0xFF, 0xFF, 0xFF, 0xFF, 0xFF, 0xFF, 0xFF,
	0xFF, 0xFF, 0xFF, 0xFF, 0xFF, 0xFF, 0xFF, 0xFF, 0xFF, 0xFF, 0xFF, 0xFF, 0xFF, 0xFF, 0xFA, 0x9D,
	0xB3, 0x43, 0xF0, 0x3A, 0x10, 0x33, 0x31, 0x3B, 0x10, 0x33, 0x31, 0x3B, 0x31, 0x33, 0x51, 0x3B,
	0x31, 0x33, 0x72, 0x3B, 0x51, 0x3B, 0x72, 0x33, 0xF4, 0x43, 0x98, 0x95, 0xFF, 0xFF, 0xFF, 0xFF,
	0xFF, 0xFF, 0xFF, 0xFF, 0xFF, 0xFF, 0xFF, 0xFF, 0xFF, 0xFF, 0xFF, 0xFF, 0xFF, 0xFF, 0xFF, 0xFF,
	0xFF, 0xFF, 0xFF, 0xFF, 0xFF, 0xFF, 0xDD, 0xBE, 0xCF, 0x1A, 0xB4, 0x3B, 0xD4, 0x3B, 0xD4, 0x3B,
	0xD4, 0x3B, 0xF5, 0x3B, 0xD4, 0x3B, 0xF5, 0x3B, 0xF5, 0x3B, 0x15, 0x44, 0xF5, 0x3B, 0x16, 0x3C,
	0x16, 0x3C, 0x36, 0x3C, 0x36, 0x3C, 0x57, 0x44, 0x36, 0x3C, 0x57, 0x44, 0x57, 0x3C, 0x57, 0x3C,
	0x57, 0x3C, 0x78, 0x44, 0x57, 0x3C, 0x77, 0x3C, 0x77, 0x3C, 0x98, 0x44, 0x57, 0x44, 0x78, 0x44,
	0x97, 0x3C, 0x0C, 0x0A, 0xFF, 0xFF, 0xFF, 0xFF, 0xFF, 0xFF, 0xFF, 0xFF, 0xFF, 0xFF, 0xFF, 0xFF,
	0xFF, 0xFF, 0xFF, 0xFF, 0xFF, 0xFF, 0xFF, 0xFF, 0xF5, 0x84, 0x94, 0x2B, 0x78, 0x3C, 0x57, 0x44,
	0x57, 0x3C, 0x57, 0x44, 0x37, 0x3C, 0x57, 0x44, 0x36, 0x3C, 0x37, 0x44, 0x16, 0x3C, 0x16, 0x3C,
	0x15, 0x3C, 0x36, 0x44, 0x11, 0x2B, 0xB8, 0x95, 0xFF, 0xFF, 0xFF, 0xFF, 0xFF, 0xFF, 0xFF, 0xFF,
	0xFF, 0xFF, 0xFF, 0xFF, 0xFF, 0xFF, 0xFF, 0xFF, 0xFF, 0xFF, 0xFF, 0xFF, 0xFF, 0xFF, 0xFF, 0xFF,
	0xFF, 0xFF, 0xFF, 0xFF, 0xFF, 0xFF, 0xFF, 0xFF, 0xFF, 0xFF, 0xFF, 0xFF, 0xFF, 0xFF, 0xFF, 0xFF,
	0xFF, 0xFF, 0xFF, 0xFF, 0xFF, 0xFF, 0xFF, 0xFF, 0xFF, 0xFF, 0xFF, 0xFF, 0xFF, 0xFF, 0xFF, 0xFF,
	0xFF, 0xFF, 0xFF, 0xFF, 0xFF, 0xFF, 0xFF, 0xFF, 0xFF, 0xFF, 0xFF, 0xFF, 0xFF, 0xFF, 0xFF, 0xFF,
	0xFF, 0xFF, 0xFF, 0xFF, 0xFF, 0xFF, 0xFF, 0xFF, 0xFF, 0xFF, 0xFF, 0xFF, 0xFF, 0xFF, 0x9B, 0xAE,
	0x56, 0x5C, 0xAE, 0x2A, 0x10, 0x3B, 0x10, 0x33, 0x10, 0x33, 0x30, 0x33, 0x31, 0x3B, 0x30, 0x33,
	0x51, 0x3B, 0x51, 0x33, 0x72, 0x3B, 0x30, 0x2B, 0x96, 0x5C, 0xDD, 0xC6, 0xFF, 0xFF, 0xFF, 0xFF,
	0xFF, 0xFF, 0xFF, 0xFF, 0xFF, 0xFF, 0xFF, 0xFF, 0xFF, 0xFF, 0xFF, 0xFF, 0xFF, 0xFF, 0xFF, 0xFF,
	0xFF, 0xFF, 0xFF, 0xFF, 0xFF, 0xFF, 0xEE, 0x32, 0x51, 0x2B, 0xB3, 0x33, 0xD4, 0x3B, 0xD3, 0x3B,
	0xF4, 0x3B, 0xD4, 0x3B, 0xF5, 0x3B, 0xF4, 0x3B, 0xF5, 0x3B, 0xF5, 0x3B, 0x16, 0x44, 0x15, 0x3C,
	0x36, 0x3C, 0x16, 0x3C, 0x37, 0x3C, 0x36, 0x3C, 0x57, 0x44, 0x36, 0x3C, 0x57, 0x44, 0x36, 0x3C,
	0x57, 0x3C, 0x57, 0x3C, 0x57, 0x3C, 0x57, 0x3C, 0x77, 0x3C, 0x57, 0x3C, 0x78, 0x44, 0x77, 0x3C,
	0xB8, 0x44, 0x4D, 0x12, 0xBB, 0xC6, 0xFF, 0xFF, 0xFF, 0xFF, 0xFF, 0xFF, 0xFF, 0xFF, 0xFF, 0xFF,
	0xFF, 0xFF, 0xFF, 0xFF, 0xFF, 0xFF, 0xFF, 0xFF, 0xBB, 0xC6, 0xAF, 0x12, 0x78, 0x44, 0x57, 0x3C,
	0x57, 0x3C, 0x37, 0x3C, 0x57, 0x3C, 0x36, 0x3C, 0x37, 0x3C, 0x36, 0x3C, 0x36, 0x44, 0x15, 0x3C,
	0x15, 0x3C, 0x15, 0x3C, 0x93, 0x3B, 0x53, 0x64, 0xFF, 0xFF, 0xFF, 0xFF, 0xFF, 0xFF, 0xFF, 0xFF,
	0xFF, 0xFF, 0xFF, 0xFF, 0xFF, 0xFF, 0xFF, 0xFF, 0xFF, 0xFF, 0xFF, 0xFF, 0xFF, 0xFF, 0xFF, 0xFF,
	0xFF, 0xFF, 0xFF, 0xFF, 0xFF, 0xFF, 0xFF, 0xFF, 0xFF, 0xFF, 0xFF, 0xFF, 0xFF, 0xFF, 0xFF, 0xFF,
	0xFF, 0xFF, 0xFF, 0xFF, 0xFF, 0xFF, 0xFF, 0xFF, 0xFF, 0xFF, 0xFF, 0xFF, 0xFF, 0xFF, 0xFF, 0xFF,
	0xFF, 0xFF, 0xFF, 0xFF, 0xFF, 0xFF, 0xFF, 0xFF, 0xFF, 0xFF, 0xFF, 0xFF, 0xFF, 0xFF, 0xFF, 0xFF,
	0xFF, 0xFF, 0xFF, 0xFF, 0xFF, 0xFF, 0xFF, 0xFF, 0xFF, 0xFF, 0xFF, 0xFF, 0xFF, 0xFF, 0xDF, 0xEF,
	0xF7, 0x6C, 0xAF, 0x2A, 0x10, 0x33, 0x11, 0x3B, 0x10, 0x33, 0x31, 0x3B, 0x31, 0x33, 0x51, 0x3B,
	0x51, 0x3B, 0x72, 0x3B, 0x51, 0x33, 0x52, 0x33, 0xF7, 0x6C, 0x9F, 0xE7, 0xFF, 0xFF, 0xFF, 0xFF,
	0xFF, 0xFF, 0xFF, 0xFF, 0xFF, 0xFF, 0xFF, 0xFF, 0xFF, 0xFF, 0xFF, 0xFF, 0xFF, 0xFF, 0xFF, 0xFF,
	0xFF, 0xFF, 0xFF, 0xFF, 0xD5, 0x7C, 0xCF, 0x22, 0xB3, 0x3B, 0xD4, 0x3B, 0xD4, 0x3B, 0xF5, 0x43,
	0xD4, 0x3B, 0xF5, 0x3B, 0xD5, 0x3B, 0xF5, 0x43, 0xF5, 0x3B, 0x16, 0x44, 0x15, 0x3C, 0x36, 0x3C,
	0x36, 0x3C, 0x36, 0x44, 0x36, 0x3C, 0x57, 0x44, 0x57, 0x3C, 0x57, 0x44, 0x57, 0x3C, 0x78, 0x44,
	0x57, 0x3C, 0x78, 0x3C, 0x77, 0x3C, 0x78, 0x44, 0x77, 0x3C, 0x78, 0x44, 0x77, 0x44, 0x78, 0x44,
	0xB8, 0x44, 0x31, 0x2B, 0x93, 0x7C, 0xFF, 0xFF, 0xFF, 0xFF, 0xFF, 0xFF, 0xFF, 0xFF, 0xFF, 0xFF,
	0xFF, 0xFF, 0xFF, 0xFF, 0xFF, 0xFF, 0xFF, 0xFF, 0x5E, 0xDF, 0xF0, 0x22, 0x36, 0x44, 0x78, 0x44,
	0x57, 0x3C, 0x57, 0x44, 0x57, 0x3C, 0x57, 0x44, 0x37, 0x3C, 0x37, 0x44, 0x36, 0x3C, 0x36, 0x44,
	0x16, 0x3C, 0x16, 0x3C, 0xD4, 0x3B, 0xB2, 0x53, 0xDF, 0xF7, 0xFF, 0xFF, 0xFF, 0xFF, 0xFF, 0xFF,
	0xFF, 0xFF, 0xFF, 0xFF, 0xFF, 0xFF, 0xFF, 0xFF, 0xFF, 0xFF, 0xFF, 0xFF, 0xFF, 0xFF, 0xFF, 0xFF,
	0xFF, 0xFF, 0xFF, 0xFF, 0xFF, 0xFF, 0xFF, 0xFF, 0xFF, 0xFF, 0xFF, 0xFF, 0xFF, 0xFF, 0xFF, 0xFF,
	0xFF, 0xFF, 0xFF, 0xFF, 0xFF, 0xFF, 0xFF, 0xFF, 0xFF, 0xFF, 0xFF, 0xFF, 0xFF, 0xFF, 0xFF, 0xFF,
	0xFF, 0xFF, 0xFF, 0xFF, 0xFF, 0xFF, 0xFF, 0xFF, 0xFF, 0xFF, 0xFF, 0xFF, 0xFF, 0xFF, 0xFF, 0xFF,
	0xFF, 0xFF, 0xFF, 0xFF, 0xFF, 0xFF, 0xFF, 0xFF, 0xFF, 0xFF, 0xFF, 0xFF, 0xFF, 0xFF, 0xFF, 0xFF,
	0x38, 0x7D, 0x10, 0x2B, 0x10, 0x33, 0x10, 0x33, 0x30, 0x33, 0x10, 0x33, 0x31, 0x3B, 0x31, 0x33,
	0x52, 0x3B, 0x51, 0x33, 0x52, 0x3B, 0x72, 0x3B, 0x58, 0x7D, 0xDF, 0xF7, 0xFF, 0xFF, 0xFF, 0xFF,
	0xFF, 0xFF, 0xFF, 0xFF, 0xFF, 0xFF, 0xFF, 0xFF, 0xFF, 0xFF, 0xFF, 0xFF, 0xFF, 0xFF, 0xFF, 0xFF,
	0xFF, 0xFF, 0x7E, 0xE7, 0x2D, 0x12, 0x52, 0x33, 0xD4, 0x3B, 0xB3, 0x33, 0xD4, 0x3B, 0xD4, 0x3B,
	0xF4, 0x3B, 0xD4, 0x33, 0xF5, 0x3B, 0xF5, 0x3B, 0x15, 0x3C, 0x15, 0x3C, 0x16, 0x3C, 0x16, 0x3C,
	0x36, 0x3C, 0x36, 0x34, 0x36, 0x3C, 0x37, 0x3C, 0x57, 0x3C, 0x37, 0x3C, 0x57, 0x3C, 0x57, 0x3C,
	0x78, 0x44, 0x57, 0x3C, 0x78, 0x3C, 0x57, 0x3C, 0x78, 0x44, 0x77, 0x44, 0x78, 0x44, 0x77, 0x44,
	0x98, 0x4C, 0xB3, 0x33, 0x50, 0x4B, 0xFF, 0xFF, 0xFF, 0xFF, 0xFF, 0xFF, 0xFF, 0xFF, 0xFF, 0xFF,
	0xFF, 0xFF, 0xFF, 0xFF, 0xFF, 0xFF, 0xFF, 0xFF, 0xFF, 0xFF, 0x2F, 0x3B, 0xF4, 0x3B, 0x77, 0x3C,
	0x57, 0x3C, 0x57, 0x3C, 0x57, 0x3C, 0x37, 0x3C, 0x57, 0x44, 0x36, 0x3C, 0x36, 0x3C, 0x16, 0x3C,
	0x36, 0x3C, 0x15, 0x3C, 0x15, 0x44, 0x10, 0x33, 0x9E, 0xE7, 0xFF, 0xFF, 0xFF, 0xFF, 0xFF, 0xFF,
	0xFF, 0xFF, 0xFF, 0xFF, 0xFF, 0xFF, 0xFF, 0xFF, 0xFF, 0xFF, 0xFF, 0xFF, 0xFF, 0xFF, 0xFF, 0xFF,
	0xFF, 0xFF, 0xFF, 0xFF, 0xFF, 0xFF, 0xFF, 0xFF, 0xFF, 0xFF, 0xFF, 0xFF, 0xFF, 0xFF, 0xFF, 0xFF,
	0xFF, 0xFF, 0xFF, 0xFF, 0xFF, 0xFF, 0xFF, 0xFF, 0xFF, 0xFF, 0xFF, 0xFF, 0xFF, 0xFF, 0xFF, 0xFF,
	0xFF, 0xFF, 0xFF, 0xFF, 0xFF, 0xFF, 0xFF, 0xFF, 0xFF, 0xFF, 0xFF, 0xFF, 0xFF, 0xFF, 0xFF, 0xFF,
	0xFF, 0xFF, 0xFF, 0xFF, 0xFF, 0xFF, 0xFF, 0xFF, 0xFF, 0xFF, 0xFF, 0xFF, 0xFF, 0xFF, 0xFF, 0xFF,
	0xDA, 0x95, 0xD3, 0x43, 0xF0, 0x32, 0x30, 0x3B, 0x30, 0x33, 0x31, 0x3B, 0x31, 0x33, 0x51, 0x3B,
	0x51, 0x33, 0x72, 0x3B, 0x51, 0x33, 0xD4, 0x43, 0x78, 0x85, 0xFF, 0xFF, 0xFF, 0xFF, 0xFF, 0xFF,
	0xFF, 0xFF, 0xFF, 0xFF, 0xFF, 0xFF, 0xFF, 0xFF, 0xFF, 0xFF, 0xFF, 0xFF, 0xFF, 0xFF, 0xFF, 0xFF,
	0xFF, 0xFF, 0xEF, 0x32, 0xF0, 0x22, 0xD4, 0x43, 0xB3, 0x3B, 0xD4, 0x3B, 0xD4, 0x3B, 0xD4, 0x3B,
	0xD4, 0x3B, 0xF5, 0x3B, 0xF5, 0x3B, 0x15, 0x3C, 0x15, 0x3C, 0x16, 0x3C, 0x15, 0x3C, 0x36, 0x3C,
	0x36, 0x3C, 0x57, 0x3C, 0x57, 0x3C, 0x57, 0x44, 0x57, 0x3C, 0x78, 0x44, 0x57, 0x3C, 0x78, 0x3C,
	0x77, 0x3C, 0x78, 0x44, 0x77, 0x3C, 0x98, 0x44, 0x77, 0x44, 0x98, 0x44, 0x78, 0x44, 0x98, 0x4C,
	0x98, 0x4C, 0x57, 0x4C, 0xEB, 0x11, 0xFF, 0xF7, 0xFF, 0xFF, 0xFF, 0xFF, 0xFF, 0xFF, 0xFF, 0xFF,
	0xFF, 0xFF, 0xFF, 0xFF, 0xFF, 0xFF, 0xFF, 0xFF, 0xFF, 0xFF, 0x12, 0x6C, 0x31, 0x33, 0x98, 0x44,
	0x57, 0x3C, 0x58, 0x3C, 0x57, 0x3C, 0x57, 0x44, 0x37, 0x3C, 0x57, 0x44, 0x56, 0x3C, 0x37, 0x3C,
	0x36, 0x3C, 0x37, 0x3C, 0x15, 0x3C, 0x92, 0x3B, 0x3A, 0xAE, 0xFF, 0xFF, 0xFF, 0xFF, 0xFF, 0xFF,
	0xFF, 0xFF, 0xFF, 0xFF, 0xFF, 0xFF, 0xFF, 0xFF, 0xFF, 0xFF, 0xFF, 0xFF, 0xFF, 0xFF, 0xFF, 0xFF,
	0xFF, 0xFF, 0xFF, 0xFF, 0xFF, 0xFF, 0xFF, 0xFF, 0xFF, 0xFF, 0xFF, 0xFF, 0xFF, 0xFF, 0xFF, 0xFF,
	0xFF, 0xFF, 0xFF, 0xFF, 0xFF, 0xFF, 0xFF, 0xFF, 0xFF, 0xFF, 0xFF, 0xFF, 0xFF, 0xFF, 0xFF, 0xFF,
	0xFF, 0xFF, 0xFF, 0xFF, 0xFF, 0xFF, 0xFF, 0xFF, 0xFF, 0xFF, 0xFF, 0xFF, 0xFF, 0xFF, 0xFF, 0xFF,
	0xFF, 0xFF, 0xFF, 0xFF, 0xFF, 0xFF, 0xFF, 0xFF, 0xFF, 0xFF, 0xFF, 0xFF, 0xFF, 0xFF, 0xFF, 0xFF,
	0x5B, 0xB6, 0x35, 0x4C, 0xF0, 0x2A, 0x10, 0x33, 0x31, 0x33, 0x30, 0x33, 0x51, 0x3B, 0x31, 0x33,
	0x51, 0x33, 0x51, 0x33, 0x32, 0x33, 0xF4, 0x3B, 0xB9, 0x95, 0xFF, 0xFF, 0xFF, 0xFF, 0xFF, 0xFF,
	0xFF, 0xFF, 0xFF, 0xFF, 0xFF, 0xFF, 0xFF, 0xFF, 0xFF, 0xFF, 0xFF, 0xFF, 0xFF, 0xFF, 0xFF, 0xFF,
	0xB7, 0xA5, 0x2B, 0x0A, 0xB4, 0x3B, 0xB3, 0x3B, 0xB4, 0x3B, 0xD4, 0x3B, 0xF4, 0x3B, 0xD4, 0x33,
	0xF5, 0x3B, 0xF4, 0x3B, 0x15, 0x3C, 0xF5, 0x3B, 0x16, 0x3C, 0x16, 0x3C, 0x36, 0x3C, 0x16, 0x3C,
	0x37, 0x3C, 0x36, 0x3C, 0x57, 0x3C, 0x36, 0x3C, 0x57, 0x3C, 0x57, 0x3C, 0x77, 0x3C, 0x57, 0x3C,
	0x78, 0x44, 0x77, 0x3C, 0x98, 0x44, 0x77, 0x44, 0x98, 0x44, 0x77, 0x44, 0x98, 0x4C, 0x77, 0x44,
	0x77, 0x44, 0xD8, 0x54, 0xEC, 0x09, 0xFC, 0xC6, 0xFF, 0xFF, 0xFF, 0xFF, 0xFF, 0xFF, 0xFF, 0xFF,
	0xFF, 0xFF, 0xFF, 0xFF, 0xFF, 0xFF, 0xFF, 0xFF, 0xFF, 0xFF, 0x5A, 0xBE, 0x2C, 0x12, 0xB8, 0x44,
	0x77, 0x3C, 0x57, 0x3C, 0x78, 0x3C, 0x57, 0x3C, 0x57, 0x3C, 0x57, 0x3C, 0x57, 0x44, 0x36, 0x3C,
	0x36, 0x3C, 0x36, 0x3C, 0x36, 0x3C, 0xD4, 0x3B, 0xD5, 0x74, 0xFF, 0xFF, 0xFF, 0xFF, 0xFF, 0xFF,
	0xFF, 0xFF, 0xFF, 0xFF, 0xFF, 0xFF, 0xFF, 0xFF, 0xFF, 0xFF, 0xFF, 0xFF, 0xFF, 0xFF, 0xFF, 0xFF,
	0xFF, 0xFF, 0xFF, 0xFF, 0xFF, 0xFF, 0xFF, 0xFF, 0xFF, 0xFF, 0xFF, 0xFF, 0xFF, 0xFF, 0xFF, 0xFF,
	0xFF, 0xFF, 0xFF, 0xFF, 0xFF, 0xFF, 0xFF, 0xFF, 0xFF, 0xFF, 0xFF, 0xFF, 0xFF, 0xFF, 0xFF, 0xFF,
	0xFF, 0xFF, 0xFF, 0xFF, 0xFF, 0xFF, 0xFF, 0xFF, 0xFF, 0xFF, 0xFF, 0xFF, 0xFF, 0xFF, 0xFF, 0xFF,
	0xFF, 0xFF, 0xFF, 0xFF, 0xFF, 0xFF, 0xFF, 0xFF, 0xFF, 0xFF, 0xFF, 0xFF, 0xFF, 0xFF, 0xFF, 0xFF,
	0x7F, 0xDF, 0x56, 0x5C, 0xF0, 0x2A, 0x31, 0x3B, 0x30, 0x33, 0x31, 0x3B, 0x31, 0x33, 0x52, 0x3B,
	0x51, 0x33, 0x72, 0x3B, 0x31, 0x33, 0x15, 0x44, 0x5B, 0xAE, 0xFF, 0xFF, 0xFF, 0xFF, 0xFF, 0xFF,
	0xFF, 0xFF, 0xFF, 0xFF, 0xFF, 0xFF, 0xFF, 0xFF, 0xFF, 0xFF, 0xFF, 0xFF, 0xFF, 0xFF, 0xFF, 0xFF,
	0xAA, 0x09, 0x51, 0x33, 0xB3, 0x3B, 0xD4, 0x3B, 0xB4, 0x3B, 0xD4, 0x3B, 0xD4, 0x3B, 0xF5, 0x3B,
	0xF5, 0x3B, 0x15, 0x3C, 0xF5, 0x3B, 0x16, 0x44, 0x16, 0x3C, 0x36, 0x3C, 0x36, 0x3C, 0x37, 0x44,
	0x36, 0x3C, 0x57, 0x3C, 0x57, 0x3C, 0x57, 0x44, 0x57, 0x3C, 0x78, 0x44, 0x77, 0x3C, 0x98, 0x44,
	0x77, 0x3C, 0x98, 0x44, 0x77, 0x44, 0x98, 0x4C, 0x77, 0x44, 0x98, 0x4C, 0x97, 0x44, 0x98, 0x4C,
	0x97, 0x4C, 0xD8, 0x54, 0x31, 0x2B, 0xD5, 0x84, 0xFF, 0xFF, 0xFF, 0xFF, 0xFF, 0xFF, 0xFF, 0xFF,
	0xFF, 0xFF, 0xFF, 0xFF, 0xFF, 0xFF, 0xFF, 0xFF, 0xFF, 0xFF, 0x7E, 0xEF, 0x2C, 0x12, 0x98, 0x4C,
	0x77, 0x44, 0x78, 0x44, 0x77, 0x3C, 0x78, 0x44, 0x57, 0x3C, 0x57, 0x44, 0x57, 0x3C, 0x57, 0x44,
	0x36, 0x3C, 0x57, 0x3C, 0x16, 0x3C, 0x16, 0x44, 0x75, 0x64, 0xFF, 0xFF, 0xFF, 0xFF, 0xFF, 0xFF,
	0xFF, 0xFF, 0xFF, 0xFF, 0xFF, 0xFF, 0xFF, 0xFF, 0xFF, 0xFF, 0xFF, 0xFF, 0xFF, 0xFF, 0xFF, 0xFF,
	0xFF, 0xFF, 0xFF, 0xFF, 0xFF, 0xFF, 0xFF, 0xFF, 0xFF, 0xFF, 0xFF, 0xFF, 0xFF, 0xFF, 0xFF, 0xFF,
	0xFF, 0xFF, 0xFF, 0xFF, 0xFF, 0xFF, 0xFF, 0xFF, 0xFF, 0xFF, 0xFF, 0xFF, 0xFF, 0xFF, 0xFF, 0xFF,
	0xFF, 0xFF, 0xFF, 0xFF, 0xFF, 0xFF, 0xFF, 0xFF, 0xFF, 0xFF, 0xFF, 0xFF, 0xFF, 0xFF, 0xFF, 0xFF,
	0xFF, 0xFF, 0xFF, 0xFF, 0xFF, 0xFF, 0xFF, 0xFF, 0xFF, 0xFF, 0xFF, 0xFF, 0xFF, 0xFF, 0xFF, 0xFF,
	0xFF, 0xFF, 0x35, 0x54, 0x31, 0x2B, 0x10, 0x33, 0x31, 0x3B, 0x30, 0x33, 0x51, 0x3B, 0x31, 0x33,
	0x51, 0x3B, 0x51, 0x33, 0x31, 0x33, 0xF5, 0x3B, 0xBD, 0xBE, 0xFF, 0xFF, 0xFF, 0xFF, 0xFF, 0xFF,
	0xFF, 0xFF, 0xFF, 0xFF, 0xFF, 0xFF, 0xFF, 0xFF, 0xFF, 0xFF, 0xFF, 0xFF, 0xFF, 0xFF, 0x8F, 0x53,
	0x6D, 0x22, 0xB3, 0x3B, 0xD3, 0x3B, 0xB3, 0x33, 0xD4, 0x3B, 0xD4, 0x33, 0xD4, 0x3B, 0xD4, 0x3B,
	0xF5, 0x3B, 0xF4, 0x33, 0x15, 0x3C, 0xF5, 0x3B, 0x16, 0x3C, 0x16, 0x3C, 0x36, 0x3C, 0x36, 0x3C,
	0x57, 0x3C, 0x56, 0x3C, 0x57, 0x3C, 0x57, 0x3C, 0x78, 0x44, 0x57, 0x3C, 0x78, 0x44, 0x77, 0x3C,
	0x78, 0x44, 0x77, 0x3C, 0x98, 0x44, 0x97, 0x44, 0x98, 0x4C, 0x97, 0x44, 0x97, 0x4C, 0x97, 0x4C,
	0x98, 0x4C, 0xB8, 0x4C, 0x15, 0x3C, 0xF1, 0x5B, 0xFF, 0xFF, 0xFF, 0xFF, 0xFF, 0xFF, 0xFF, 0xFF,
	0xFF, 0xFF, 0xFF, 0xFF, 0xFF, 0xFF, 0xFF, 0xFF, 0xFF, 0xFF, 0xFF, 0xFF, 0x51, 0x43, 0xF5, 0x33,
	0x78, 0x44, 0x77, 0x3C, 0x77, 0x3C, 0x57, 0x3C, 0x57, 0x44, 0x36, 0x3C, 0x57, 0x3C, 0x36, 0x3C,
	0x37, 0x44, 0x36, 0x34, 0x36, 0x3C, 0x15, 0x3C, 0x14, 0x54, 0x5D, 0xE7, 0xFF, 0xFF, 0xFF, 0xFF,
	0xFF, 0xFF, 0xFF, 0xFF, 0xFF, 0xFF, 0xFF, 0xFF, 0xFF, 0xFF, 0xFF, 0xFF, 0xFF, 0xFF, 0xFF, 0xFF,
	0xFF, 0xFF, 0xFF, 0xFF, 0xFF, 0xFF, 0xFF, 0xFF, 0xFF, 0xFF, 0xFF, 0xFF, 0xFF, 0xFF, 0xFF, 0xFF,
	0xFF, 0xFF, 0xFF, 0xFF, 0xFF, 0xFF, 0xFF, 0xFF, 0xFF, 0xFF, 0xFF, 0xFF, 0xFF, 0xFF, 0xFF, 0xFF,
	0xFF, 0xFF, 0xFF, 0xFF, 0xFF, 0xFF, 0xFF, 0xFF, 0xFF, 0xFF, 0xFF, 0xFF, 0xFF, 0xFF, 0xFF, 0xFF,
	0xFF, 0xFF, 0xFF, 0xFF, 0xFF, 0xFF, 0xFF, 0xFF, 0xFF, 0xFF, 0xFF, 0xFF, 0xFF, 0xFF, 0xFF, 0xFF,
	0xFF, 0xFF, 0x18, 0x7D, 0x93, 0x33, 0x11, 0x3B, 0x10, 0x33, 0x51, 0x3B, 0x51, 0x33, 0x72, 0x3B,
	0x52, 0x33, 0x72, 0x3B, 0x31, 0x33, 0x16, 0x3C, 0x1E, 0xCF, 0xFF, 0xFF, 0xFF, 0xFF, 0xFF, 0xFF,
	0xFF, 0xFF, 0xFF, 0xFF, 0xFF, 0xFF, 0xFF, 0xFF, 0xFF, 0xFF, 0xFF, 0xFF, 0x3D, 0xDF, 0xEB, 0x19,
	0x72, 0x33, 0xD4, 0x3B, 0xB3, 0x3B, 0xD4, 0x3B, 0xD4, 0x3B, 0xF5, 0x3B, 0xD4, 0x3B, 0xF5, 0x3B,
	0xF4, 0x3B, 0x16, 0x44, 0xF5, 0x3B, 0x16, 0x3C, 0x16, 0x3C, 0x36, 0x3C, 0x36, 0x3C, 0x57, 0x3C,
	0x56, 0x3C, 0x57, 0x44, 0x57, 0x3C, 0x58, 0x3C, 0x57, 0x3C, 0x78, 0x44, 0x77, 0x3C, 0x78, 0x44,
	0x77, 0x44, 0x98, 0x4C, 0x98, 0x4C, 0x98, 0x4C, 0x97, 0x44, 0xB8, 0x4C, 0x98, 0x4C, 0xB8, 0x4C,
	0xB7, 0x44, 0x99, 0x54, 0x97, 0x44, 0x91, 0x43, 0xBE, 0xF7, 0xFF, 0xFF, 0xFF, 0xFF, 0xFF, 0xFF,
	0xFF, 0xFF, 0xFF, 0xFF, 0xFF, 0xFF, 0xFF, 0xFF, 0xFF, 0xFF, 0xFF, 0xFF, 0x31, 0x74, 0xB3, 0x3B,
	0x98, 0x44, 0x99, 0x44, 0x77, 0x3C, 0x78, 0x44, 0x77, 0x3C, 0x78, 0x44, 0x57, 0x3C, 0x77, 0x3C,
	0x56, 0x3C, 0x57, 0x44, 0x36, 0x3C, 0x16, 0x3C, 0x14, 0x44, 0xDD, 0xBE, 0xFF, 0xFF, 0xFF, 0xFF,
	0xFF, 0xFF, 0xFF, 0xFF, 0xFF, 0xFF, 0xFF, 0xFF, 0xFF, 0xFF, 0xFF, 0xFF, 0xFF, 0xFF, 0xFF, 0xFF,
	0xFF, 0xFF, 0xFF, 0xFF, 0xFF, 0xFF, 0xFF, 0xFF, 0xFF, 0xFF, 0xFF, 0xFF, 0xFF, 0xFF, 0xFF, 0xFF,
	0xFF, 0xFF, 0xFF, 0xFF, 0xFF, 0xFF, 0xFF, 0xFF, 0xFF, 0xFF, 0xFF, 0xFF, 0xFF, 0xFF, 0xFF, 0xFF,
	0xFF, 0xFF, 0xFF, 0xFF, 0xFF, 0xFF, 0xFF, 0xFF, 0xFF, 0xFF, 0xFF, 0xFF, 0xFF, 0xFF, 0xFF, 0xFF,
	0xFF, 0xFF, 0xFF, 0xFF, 0xFF, 0xFF, 0xFF, 0xFF, 0xFF, 0xFF, 0xFF, 0xFF, 0xFF, 0xFF, 0xFF, 0xFF,
	0xFF, 0xFF, 0x1A, 0x9E, 0xD5, 0x3B, 0xF0, 0x2A, 0x51, 0x3B, 0x30, 0x33, 0x51, 0x33, 0x31, 0x33,
	0x52, 0x3B, 0x51, 0x33, 0x51, 0x33, 0xF5, 0x33, 0x3E, 0xD7, 0xFF, 0xFF, 0xFF, 0xFF, 0xFF, 0xFF,
	0xFF, 0xFF, 0xFF, 0xFF, 0xFF, 0xFF, 0xFF, 0xFF, 0xFF, 0xFF, 0xFF, 0xFF, 0xF5, 0x84, 0xEF, 0x2A,
	0xD4, 0x3B, 0x93, 0x33, 0xB4, 0x3B, 0xB4, 0x33, 0xD4, 0x3B, 0xD4, 0x3B, 0xD4, 0x3B, 0xD4, 0x3B,
	0xF5, 0x3B, 0xF5, 0x3B, 0x15, 0x3C, 0xF5, 0x3B, 0x16, 0x3C, 0x16, 0x3C, 0x36, 0x44, 0x36, 0x3C,
	0x57, 0x44, 0x57, 0x3C, 0x57, 0x44, 0x57, 0x3C, 0x77, 0x44, 0x77, 0x3C, 0x78, 0x44, 0x77, 0x44,
	0x98, 0x4C, 0x77, 0x44, 0x98, 0x4C, 0x97, 0x44, 0x97, 0x4C, 0x97, 0x4C, 0x98, 0x54, 0x97, 0x4C,
	0xB7, 0x4C, 0x98, 0x4C, 0xB9, 0x54, 0x50, 0x33, 0x5D, 0xDF, 0xFF, 0xFF, 0xFF, 0xFF, 0xFF, 0xFF,
	0xFF, 0xFF, 0xFF, 0xFF, 0xFF, 0xFF, 0xFF, 0xFF, 0xFF, 0xFF, 0xFF, 0xFF, 0x19, 0xBE, 0xCF, 0x22,
	0xB8, 0x54, 0x77, 0x3C, 0x77, 0x44, 0x77, 0x3C, 0x77, 0x3C, 0x56, 0x3C, 0x77, 0x3C, 0x56, 0x34,
	0x37, 0x44, 0x36, 0x3C, 0x36, 0x3C, 0xF5, 0x33, 0x56, 0x4C, 0x57, 0x8D, 0xFF, 0xFF, 0xFF, 0xFF,
	0xFF, 0xFF, 0xFF, 0xFF, 0xFF, 0xFF, 0xFF, 0xFF, 0xFF, 0xFF, 0xFF, 0xFF, 0xFF, 0xFF, 0xFF, 0xFF,
	0xFF, 0xFF, 0xFF, 0xFF, 0xFF, 0xFF, 0xFF, 0xFF, 0xFF, 0xFF, 0xFF, 0xFF, 0xFF, 0xFF, 0xFF, 0xFF,
	0xFF, 0xFF, 0xFF, 0xFF, 0xFF, 0xFF, 0xFF, 0xFF, 0xFF, 0xFF, 0xFF, 0xFF, 0xFF, 0xFF, 0xFF, 0xFF,
	0xFF, 0xFF, 0xFF, 0xFF, 0xFF, 0xFF, 0xFF, 0xFF, 0xFF, 0xFF, 0xFF, 0xFF, 0xFF, 0xFF, 0xFF, 0xFF,
	0xFF, 0xFF, 0xFF, 0xFF, 0xFF, 0xFF, 0xFF, 0xFF, 0xFF, 0xFF, 0xFF, 0xFF, 0xFF, 0xFF, 0xFF, 0xFF,
	0xFF, 0xFF, 0xFD, 0xC6, 0xD4, 0x43, 0x31, 0x33, 0x31, 0x33, 0x51, 0x3B, 0x31, 0x33, 0x72, 0x3B,
	0x51, 0x3B, 0x52, 0x3B, 0x51, 0x33, 0xD5, 0x33, 0x5E, 0xD7, 0xFF, 0xFF, 0xFF, 0xFF, 0xFF, 0xFF,
	0xFF, 0xFF, 0xFF, 0xFF, 0xFF, 0xFF, 0xFF, 0xFF, 0xFF, 0xFF, 0xFF, 0xFF, 0x53, 0x6C, 0x72, 0x3B,
	0xB3, 0x33, 0xD4, 0x3B, 0xB3, 0x33, 0xF5, 0x3B, 0xD4, 0x3B, 0xD5, 0x3B, 0xF4, 0x3B, 0xF5, 0x3B,
	0xF5, 0x3B, 0xF6, 0x3B, 0x15, 0x3C, 0x16, 0x3C, 0x36, 0x3C, 0x37, 0x44, 0x36, 0x3C, 0x57, 0x44,
	0x37, 0x3C, 0x57, 0x44, 0x57, 0x3C, 0x78, 0x44, 0x78, 0x3C, 0x98, 0x44, 0x77, 0x3C, 0x98, 0x44,
	0x98, 0x44, 0x98, 0x4C, 0x98, 0x4C, 0xB8, 0x4C, 0x98, 0x4C, 0xB8, 0x4C, 0x98, 0x4C, 0xB8, 0x54,
	0xB7, 0x4C, 0xB8, 0x54, 0xB8, 0x54, 0x35, 0x4C, 0xF9, 0xA5, 0xFF, 0xFF, 0xFF, 0xFF, 0xFF, 0xFF,
	0xFF, 0xFF, 0xFF, 0xFF, 0xFF, 0xFF, 0xFF, 0xFF, 0xFF, 0xFF, 0xFF, 0xFF, 0xDF, 0xEF, 0x8D, 0x1A,
	0xB8, 0x4C, 0x98, 0x44, 0x78, 0x3C, 0x98, 0x44, 0x77, 0x3C, 0x77, 0x44, 0x57, 0x44, 0x58, 0x44,
	0x37, 0x3C, 0x37, 0x44, 0x36, 0x3C, 0x37, 0x3C, 0x36, 0x3C, 0x17, 0x75, 0xFF, 0xFF, 0xFF, 0xFF,
	0xFF, 0xFF, 0xFF, 0xFF, 0xFF, 0xFF, 0xFF, 0xFF, 0xFF, 0xFF, 0xFF, 0xFF, 0xFF, 0xFF, 0xFF, 0xFF,
	0xFF, 0xFF, 0xFF, 0xFF, 0xFF, 0xFF, 0xFF, 0xFF, 0xFF, 0xFF, 0xFF, 0xFF, 0xFF, 0xFF, 0xFF, 0xFF,
	0xFF, 0xFF, 0xFF, 0xFF, 0xFF, 0xFF, 0xFF, 0xFF, 0xFF, 0xFF, 0xFF, 0xFF, 0xFF, 0xFF, 0xFF, 0xFF,
	0xFF, 0xFF, 0xFF, 0xFF, 0xFF, 0xFF, 0xFF, 0xFF, 0xFF, 0xFF, 0xFF, 0xFF, 0xFF, 0xFF, 0xFF, 0xFF,
	0xFF, 0xFF, 0xFF, 0xFF, 0xFF, 0xFF, 0xFF, 0xFF, 0xFF, 0xFF, 0xFF, 0xFF, 0xFF, 0xFF, 0xFF, 0xFF,
	0xFF, 0xFF, 0xFF, 0xF7, 0xD3, 0x43, 0x31, 0x2B, 0x51, 0x33, 0x31, 0x33, 0x51, 0x3B, 0x31, 0x3B,
	0x52, 0x3B, 0x51, 0x33, 0x72, 0x33, 0xB4, 0x2B, 0x3E, 0xCF, 0xFF, 0xFF, 0xFF, 0xFF, 0xFF, 0xFF,
	0xFF, 0xFF, 0xFF, 0xFF, 0xFF, 0xFF, 0xFF, 0xFF, 0xFF, 0xFF, 0xFF, 0xFF, 0xD5, 0x84, 0x71, 0x3B,
	0xB3, 0x33, 0xB2, 0x33, 0xD3, 0x3B, 0xB3, 0x33, 0xD4, 0x3B, 0xD4, 0x33, 0xF5, 0x3B, 0xF5, 0x3B,
	0x15, 0x3C, 0xF5, 0x3B, 0x36, 0x3C, 0x15, 0x3C, 0x36, 0x44, 0x16, 0x3C, 0x57, 0x3C, 0x56, 0x3C,
	0x57, 0x44, 0x57, 0x3C, 0x57, 0x3C, 0x77, 0x3C, 0x98, 0x44, 0x77, 0x3C, 0x98, 0x44, 0x77, 0x44,
	0x98, 0x4C, 0x97, 0x44, 0x98, 0x4C, 0x97, 0x4C, 0xB8, 0x4C, 0x97, 0x4C, 0xB8, 0x4C, 0x98, 0x4C,
	0xB8, 0x54, 0xB7, 0x4C, 0xB8, 0x54, 0x96, 0x4C, 0x16, 0x7D, 0xFF, 0xFF, 0xFF, 0xFF, 0xFF, 0xFF,
	0xFF, 0xFF, 0xFF, 0xFF, 0xFF, 0xFF, 0xFF, 0xFF, 0xFF, 0xFF, 0xFF, 0xFF, 0xFF, 0xFF, 0x71, 0x43,
	0x36, 0x4C, 0x78, 0x44, 0x78, 0x44, 0x58, 0x3C, 0x78, 0x3C, 0x57, 0x3C, 0x57, 0x3C, 0x57, 0x3C,
	0x57, 0x44, 0x36, 0x3C, 0x56, 0x3C, 0x36, 0x34, 0x36, 0x3C, 0xD6, 0x64, 0x7E, 0xE7, 0xFF, 0xFF,
	0xFF, 0xFF, 0xFF, 0xFF, 0xFF, 0xFF, 0xFF, 0xFF, 0xFF, 0xFF, 0xFF, 0xFF, 0xFF, 0xFF, 0xFF, 0xFF,
	0xFF, 0xFF, 0xFF, 0xFF, 0xFF, 0xFF, 0xFF, 0xFF, 0xFF, 0xFF, 0xFF, 0xFF, 0xFF, 0xFF, 0xFF, 0xFF,
	0xFF, 0xFF, 0xFF, 0xFF, 0xFF, 0xFF, 0xFF, 0xFF, 0xFF, 0xFF, 0xFF, 0xFF, 0xFF, 0xFF, 0xFF, 0xFF,
	0xFF, 0xFF, 0xFF, 0xFF, 0xFF, 0xFF, 0xFF, 0xFF, 0xFF, 0xFF, 0xFF, 0xFF, 0xFF, 0xFF, 0xFF, 0xFF,
	0xFF, 0xFF, 0xFF, 0xFF, 0xFF, 0xFF, 0xFF, 0xFF, 0xFF, 0xFF, 0xFF, 0xFF, 0xFF, 0xFF, 0xFF, 0xFF,
	0xFF, 0xFF, 0xFF, 0xFF, 0x75, 0x64, 0x93, 0x33, 0x51, 0x2B, 0x52, 0x3B, 0x31, 0x3B, 0x52, 0x3B,
	0x52, 0x33, 0x72, 0x3B, 0x51, 0x33, 0xB5, 0x33, 0xFE, 0xC6, 0xFF, 0xFF, 0xFF, 0xFF, 0xFF, 0xFF,
	0xFF, 0xFF, 0xFF, 0xFF, 0xFF, 0xFF, 0xFF, 0xFF, 0xFF, 0xFF, 0xFF, 0xFF, 0x9B, 0xBE, 0x92, 0x43,
	0x93, 0x33, 0xB4, 0x33, 0x93, 0x3B, 0xB3, 0x3B, 0xB4, 0x33, 0xD5, 0x3B, 0xD4, 0x33, 0xF5, 0x3B,
	0xD5, 0x33, 0xF5, 0x3B, 0xF5, 0x33, 0x16, 0x3C, 0xF5, 0x33, 0x36, 0x3C, 0x36, 0x3C, 0x36, 0x3C,
	0x36, 0x3C, 0x37, 0x3C, 0x57, 0x3C, 0x57, 0x3C, 0x57, 0x3C, 0x77, 0x44, 0x77, 0x44, 0x98, 0x44,
	0x77, 0x44, 0x98, 0x4C, 0x77, 0x44, 0x98, 0x4C, 0x97, 0x4C, 0x98, 0x4C, 0x97, 0x4C, 0xB8, 0x4C,
	0x97, 0x4C, 0xB8, 0x54, 0x77, 0x4C, 0xB8, 0x54, 0x17, 0x6D, 0xFF, 0xF7, 0xFF, 0xFF, 0xFF, 0xFF,
	0xFF, 0xFF, 0xFF, 0xFF, 0xFF, 0xFF, 0xFF, 0xFF, 0xFF, 0xFF, 0xFF, 0xFF, 0xFF, 0xFF, 0x95, 0x74,
	0xD3, 0x43, 0x98, 0x54, 0x98, 0x4C, 0x98, 0x44, 0x78, 0x3C, 0x78, 0x44, 0x57, 0x3C, 0x57, 0x3C,
	0x36, 0x3C, 0x36, 0x44, 0x15, 0x3C, 0x36, 0x34, 0xF4, 0x33, 0xB7, 0x5C, 0xFD, 0xC6, 0xFF, 0xFF,
	0xFF, 0xFF, 0xFF, 0xFF, 0xFF, 0xFF, 0xFF, 0xFF, 0xFF, 0xFF, 0xFF, 0xFF, 0xFF, 0xFF, 0xFF, 0xFF,
	0xFF, 0xFF, 0xFF, 0xFF, 0xFF, 0xFF, 0xFF, 0xFF, 0xFF, 0xFF, 0xFF, 0xFF, 0xFF, 0xFF, 0xFF, 0xFF,
	0xFF, 0xFF, 0xFF, 0xFF, 0xFF, 0xFF, 0xFF, 0xFF, 0xFF, 0xFF, 0xFF, 0xFF, 0xFF, 0xFF, 0xFF, 0xFF,
	0xFF, 0xFF, 0xFF, 0xFF, 0xFF, 0xFF, 0xFF, 0xFF, 0xFF, 0xFF, 0xFF, 0xFF, 0xFF, 0xFF, 0xFF, 0xFF,
	0xFF, 0xFF, 0xFF, 0xFF, 0xFF, 0xFF, 0xFF, 0xFF, 0xFF, 0xFF, 0xFF, 0xFF, 0xFF, 0xFF, 0xFF, 0xFF,
	0xFF, 0xFF, 0xFF, 0xFF, 0xFA, 0x9D, 0x72, 0x2B, 0x31, 0x33, 0x31, 0x33, 0x51, 0x3B, 0x51, 0x33,
	0x72, 0x3B, 0x52, 0x33, 0x52, 0x3B, 0x93, 0x2B, 0x9C, 0xB6, 0xFF, 0xFF, 0xFF, 0xFF, 0xFF, 0xFF,
	0xFF, 0xFF, 0xFF, 0xFF, 0xFF, 0xFF, 0xFF, 0xFF, 0xFF, 0xFF, 0xFF, 0xFF, 0xFF, 0xFF, 0xF2, 0x5B,
	0x56, 0x54, 0x76, 0x4C, 0x77, 0x54, 0x76, 0x54, 0x96, 0x5C, 0x75, 0x5C, 0x96, 0x5C, 0x95, 0x5C,
	0x96, 0x5C, 0x96, 0x5C, 0xB6, 0x5C, 0x96, 0x5C, 0xB7, 0x5C, 0xB6, 0x5C, 0xD7, 0x64, 0xB7, 0x5C,
	0xD7, 0x64, 0xB7, 0x5C, 0xD7, 0x64, 0xD7, 0x5C, 0xF8, 0x64, 0xD7, 0x64, 0xF8, 0x64, 0xF7, 0x64,
	0x18, 0x65, 0xF7, 0x64, 0x18, 0x6D, 0xF7, 0x64, 0x18, 0x6D, 0x18, 0x6D, 0x38, 0x6D, 0x38, 0x65,
	0x38, 0x6D, 0x38, 0x6D, 0x39, 0x75, 0x38, 0x6D, 0xF6, 0x6C, 0x5D, 0xE7, 0xFF, 0xFF, 0xFF, 0xFF,
	0xFF, 0xFF, 0xFF, 0xFF, 0xFF, 0xFF, 0xFF, 0xFF, 0xFF, 0xFF, 0xFF, 0xFF, 0xFF, 0xFF, 0xBB, 0xC6,
	0xCE, 0x2A, 0xD2, 0x43, 0xF3, 0x4B, 0xF3, 0x43, 0x34, 0x4C, 0x34, 0x4C, 0x76, 0x54, 0x96, 0x54,
	0xD7, 0x5C, 0xD6, 0x5C, 0xF8, 0x64, 0x18, 0x65, 0x38, 0x6D, 0xF7, 0x74, 0x3A, 0xAE, 0xFF, 0xFF,
	0xFF, 0xFF, 0xFF, 0xFF, 0xFF, 0xFF, 0xFF, 0xFF, 0xFF, 0xFF, 0xFF, 0xFF, 0xFF, 0xFF, 0xFF, 0xFF,
	0xFF, 0xFF, 0xFF, 0xFF, 0xFF, 0xFF, 0xFF, 0xFF, 0xFF, 0xFF, 0xFF, 0xFF, 0xFF, 0xFF, 0xFF, 0xFF,
	0xFF, 0xFF, 0xFF, 0xFF, 0xFF, 0xFF, 0xFF, 0xFF, 0xFF, 0xFF, 0xFF, 0xFF, 0xFF, 0xFF, 0xFF, 0xFF,
	0xFF, 0xFF, 0xFF, 0xFF, 0xFF, 0xFF, 0xFF, 0xFF, 0xFF, 0xFF, 0xFF, 0xFF, 0xFF, 0xFF, 0xFF, 0xFF,
	0xFF, 0xFF, 0xFF, 0xFF, 0xFF, 0xFF, 0xFF, 0xFF, 0xFF, 0xFF, 0xFF, 0xFF, 0xFF, 0xFF, 0xFF, 0xFF,
	0xFF, 0xFF, 0xFF, 0xFF, 0xBB, 0xBE, 0xB3, 0x33, 0x31, 0x33, 0x51, 0x3B, 0x51, 0x33, 0x72, 0x3B,
	0x72, 0x33, 0x72, 0x3B, 0x72, 0x3B, 0xB4, 0x2B, 0xFA, 0xA5, 0xFF, 0xFF, 0xFF, 0xFF, 0xFF, 0xFF,
	0xFF, 0xFF, 0xFF, 0xFF, 0xFF, 0xFF, 0xFF, 0xFF, 0xFF, 0xFF, 0xFF, 0xFF, 0xFF, 0xFF, 0xBF, 0xEF,
	0xF6, 0x7C, 0xF6, 0x7C, 0x16, 0x7D, 0x17, 0x7D, 0x17, 0x75, 0x37, 0x7D, 0x17, 0x7D, 0x18, 0x7D,
	0x18, 0x7D, 0x38, 0x7D, 0x38, 0x7D, 0x38, 0x85, 0x38, 0x7D, 0x58, 0x85, 0x38, 0x7D, 0x59, 0x85,
	0x58, 0x7D, 0x58, 0x85, 0x58, 0x7D, 0x79, 0x85, 0x58, 0x85, 0x79, 0x85, 0x78, 0x85, 0x79, 0x8D,
	0x79, 0x85, 0x99, 0x85, 0x79, 0x85, 0x99, 0x8D, 0x79, 0x85, 0x99, 0x8D, 0x78, 0x85, 0x99, 0x85,
	0x79, 0x85, 0x9A, 0x8D, 0x58, 0x85, 0x79, 0x8D, 0xB9, 0x8D, 0xFF, 0xF7, 0xFF, 0xFF, 0xFF, 0xFF,
	0xFF, 0xFF, 0xFF, 0xFF, 0xFF, 0xFF, 0xFF, 0xFF, 0xFF, 0xFF, 0xFF, 0xFF, 0xFF, 0xFF, 0xFF, 0xFF,
	0xD9, 0x9D, 0x13, 0x5C, 0x53, 0x64, 0x75, 0x64, 0x94, 0x64, 0xB5, 0x6C, 0xD5, 0x6C, 0xF7, 0x74,
	0xF7, 0x74, 0x38, 0x7D, 0x38, 0x7D, 0x59, 0x85, 0x78, 0x85, 0x58, 0x85, 0x7E, 0xCF, 0xFF, 0xFF,
	0xFF, 0xFF, 0xFF, 0xFF, 0xFF, 0xFF, 0xFF, 0xFF, 0xFF, 0xFF, 0xFF, 0xFF, 0xFF, 0xFF, 0xFF, 0xFF,
	0xFF, 0xFF, 0xFF, 0xFF, 0xFF, 0xFF, 0xFF, 0xFF, 0xFF, 0xFF, 0xFF, 0xFF, 0xFF, 0xFF, 0xFF, 0xFF,
	0xFF, 0xFF, 0xFF, 0xFF, 0xFF, 0xFF, 0xFF, 0xFF, 0xFF, 0xFF, 0xFF, 0xFF, 0xFF, 0xFF, 0xFF, 0xFF,
	0xFF, 0xFF, 0xFF, 0xFF, 0xFF, 0xFF, 0xFF, 0xFF, 0xFF, 0xFF, 0xFF, 0xFF, 0xFF, 0xFF, 0xFF, 0xFF,
	0xFF, 0xFF, 0xFF, 0xFF, 0xFF, 0xFF, 0xFF, 0xFF, 0xFF, 0xFF, 0xFF, 0xFF, 0xFF, 0xFF, 0xFF, 0xFF,
	0xFF, 0xFF, 0xFF, 0xFF, 0xFF, 0xEF, 0xB3, 0x3B, 0x51, 0x33, 0x31, 0x33, 0x51, 0x3B, 0x51, 0x33,
	0x72, 0x33, 0x71, 0x33, 0x72, 0x3B, 0x74, 0x2B, 0x37, 0x85, 0xFF, 0xFF, 0xFF, 0xFF, 0xFF, 0xFF,
	0xFF, 0xFF, 0xFF, 0xFF, 0xFF, 0xFF, 0xFF, 0xFF, 0xFF, 0xFF, 0xFF, 0xFF, 0xFF, 0xFF, 0xFF, 0xFF,
	0xFF, 0xFF, 0xFF, 0xFF, 0xFF, 0xFF, 0xFF, 0xFF, 0xFF, 0xFF, 0xFF, 0xFF, 0xFF, 0xFF, 0xFF, 0xFF,
	0xFF, 0xFF, 0xFF, 0xFF, 0xFF, 0xFF, 0xFF, 0xFF, 0xFF, 0xFF, 0xFF, 0xFF, 0xFF, 0xFF, 0xFF, 0xFF,
	0xFF, 0xFF, 0xFF, 0xFF, 0xFF, 0xFF, 0xFF, 0xFF, 0xFF, 0xFF, 0xFF, 0xFF, 0xFF, 0xFF, 0xFF, 0xFF,
	0xFF, 0xFF, 0xFF, 0xFF, 0xFF, 0xFF, 0xFF, 0xFF, 0xFF, 0xFF, 0xFF, 0xFF, 0xFF, 0xFF, 0xFF, 0xFF,
	0xFF, 0xFF, 0xFF, 0xFF, 0xFF, 0xFF, 0xFF, 0xFF, 0xFF, 0xFF, 0xFF, 0xFF, 0xFF, 0xFF, 0xFF, 0xFF,
	0xFF, 0xFF, 0xFF, 0xFF, 0xFF, 0xFF, 0xFF, 0xFF, 0xFF, 0xFF, 0xFF, 0xFF, 0xFF, 0xFF, 0xDE, 0xFF,
	0xFF, 0xFF, 0xFF, 0xFF, 0xFF, 0xFF, 0xFF, 0xFF, 0xFF, 0xFF, 0xFF, 0xFF, 0xFF, 0xFF, 0xFF, 0xFF,
	0xFF, 0xFF, 0xFF, 0xFF, 0xFF, 0xFF, 0xFF, 0xFF, 0xFF, 0xFF, 0xFF, 0xFF, 0xFF, 0xFF, 0xFE, 0xFF,
	0xFF, 0xFF, 0xFF, 0xFF, 0xFF, 0xFF, 0xFF, 0xFF, 0xFF, 0xFF, 0xFF, 0xFF, 0xFF, 0xFF, 0xFF, 0xFF,
	0xFF, 0xFF, 0xFF, 0xFF, 0xFF, 0xFF, 0xFF, 0xFF, 0xFF, 0xFF, 0xFF, 0xFF, 0xFF, 0xFF, 0xFF, 0xFF,
	0xFF, 0xFF, 0xFF, 0xFF, 0xFF, 0xFF, 0xFF, 0xFF, 0xFF, 0xFF, 0xFF, 0xFF, 0xFF, 0xFF, 0xFF, 0xFF,
	0xFF, 0xFF, 0xFF, 0xFF, 0xFF, 0xFF, 0xFF, 0xFF, 0xFF, 0xFF, 0xFF, 0xFF, 0xFF, 0xFF, 0xFF, 0xFF,
	0xFF, 0xFF, 0xFF, 0xFF, 0xFF, 0xFF, 0xFF, 0xFF, 0xFF, 0xFF, 0xFF, 0xFF, 0xFF, 0xFF, 0xFF, 0xFF,
	0xFF, 0xFF, 0xFF, 0xFF, 0xFF, 0xFF, 0xF2, 0x53, 0x52, 0x33, 0x32, 0x3B, 0x52, 0x33, 0x71, 0x3B,
	0x71, 0x33, 0x92, 0x33, 0x53, 0x3B, 0x93, 0x33, 0x54, 0x5C, 0xFF, 0xFF, 0xFF, 0xFF, 0xFF, 0xFF,
	0xFF, 0xFF, 0xFF, 0xFF, 0xFF, 0xFF, 0xFF, 0xFF, 0xFF, 0xFF, 0xFF, 0xFF, 0xFF, 0xFF, 0xFF, 0xFF,
	0xFF, 0xFF, 0xFF, 0xFF, 0xFF, 0xFF, 0xFF, 0xFF, 0xFF, 0xFF, 0xFF, 0xFF, 0xFF, 0xFF, 0xFF, 0xFF,
	0xFF, 0xFF, 0xFF, 0xFF, 0xFF, 0xFF, 0xFF, 0xFF, 0xFF, 0xFF, 0xFF, 0xFF, 0xFF, 0xFF, 0xFF, 0xFF,
	0xFF, 0xFF, 0xFF, 0xFF, 0xFF, 0xFF, 0xFF, 0xFF, 0xFF, 0xFF, 0xFF, 0xFF, 0xFF, 0xFF, 0xFF, 0xFF,
	0xFF, 0xFF, 0xFF, 0xFF, 0xFF, 0xFF, 0xFF, 0xFF, 0xFF, 0xFF, 0xFF, 0xFF, 0xFF, 0xFF, 0xFF, 0xFF,
	0xFF, 0xFF, 0xFF, 0xFF, 0xFF, 0xFF, 0xFF, 0xFF, 0xFF, 0xFF, 0xFF, 0xFF, 0xFF, 0xFF, 0xFF, 0xFF,
	0xFF, 0xFF, 0xFF, 0xFF, 0xFF, 0xFF, 0xFF, 0xFF, 0xFF, 0xFF, 0xFF, 0xFF, 0xFF, 0xFF, 0xFF, 0xFF,
	0xFF, 0xFF, 0xFF, 0xFF, 0xFF, 0xFF, 0xFF, 0xFF, 0xFF, 0xFF, 0xFF, 0xFF, 0xFF, 0xFF, 0xFF, 0xFF,
	0xFF, 0xFF, 0xFF, 0xFF, 0xFF, 0xFF, 0xFF, 0xFF, 0xFF, 0xFF, 0xFF, 0xFF, 0xFF, 0xFF, 0xFF, 0xFF,
	0xFF, 0xFF, 0xFF, 0xFF, 0xFF, 0xFF, 0xFF, 0xFF, 0xFF, 0xFF, 0xFF, 0xFF, 0xFF, 0xFF, 0xFF, 0xFF,
	0xFF, 0xFF, 0xFF, 0xFF, 0xFF, 0xFF, 0xFF, 0xFF, 0xFF, 0xFF, 0xFF, 0xFF, 0xFF, 0xFF, 0xFF, 0xFF,
	0xFF, 0xFF, 0xFF, 0xFF, 0xFF, 0xFF, 0xFF, 0xFF, 0xFF, 0xFF, 0xFF, 0xFF, 0xFF, 0xFF, 0xFF, 0xFF,
	0xFF, 0xFF, 0xFF, 0xFF, 0xFF, 0xFF, 0xFF, 0xFF, 0xFF, 0xFF, 0xFF, 0xFF, 0xFF, 0xFF, 0xFF, 0xFF,
	0xFF, 0xFF, 0xFF, 0xFF, 0xFF, 0xFF, 0xFF, 0xFF, 0xFF, 0xFF, 0xFF, 0xFF, 0xFF, 0xFF, 0xFF, 0xFF,
	0xFF, 0xFF, 0xFF, 0xFF, 0xFF, 0xFF, 0x78, 0x8D, 0x52, 0x2B, 0x31, 0x33, 0x52, 0x3B, 0x51, 0x33,
	0x72, 0x33, 0x71, 0x33, 0x73, 0x3B, 0x92, 0x33, 0x14, 0x4C, 0xFF, 0xF7, 0xFF, 0xFF, 0xFF, 0xFF,
	0xFF, 0xFF, 0xFF, 0xFF, 0xFF, 0xFF, 0xFF, 0xFF, 0xFF, 0xFF, 0xFF, 0xFF, 0xFF, 0xFF, 0xFF, 0xFF,
	0xFF, 0xFF, 0xFF, 0xFF, 0xFF, 0xFF, 0xFF, 0xFF, 0xFF, 0xFF, 0xFF, 0xFF, 0xFF, 0xFF, 0xFF, 0xFF,
	0xFF, 0xFF, 0xFF, 0xFF, 0xFF, 0xFF, 0xFF, 0xFF, 0xFF, 0xFF, 0xFF, 0xFF, 0xFF, 0xFF, 0xFF, 0xFF,
	0xFF, 0xFF, 0xFF, 0xFF, 0xFF, 0xFF, 0xFF, 0xFF, 0xFF, 0xFF, 0xFF, 0xFF, 0xFF, 0xFF, 0xFF, 0xFF,
	0xFF, 0xFF, 0xFF, 0xFF, 0xFF, 0xFF, 0xFF, 0xFF, 0xFF, 0xFF, 0xFF, 0xFF, 0xFF, 0xFF, 0xFF, 0xFF,
	0xFF, 0xFF, 0xFF, 0xFF, 0xFF, 0xFF, 0xFF, 0xFF, 0xFF, 0xFF, 0xFF, 0xFF, 0xFF, 0xFF, 0xFF, 0xFF,
	0xFF, 0xFF, 0xFF, 0xFF, 0xFF, 0xFF, 0xFF, 0xFF, 0xFF, 0xFF, 0xFF, 0xFF, 0xFF, 0xFF, 0xFF, 0xFF,
	0xFF, 0xFF, 0xFF, 0xFF, 0xFF, 0xFF, 0xFF, 0xFF, 0xFF, 0xFF, 0xFF, 0xFF, 0xFF, 0xFF, 0xFF, 0xFF,
	0xFF, 0xFF, 0xFF, 0xFF, 0xFF, 0xFF, 0xFF, 0xFF, 0xFF, 0xFF, 0xFF, 0xFF, 0xFF, 0xFF, 0xFF, 0xFF,
	0xFF, 0xFF, 0xFF, 0xFF, 0xFF, 0xFF, 0xFF, 0xFF, 0xFF, 0xFF, 0xFF, 0xFF, 0xFF, 0xFF, 0xFF, 0xFF,
	0xFF, 0xFF, 0xFF, 0xFF, 0xFF, 0xFF, 0xFF, 0xFF, 0xFF, 0xFF, 0xFF, 0xFF, 0xFF, 0xFF, 0xFF, 0xFF,
	0xFF, 0xFF, 0xFF, 0xFF, 0xFF, 0xFF, 0xFF, 0xFF, 0xFF, 0xFF, 0xFF, 0xFF, 0xFF, 0xFF, 0xFF, 0xFF,
	0xFF, 0xFF, 0xFF, 0xFF, 0xFF, 0xFF, 0xFF, 0xFF, 0xFF, 0xFF, 0xFF, 0xFF, 0xFF, 0xFF, 0xFF, 0xFF,
	0xFF, 0xFF, 0xFF, 0xFF, 0xFF, 0xFF, 0xFF, 0xFF, 0xFF, 0xFF, 0xFF, 0xFF, 0xFF, 0xFF, 0xFF, 0xFF,
	0xFF, 0xFF, 0xFF, 0xFF, 0xFF, 0xFF, 0xBC, 0xBE, 0x32, 0x2B, 0x52, 0x33, 0x51, 0x3B, 0x72, 0x3B,
	0x72, 0x33, 0x92, 0x3B, 0x72, 0x3B, 0x93, 0x3B, 0x73, 0x33, 0x7E, 0xE7, 0xFF, 0xFF, 0xFF, 0xFF,
	0xFF, 0xFF, 0xFF, 0xFF, 0xFF, 0xFF, 0xFF, 0xFF, 0xFF, 0xFF, 0xFF, 0xFF, 0xFF, 0xFF, 0xFF, 0xFF,
	0xFF, 0xFF, 0xFF, 0xFF, 0xFF, 0xFF, 0xFF, 0xFF, 0xFF, 0xFF, 0xFF, 0xFF, 0xFF, 0xFF, 0xFF, 0xFF,
	0xFF, 0xFF, 0xFF, 0xFF, 0xFF, 0xFF, 0xFF, 0xFF, 0xFF, 0xFF, 0xFF, 0xFF, 0xFF, 0xFF, 0xFF, 0xFF,
	0xFF, 0xFF, 0xFF, 0xFF, 0xFF, 0xFF, 0xFF, 0xFF, 0xFF, 0xFF, 0xFF, 0xFF, 0xFF, 0xFF, 0xFF, 0xFF,
	0xFF, 0xFF, 0xFF, 0xFF, 0xFF, 0xFF, 0xFF, 0xFF, 0xFF, 0xFF, 0xFF, 0xFF, 0xFF, 0xFF, 0xFF, 0xFF,
	0xFF, 0xFF, 0xFF, 0xFF, 0xFF, 0xFF, 0xFF, 0xFF, 0xFF, 0xFF, 0xFF, 0xFF, 0xFF, 0xFF, 0xFF, 0xFF,
	0xFF, 0xFF, 0xFF, 0xFF, 0xFF, 0xFF, 0xFF, 0xFF, 0xFF, 0xFF, 0xFF, 0xFF, 0xFF, 0xFF, 0xFF, 0xFF,
	0xFF, 0xFF, 0xFF, 0xFF, 0xFF, 0xFF, 0xFF, 0xFF, 0xFF, 0xFF, 0xFF, 0xFF, 0xFF, 0xFF, 0xFF, 0xFF,
	0xFF, 0xFF, 0xFF, 0xFF, 0xFF, 0xFF, 0xFF, 0xFF, 0xFF, 0xFF, 0xFF, 0xFF, 0xFF, 0xFF, 0xFF, 0xFF,
	0xFF, 0xFF, 0xFF, 0xFF, 0xFF, 0xFF, 0xFF, 0xFF, 0xFF, 0xFF, 0xFF, 0xFF, 0xFF, 0xFF, 0xFF, 0xFF,
	0xFF, 0xFF, 0xFF, 0xFF, 0xFF, 0xFF, 0xFF, 0xFF, 0xFF, 0xFF, 0xFF, 0xFF, 0xFF, 0xFF, 0xFF, 0xFF,
	0xFF, 0xFF, 0xFF, 0xFF, 0xFF, 0xFF, 0xFF, 0xFF, 0xFF, 0xFF, 0xFF, 0xFF, 0xFF, 0xFF, 0xFF, 0xFF,
	0xFF, 0xFF, 0xFF, 0xFF, 0xFF, 0xFF, 0xFF, 0xFF, 0xFF, 0xFF, 0xFF, 0xFF, 0xFF, 0xFF, 0xFF, 0xFF,
	0xFF, 0xFF, 0xFF, 0xFF, 0xFF, 0xFF, 0xFF, 0xFF, 0xFF, 0xFF, 0xFF, 0xFF, 0xFF, 0xFF, 0xFF, 0xFF,
	0xFF, 0xFF, 0xFF, 0xFF, 0xFF, 0xFF, 0x7F, 0xDF, 0x93, 0x3B, 0x51, 0x2B, 0x51, 0x3B, 0x52, 0x3B,
	0x72, 0x3B, 0x71, 0x33, 0x93, 0x3B, 0x92, 0x33, 0x32, 0x23, 0xBC, 0xBE, 0xFF, 0xFF, 0xFF, 0xFF,
	0xFF, 0xFF, 0xFF, 0xFF, 0xFF, 0xFF, 0xFF, 0xFF, 0xFF, 0xFF, 0xFF, 0xFF, 0xFF, 0xFF, 0xFF, 0xFF,
	0xFF, 0xFF, 0xFF, 0xFF, 0xFF, 0xFF, 0xFF, 0xFF, 0xFF, 0xFF, 0xFF, 0xFF, 0xFF, 0xFF, 0xFF, 0xFF,
	0xFF, 0xFF, 0xFF, 0xFF, 0xFF, 0xFF, 0xFF, 0xFF, 0xFF, 0xFF, 0xFF, 0xFF, 0xFF, 0xFF, 0xFF, 0xFF,
	0xFF, 0xFF, 0xFF, 0xFF, 0xFF, 0xFF, 0xFF, 0xFF, 0xFF, 0xFF, 0xFF, 0xFF, 0xFF, 0xFF, 0xFF, 0xFF,
	0xFF, 0xFF, 0xFF, 0xFF, 0xFF, 0xFF, 0xFF, 0xFF, 0xFF, 0xFF, 0xFF, 0xFF, 0xFF, 0xFF, 0xFF, 0xFF,
	0xFF, 0xFF, 0xFF, 0xFF, 0xFF, 0xFF, 0xFF, 0xFF, 0xFF, 0xFF, 0xFF, 0xFF, 0xFF, 0xFF, 0xFF, 0xFF,
	0xFF, 0xFF, 0xFF, 0xFF, 0xFF, 0xFF, 0xFF, 0xFF, 0xFF, 0xFF, 0xFF, 0xFF, 0xFF, 0xFF, 0xFF, 0xFF,
	0xFF, 0xFF, 0xFF, 0xFF, 0xFF, 0xFF, 0xFF, 0xFF, 0xFF, 0xFF, 0xFF, 0xFF, 0xFF, 0xFF, 0xFF, 0xFF,
	0xFF, 0xFF, 0xFF, 0xFF, 0xFF, 0xFF, 0xFF, 0xFF, 0xFF, 0xFF, 0xFF, 0xFF, 0xFF, 0xFF, 0xFF, 0xFF,
	0xFF, 0xFF, 0xFF, 0xFF, 0xFF, 0xFF, 0xFF, 0xFF, 0xFF, 0xFF, 0xFF, 0xFF, 0xFF, 0xFF, 0xFF, 0xFF,
	0xFF, 0xFF, 0xFF, 0xFF, 0xFF, 0xFF, 0xFF, 0xFF, 0xFF, 0xFF, 0xFF, 0xFF, 0xFF, 0xFF, 0xFF, 0xFF,
	0xFF, 0xFF, 0xFF, 0xFF, 0xFF, 0xFF, 0xFF, 0xFF, 0xFF, 0xFF, 0xFF, 0xFF, 0xFF, 0xFF, 0xFF, 0xFF,
	0xFF, 0xFF, 0xFF, 0xFF, 0xFF, 0xFF, 0xFF, 0xFF, 0xFF, 0xFF, 0xFF, 0xFF, 0xFF, 0xFF, 0xFF, 0xFF,
	0xFF, 0xFF, 0xFF, 0xFF, 0xFF, 0xFF, 0xFF, 0xFF, 0xFF, 0xFF, 0xFF, 0xFF, 0xFF, 0xFF, 0xFF, 0xFF,
	0xFF, 0xFF, 0xFF, 0xFF, 0xFF, 0xFF, 0xFF, 0xFF, 0xD2, 0x43, 0x72, 0x33, 0x51, 0x3B, 0x52, 0x3B,
	0x72, 0x3B, 0x72, 0x3B, 0x92, 0x3B, 0x93, 0x3B, 0x52, 0x2B, 0xD6, 0x7C, 0xFF, 0xFF, 0xFF, 0xFF,
	0xFF, 0xFF, 0xFF, 0xFF, 0xFF, 0xFF, 0xFF, 0xFF, 0xFF, 0xFF, 0xFF, 0xFF, 0xFF, 0xFF, 0xFF, 0xFF,
	0xFF, 0xFF, 0xFF, 0xFF, 0xFF, 0xFF, 0xFF, 0xFF, 0xFF, 0xFF, 0xFF, 0xFF, 0xFF, 0xFF, 0xFF, 0xFF,
	0xFF, 0xFF, 0xFF, 0xFF, 0xFF, 0xFF, 0xFF, 0xFF, 0xFF, 0xFF, 0xFF, 0xFF, 0xFF, 0xFF, 0xFF, 0xFF,
	0xFF, 0xFF, 0xFF, 0xFF, 0xFF, 0xFF, 0xFF, 0xFF, 0xFF, 0xFF, 0xFF, 0xFF, 0xFF, 0xFF, 0xFF, 0xFF,
	0xFF, 0xFF, 0xFF, 0xFF, 0xFF, 0xFF, 0xFF, 0xFF, 0xFF, 0xFF, 0xFF, 0xFF, 0xFF, 0xFF, 0xFF, 0xFF,
	0xFF, 0xFF, 0xFF, 0xFF, 0xFF, 0xFF, 0xFF, 0xFF, 0xFF, 0xFF, 0xFF, 0xFF, 0xFF, 0xFF, 0xFF, 0xFF,
	0xFF, 0xFF, 0xFF, 0xFF, 0xFF, 0xFF, 0xFF, 0xFF, 0xFF, 0xFF, 0xFF, 0xFF, 0xFF, 0xFF, 0xFF, 0xFF,
	0xFF, 0xFF, 0xFF, 0xFF, 0xFF, 0xFF, 0xFF, 0xFF, 0xFF, 0xFF, 0xFF, 0xFF, 0xFF, 0xFF, 0xFF, 0xFF,
	0xFF, 0xFF, 0xFF, 0xFF, 0xFF, 0xFF, 0xFF, 0xFF, 0xFF, 0xFF, 0xFF, 0xFF, 0xFF, 0xFF, 0xFF, 0xFF,
	0xFF, 0xFF, 0xFF, 0xFF, 0xFF, 0xFF, 0xFF, 0xFF, 0xFF, 0xFF, 0xFF, 0xFF, 0xFF, 0xFF, 0xFF, 0xFF,
	0xFF, 0xFF, 0xFF, 0xFF, 0xFF, 0xFF, 0xFF, 0xFF, 0xFF, 0xFF, 0xFF, 0xFF, 0xFF, 0xFF, 0xFF, 0xFF,
	0xFF, 0xFF, 0xFF, 0xFF, 0xFF, 0xFF, 0xFF, 0xFF, 0xFF, 0xFF, 0xFF, 0xFF, 0xFF, 0xFF, 0xFF, 0xFF,
	0xFF, 0xFF, 0xFF, 0xFF, 0xFF, 0xFF, 0xFF, 0xFF, 0xFF, 0xFF, 0xFF, 0xFF, 0xFF, 0xFF, 0xFF, 0xFF,
	0xFF, 0xFF, 0xFF, 0xFF, 0xFF, 0xFF, 0xFF, 0xFF, 0xFF, 0xFF, 0xFF, 0xFF, 0xFF, 0xFF, 0xFF, 0xFF,
	0xFF, 0xFF, 0xFF, 0xFF, 0xFF, 0xFF, 0xFF, 0xFF, 0xF6, 0x7C, 0x31, 0x2B, 0x51, 0x3B, 0x52, 0x33,
	0x72, 0x3B, 0x71, 0x3B, 0x93, 0x3B, 0x93, 0x3B, 0x93, 0x33, 0x71, 0x3B, 0xFF, 0xFF, 0xFF, 0xFF,
	0xFF, 0xFF, 0xFF, 0xFF, 0xFF, 0xFF, 0xFF, 0xFF, 0xFF, 0xFF, 0xFF, 0xFF, 0xFF, 0xFF, 0xFF, 0xFF,
	0xFF, 0xFF, 0xFF, 0xFF, 0xFF, 0xFF, 0xFF, 0xFF, 0xFF, 0xFF, 0xFF, 0xFF, 0xFF, 0xFF, 0xFF, 0xFF,
	0xFF, 0xFF, 0xFF, 0xFF, 0xFF, 0xFF, 0xFF, 0xFF, 0xFF, 0xFF, 0xFF, 0xFF, 0xFF, 0xFF, 0xFF, 0xFF,
	0xFF, 0xFF, 0xFF, 0xFF, 0xFF, 0xFF, 0xFF, 0xFF, 0xFF, 0xFF, 0xFF, 0xFF, 0xFF, 0xFF, 0xFF, 0xFF,
	0xFF, 0xFF, 0xFF, 0xFF, 0xFF, 0xFF, 0xFF, 0xFF, 0xFF, 0xFF, 0xFF, 0xFF, 0xFF, 0xFF, 0xFF, 0xFF,
	0xFF, 0xFF, 0xFF, 0xFF, 0xFF, 0xFF, 0xFF, 0xFF, 0xFF, 0xFF, 0xFF, 0xFF, 0xFF, 0xFF, 0xFF, 0xFF,
	0xFF, 0xFF, 0xFF, 0xFF, 0xFF, 0xFF, 0xFF, 0xFF, 0xFF, 0xFF, 0xFF, 0xFF, 0xFF, 0xFF, 0xFF, 0xFF,
	0xFF, 0xFF, 0xFF, 0xFF, 0xFF, 0xFF, 0xFF, 0xFF, 0xFF, 0xFF, 0xFF, 0xFF, 0xFF, 0xFF, 0xFF, 0xFF,
	0xFF, 0xFF, 0xFF, 0xFF, 0xFF, 0xFF, 0xFF, 0xFF, 0xFF, 0xFF, 0xFF, 0xFF, 0xFF, 0xFF, 0xFF, 0xFF,
	0xFF, 0xFF, 0xFF, 0xFF, 0xFF, 0xFF, 0xFF, 0xFF, 0xFF, 0xFF, 0xFF, 0xFF, 0xFF, 0xFF, 0xFF, 0xFF,
	0xFF, 0xFF, 0xFF, 0xFF, 0xFF, 0xFF, 0xFF, 0xFF, 0xFF, 0xFF, 0xFF, 0xFF, 0xFF, 0xFF, 0xFF, 0xFF,
	0xFF, 0xFF, 0xFF, 0xFF, 0xFF, 0xFF, 0xFF, 0xFF, 0xFF, 0xFF, 0xFF, 0xFF, 0xFF, 0xFF, 0xFF, 0xFF,
	0xFF, 0xFF, 0xFF, 0xFF, 0xFF, 0xFF, 0xFF, 0xFF, 0xFF, 0xFF, 0xFF, 0xFF, 0xFF, 0xFF, 0xFF, 0xFF,
	0xFF, 0xFF, 0xFF, 0xFF, 0xFF, 0xFF, 0xFF, 0xFF, 0xFF, 0xFF, 0xFF, 0xFF, 0xFF, 0xFF, 0xFF, 0xFF,
	0xFF, 0xFF, 0xFF, 0xFF, 0xFF, 0xFF, 0xFF, 0xFF, 0xBB, 0xBE, 0xF0, 0x22, 0x52, 0x33, 0x73, 0x3B,
	0x71, 0x33, 0x72, 0x3B, 0x73, 0x33, 0x93, 0x3B, 0x93, 0x3B, 0x10, 0x2B, 0xDB, 0xC6, 0xFF, 0xFF,
	0xFF, 0xFF, 0xFF, 0xFF, 0xFF, 0xFF, 0xFF, 0xFF, 0xFF, 0xFF, 0xFF, 0xFF, 0xFF, 0xFF, 0xFF, 0xFF,
	0xFF, 0xFF, 0xFF, 0xFF, 0xFF, 0xFF, 0xFF, 0xFF, 0xFF, 0xFF, 0xFF, 0xFF, 0xFF, 0xFF, 0xFF, 0xFF,
	0xFF, 0xFF, 0xFF, 0xFF, 0xFF, 0xFF, 0xFF, 0xFF, 0xFF, 0xFF, 0xFF, 0xFF, 0xFF, 0xFF, 0xFF, 0xFF,
	0xFF, 0xFF, 0xFF, 0xFF, 0xFF, 0xFF, 0xFF, 0xFF, 0xFF, 0xFF, 0xFF, 0xFF, 0xFF, 0xFF, 0xFF, 0xFF,
	0xFF, 0xFF, 0xFF, 0xFF, 0xFF, 0xFF, 0xFF, 0xFF, 0xFF, 0xFF, 0xFF, 0xFF, 0xFF, 0xFF, 0xFF, 0xFF,
	0xFF, 0xFF, 0xFF, 0xFF, 0xFF, 0xFF, 0xFF, 0xFF, 0xFF, 0xFF, 0xFF, 0xFF, 0xFF, 0xFF, 0xFF, 0xFF,
	0xFF, 0xFF, 0xFF, 0xFF, 0xFF, 0xFF, 0xFF, 0xFF, 0xFF, 0xFF, 0xFF, 0xFF, 0xFF, 0xFF, 0xFF, 0xFF,
	0xFF, 0xFF, 0xFF, 0xFF, 0xFF, 0xFF, 0xFF, 0xFF, 0xFF, 0xFF, 0xFF, 0xFF, 0xFF, 0xFF, 0xFF, 0xFF,
	0xFF, 0xFF, 0xFF, 0xFF, 0xFF, 0xFF, 0xFF, 0xFF, 0xFF, 0xFF, 0xFF, 0xFF, 0xFF, 0xFF, 0xFF, 0xFF,
	0xFF, 0xFF, 0xFF, 0xFF, 0xFF, 0xFF, 0xFF, 0xFF, 0xFF, 0xFF, 0xFF, 0xFF, 0xFF, 0xFF, 0xFF, 0xFF,
	0xFF, 0xFF, 0xFF, 0xFF, 0xFF, 0xFF, 0xFF, 0xFF, 0xFF, 0xFF, 0xFF, 0xFF, 0xFF, 0xFF, 0xFF, 0xFF,
	0xFF, 0xFF, 0xFF, 0xFF, 0xFF, 0xFF, 0xFF, 0xFF, 0xFF, 0xFF, 0xFF, 0xFF, 0xFF, 0xFF, 0xFF, 0xFF,
	0xFF, 0xFF, 0xFF, 0xFF, 0xFF, 0xFF, 0xFF, 0xFF, 0xFF, 0xFF, 0xFF, 0xFF, 0xFF, 0xFF, 0xFF, 0xFF,
	0xFF, 0xFF, 0xFF, 0xFF, 0xFF, 0xFF, 0xFF, 0xFF, 0xFF, 0xFF, 0xFF, 0xFF, 0xFF, 0xFF, 0xFF, 0xFF,
	0xFF, 0xFF, 0xFF, 0xFF, 0xFF, 0xFF, 0xFF, 0xFF, 0x5E, 0xE7, 0x10, 0x2B, 0x52, 0x33, 0x72, 0x33,
	0x71, 0x3B, 0x71, 0x3B, 0x73, 0x3B, 0x93, 0x33, 0xB3, 0x3B, 0x31, 0x23, 0x13, 0x64, 0xFF, 0xFF,
	0xFF, 0xFF, 0xFF, 0xFF, 0xFF, 0xFF, 0xFF, 0xFF, 0xFF, 0xFF, 0xFF, 0xFF, 0xFF, 0xFF, 0xFF, 0xFF,
	0xFF, 0xFF, 0xFF, 0xFF, 0xFF, 0xFF, 0xFF, 0xFF, 0xFF, 0xFF, 0xFF, 0xFF, 0xFF, 0xFF, 0xFF, 0xFF,
	0xFF, 0xFF, 0xFF, 0xFF, 0xFF, 0xFF, 0xFF, 0xFF, 0xFF, 0xFF, 0xFF, 0xFF, 0xFF, 0xFF, 0xFF, 0xFF,
	0xFF, 0xFF, 0xFF, 0xFF, 0xFF, 0xFF, 0xFF, 0xFF, 0xFF, 0xFF, 0xFF, 0xFF, 0xFF, 0xFF, 0xFF, 0xFF,
	0xFF, 0xFF, 0xFF, 0xFF, 0xFF, 0xFF, 0xFF, 0xFF, 0xFF, 0xFF, 0xFF, 0xFF, 0xFF, 0xFF, 0xFF, 0xFF,
	0xFF, 0xFF, 0xFF, 0xFF, 0xFF, 0xFF, 0xFF, 0xFF, 0xFF, 0xFF, 0xFF, 0xFF, 0xFF, 0xFF, 0xFF, 0xFF,
	0xFF, 0xFF, 0xFF, 0xFF, 0xFF, 0xFF, 0xFF, 0xFF, 0xFF, 0xFF, 0xFF, 0xFF, 0xFF, 0xFF, 0xFF, 0xFF,
	0xFF, 0xFF, 0xFF, 0xFF, 0xFF, 0xFF, 0xFF, 0xFF, 0xFF, 0xFF, 0xFF, 0xFF, 0xFF, 0xFF, 0xFF, 0xFF,
	0xFF, 0xFF, 0xFF, 0xFF, 0xFF, 0xFF, 0xFF, 0xFF, 0xFF, 0xFF, 0xFF, 0xFF, 0xFF, 0xFF, 0xFF, 0xFF,
	0xFF, 0xFF, 0xFF, 0xFF, 0xFF, 0xFF, 0xFF, 0xFF, 0xFF, 0xFF, 0xFF, 0xFF, 0xFF, 0xFF, 0xFF, 0xFF,
	0xFF, 0xFF, 0xFF, 0xFF, 0xFF, 0xFF, 0xFF, 0xFF, 0xFF, 0xFF, 0xFF, 0xFF, 0xFF, 0xFF, 0xFF, 0xFF,
	0xFF, 0xFF, 0xFF, 0xFF, 0xFF, 0xFF, 0xFF, 0xFF, 0xFF, 0xFF, 0xFF, 0xFF, 0xFF, 0xFF, 0xFF, 0xFF,
	0xFF, 0xFF, 0xFF, 0xFF, 0xFF, 0xFF, 0xFF, 0xFF, 0xFF, 0xFF, 0xFF, 0xFF, 0xFF, 0xFF, 0xFF, 0xFF,
	0xFF, 0xFF, 0xFF, 0xFF, 0xFF, 0xFF, 0xFF, 0xFF, 0xFF, 0xFF, 0xFF, 0xFF, 0xFF, 0xFF, 0xFF, 0xFF,
	0xFF, 0xFF, 0xFF, 0xFF, 0xFF, 0xFF, 0xFF, 0xFF, 0xFF, 0xFF, 0xB2, 0x4B, 0x31, 0x33, 0x72, 0x3B,
	0x72, 0x33, 0x93, 0x3B, 0x72, 0x3B, 0xB2, 0x3B, 0xB3, 0x3B, 0xB4, 0x33, 0xAF, 0x22, 0x9F, 0xE7,
	0xFF, 0xFF, 0xFF, 0xFF, 0xFF, 0xFF, 0xFF, 0xFF, 0xFF, 0xFF, 0xFF, 0xFF, 0xFF, 0xFF, 0xFF, 0xFF,
	0xFF, 0xFF, 0xFF, 0xFF, 0xFF, 0xFF, 0xFF, 0xFF, 0xFF, 0xFF, 0xFF, 0xFF, 0xFF, 0xFF, 0xFF, 0xFF,
	0xFF, 0xFF, 0xFF, 0xFF, 0xFF, 0xFF, 0xFF, 0xFF, 0xFF, 0xFF, 0xFF, 0xFF, 0xFF, 0xFF, 0xFF, 0xFF,
	0xFF, 0xFF, 0xFF, 0xFF, 0xFF, 0xFF, 0xFF, 0xFF, 0xFF, 0xFF, 0xFF, 0xFF, 0xFF, 0xFF, 0xFF, 0xFF,
	0xFF, 0xFF, 0xFF, 0xFF, 0xFF, 0xFF, 0xFF, 0xFF, 0xFF, 0xFF, 0xFF, 0xFF, 0xFF, 0xFF, 0xFF, 0xFF,
	0xFF, 0xFF, 0xFF, 0xFF, 0xFF, 0xFF, 0xFF, 0xFF, 0xFF, 0xFF, 0xFF, 0xFF, 0xFF, 0xFF, 0xFF, 0xFF,
	0xFF, 0xFF, 0xFF, 0xFF, 0xFF, 0xFF, 0xFF, 0xFF, 0xFF, 0xFF, 0xFF, 0xFF, 0xFF, 0xFF, 0xFF, 0xFF,
	0xFF, 0xFF, 0xFF, 0xFF, 0xFF, 0xFF, 0xFF, 0xFF, 0xFF, 0xFF, 0xFF, 0xFF, 0xFF, 0xFF, 0xFF, 0xFF,
	0xFF, 0xFF, 0xFF, 0xFF, 0xFF, 0xFF, 0xFF, 0xFF, 0xFF, 0xFF, 0xFF, 0xFF, 0xFF, 0xFF, 0xFF, 0xFF,
	0xFF, 0xFF, 0xFF, 0xFF, 0xFF, 0xFF, 0xFF, 0xFF, 0xFF, 0xFF, 0xFF, 0xFF, 0xFF, 0xFF, 0xFF, 0xFF,
	0xFF, 0xFF, 0xFF, 0xFF, 0xFF, 0xFF, 0xFF, 0xFF, 0xFF, 0xFF, 0xFF, 0xFF, 0xFF, 0xFF, 0xFF, 0xFF,
	0xFF, 0xFF, 0xFF, 0xFF, 0xFF, 0xFF, 0xFF, 0xFF, 0xFF, 0xFF, 0xFF, 0xFF, 0xFF, 0xFF, 0xFF, 0xFF,
	0xFF, 0xFF, 0xFF, 0xFF, 0xFF, 0xFF, 0xFF, 0xFF, 0xFF, 0xFF, 0xFF, 0xFF, 0xFF, 0xFF, 0xFF, 0xFF,
	0xFF, 0xFF, 0xFF, 0xFF, 0xFF, 0xFF, 0xFF, 0xFF, 0xFF, 0xFF, 0xFF, 0xFF, 0xFF, 0xFF, 0xFF, 0xFF,
	0xFF, 0xFF, 0xFF, 0xFF, 0xFF, 0xFF, 0xFF, 0xFF, 0xFF, 0xFF, 0x73, 0x6C, 0x10, 0x33, 0x51, 0x33,
	0x72, 0x33, 0x72, 0x33, 0x92, 0x3B, 0x92, 0x33, 0xB3, 0x3B, 0xB3, 0x3B, 0x10, 0x2B, 0x33, 0x64,
	0xFF, 0xFF, 0xFF, 0xFF, 0xFF, 0xFF, 0xFF, 0xFF, 0xFF, 0xFF, 0xFF, 0xFF, 0xFF, 0xFF, 0xFF, 0xFF,
	0xFF, 0xFF, 0xFF, 0xFF, 0xFF, 0xFF, 0xFF, 0xFF, 0xFF, 0xFF, 0xFF, 0xFF, 0xFF, 0xFF, 0xFF, 0xFF,
	0xFF, 0xFF, 0xFF, 0xFF, 0xFF, 0xFF, 0xFF, 0xFF, 0xFF, 0xFF, 0xFF, 0xFF, 0xFF, 0xFF, 0xFF, 0xFF,
	0xFF, 0xFF, 0xFF, 0xFF, 0xFF, 0xFF, 0xFF, 0xFF, 0xFF, 0xFF, 0xFF, 0xFF, 0xFF, 0xFF, 0xFF, 0xFF,
	0xFF, 0xFF, 0xFF, 0xFF, 0xFF, 0xFF, 0xFF, 0xFF, 0xFF, 0xFF, 0xFF, 0xFF, 0xFF, 0xFF, 0xFF, 0xFF,
	0xFF, 0xFF, 0xFF, 0xFF, 0xFF, 0xFF, 0xFF, 0xFF, 0xFF, 0xFF, 0xFF, 0xFF, 0xFF, 0xFF, 0xFF, 0xFF,
	0xFF, 0xFF, 0xFF, 0xFF, 0xFF, 0xFF, 0xFF, 0xFF, 0xFF, 0xFF, 0xFF, 0xFF, 0xFF, 0xFF, 0xFF, 0xFF,
	0xFF, 0xFF, 0xFF, 0xFF, 0xFF, 0xFF, 0xFF, 0xFF, 0xFF, 0xFF, 0xFF, 0xFF, 0xFF, 0xFF, 0xFF, 0xFF,
	0xFF, 0xFF, 0xFF, 0xFF, 0xFF, 0xFF, 0xFF, 0xFF, 0xFF, 0xFF, 0xFF, 0xFF, 0xFF, 0xFF, 0xFF, 0xFF,
	0xFF, 0xFF, 0xFF, 0xFF, 0xFF, 0xFF, 0xFF, 0xFF, 0xFF, 0xFF, 0xFF, 0xFF, 0xFF, 0xFF, 0xFF, 0xFF,
	0xFF, 0xFF, 0xFF, 0xFF, 0xFF, 0xFF, 0xFF, 0xFF, 0xFF, 0xFF, 0xFF, 0xFF, 0xFF, 0xFF, 0xFF, 0xFF,
	0xFF, 0xFF, 0xFF, 0xFF, 0xFF, 0xFF, 0xFF, 0xFF, 0xFF, 0xFF, 0xFF, 0xFF, 0xFF, 0xFF, 0xFF, 0xFF,
	0xFF, 0xFF, 0xFF, 0xFF, 0xFF, 0xFF, 0xFF, 0xFF, 0xFF, 0xFF, 0xFF, 0xFF, 0xFF, 0xFF, 0xFF, 0xFF,
	0xFF, 0xFF, 0xFF, 0xFF, 0xFF, 0xFF, 0xFF, 0xFF, 0xFF, 0xFF, 0xFF, 0xFF, 0xFF, 0xFF, 0xFF, 0xFF,
	0xFF, 0xFF, 0xFF, 0xFF, 0xFF, 0xFF, 0xFF, 0xFF, 0xFF, 0xFF, 0x7B, 0xBE, 0xAE, 0x1A, 0x72, 0x3B,
	0x72, 0x3B, 0x93, 0x3B, 0x92, 0x3B, 0xB3, 0x3B, 0x93, 0x3B, 0xD3, 0x3B, 0x92, 0x3B, 0x6E, 0x1A,
	0xFC, 0xCE, 0xFF, 0xFF, 0xFF, 0xFF, 0xFF, 0xFF, 0xFF, 0xFF, 0xFF, 0xFF, 0xFF, 0xFF, 0xFF, 0xFF,
	0xFF, 0xFF, 0xFF, 0xFF, 0xFF, 0xFF, 0xFF, 0xFF, 0xFF, 0xFF, 0xFF, 0xFF, 0xFF, 0xFF, 0xFF, 0xFF,
	0xFF, 0xFF, 0xFF, 0xFF, 0xFF, 0xFF, 0xFF, 0xFF, 0xFF, 0xFF, 0xFF, 0xFF, 0xFF, 0xFF, 0xFF, 0xFF,
	0xFF, 0xFF, 0xFF, 0xFF, 0xFF, 0xFF, 0xFF, 0xFF, 0xFF, 0xFF, 0xFF, 0xFF, 0xFF, 0xFF, 0xFF, 0xFF,
	0xFF, 0xFF, 0xFF, 0xFF, 0xFF, 0xFF, 0xFF, 0xFF, 0xFF, 0xFF, 0xFF, 0xFF, 0xFF, 0xFF, 0xFF, 0xFF,
	0xFF, 0xFF, 0xFF, 0xFF, 0xFF, 0xFF, 0xFF, 0xFF, 0xFF, 0xFF, 0xFF, 0xFF, 0xFF, 0xFF, 0xFF, 0xFF,
	0xFF, 0xFF, 0xFF, 0xFF, 0xFF, 0xFF, 0xFF, 0xFF, 0xFF, 0xFF, 0xFF, 0xFF, 0xFF, 0xFF, 0xFF, 0xFF,
	0xFF, 0xFF, 0xFF, 0xFF, 0xFF, 0xFF, 0xFF, 0xFF, 0xFF, 0xFF, 0xFF, 0xFF, 0xFF, 0xFF, 0xFF, 0xFF,
	0xFF, 0xFF, 0xFF, 0xFF, 0xFF, 0xFF, 0xFF, 0xFF, 0xFF, 0xFF, 0xFF, 0xFF, 0xFF, 0xFF, 0xFF, 0xFF,
	0xFF, 0xFF, 0xFF, 0xFF, 0xFF, 0xFF, 0xFF, 0xFF, 0xFF, 0xFF, 0xFF, 0xFF, 0xFF, 0xFF, 0xFF, 0xFF,
	0xFF, 0xFF, 0xFF, 0xFF, 0xFF, 0xFF, 0xFF, 0xFF, 0xFF, 0xFF, 0xFF, 0xFF, 0xFF, 0xFF, 0xFF, 0xFF,
	0xFF, 0xFF, 0xFF, 0xFF, 0xFF, 0xFF, 0xFF, 0xFF, 0xFF, 0xFF, 0xFF, 0xFF, 0xFF, 0xFF, 0xFF, 0xFF,
	0xFF, 0xFF, 0xFF, 0xFF, 0xFF, 0xFF, 0xFF, 0xFF, 0xFF, 0xFF, 0xFF, 0xFF, 0xFF, 0xFF, 0xFF, 0xFF,
	0xFF, 0xFF, 0xFF, 0xFF, 0xFF, 0xFF, 0xFF, 0xFF, 0xFF, 0xFF, 0xFF, 0xFF, 0xFF, 0xFF, 0xFF, 0xFF,
	0xFF, 0xFF, 0xFF, 0xFF, 0xFF, 0xFF, 0xFF, 0xFF, 0xFF, 0xFF, 0x7D, 0xE7, 0x8E, 0x1A, 0x52, 0x33,
	0x92, 0x3B, 0x72, 0x33, 0x93, 0x3B, 0x93, 0x3B, 0xB3, 0x3B, 0x92, 0x33, 0xD3, 0x3B, 0x31, 0x2B,
	0x4C, 0x1A, 0xFF, 0xFF, 0xFF, 0xFF, 0xFF, 0xFF, 0xFF, 0xFF, 0xFF, 0xFF, 0xFF, 0xFF, 0xFF, 0xFF,
	0xFF, 0xFF, 0xFF, 0xFF, 0xFF, 0xFF, 0xFF, 0xFF, 0xFF, 0xFF, 0xFF, 0xFF, 0xFF, 0xFF, 0xFF, 0xFF,
	0xFF, 0xFF, 0xFF, 0xFF, 0xFF, 0xFF, 0xFF, 0xFF, 0xFF, 0xFF, 0xFF, 0xFF, 0xFF, 0xFF, 0xFF, 0xFF,
	0xFF, 0xFF, 0xFF, 0xFF, 0xFF, 0xFF, 0xFF, 0xFF, 0xFF, 0xFF, 0xFF, 0xFF, 0xFF, 0xFF, 0xFF, 0xFF,
	0xFF, 0xFF, 0xFF, 0xFF, 0xFF, 0xFF, 0xFF, 0xFF, 0xFF, 0xFF, 0xFF, 0xFF, 0xFF, 0xFF, 0xFF, 0xFF,
	0xFF, 0xFF, 0xFF, 0xFF, 0xFF, 0xFF, 0xFF, 0xFF, 0xFF, 0xFF, 0xFF, 0xFF, 0xFF, 0xFF, 0xFF, 0xFF,
	0xFF, 0xFF, 0xFF, 0xFF, 0xFF, 0xFF, 0xFF, 0xFF, 0xFF, 0xFF, 0xFF, 0xFF, 0xFF, 0xFF, 0xFF, 0xFF,
	0xFF, 0xFF, 0xFF, 0xFF, 0xFF, 0xFF, 0xFF, 0xFF, 0xFF, 0xFF, 0xFF, 0xFF, 0xFF, 0xFF, 0xFF, 0xFF,
	0xFF, 0xFF, 0xFF, 0xFF, 0xFF, 0xFF, 0xFF, 0xFF, 0xFF, 0xFF, 0xFF, 0xFF, 0xFF, 0xFF, 0xFF, 0xFF,
	0xFF, 0xFF, 0xFF, 0xFF, 0xFF, 0xFF, 0xFF, 0xFF, 0xFF, 0xFF, 0xFF, 0xFF, 0xFF, 0xFF, 0xFF, 0xFF,
	0xFF, 0xFF, 0xFF, 0xFF, 0xFF, 0xFF, 0xFF, 0xFF, 0xFF, 0xFF, 0xFF, 0xFF, 0xFF, 0xFF, 0xFF, 0xFF,
	0xFF, 0xFF, 0xFF, 0xFF, 0xFF, 0xFF, 0xFF, 0xFF, 0xFF, 0xFF, 0xFF, 0xFF, 0xFF, 0xFF, 0xFF, 0xFF,
	0xFF, 0xFF, 0xFF, 0xFF, 0xFF, 0xFF, 0xFF, 0xFF, 0xFF, 0xFF, 0xFF, 0xFF, 0xFF, 0xFF, 0xFF, 0xFF,
	0xFF, 0xFF, 0xFF, 0xFF, 0xFF, 0xFF, 0xFF, 0xFF, 0xFF, 0xFF, 0xFF, 0xFF, 0xFF, 0xFF, 0xFF, 0xFF,
	0xFF, 0xFF, 0xFF, 0xFF, 0xFF, 0xFF, 0xFF, 0xFF, 0xFF, 0xFF, 0xFF, 0xFF, 0x51, 0x43, 0x51, 0x33,
	0x72, 0x3B, 0x92, 0x3B, 0x93, 0x33, 0xB3, 0x43, 0xB3, 0x33, 0xB3, 0x3B, 0xB3, 0x3B, 0xD4, 0x3B,
	0xCF, 0x22, 0x30, 0x43, 0xFF, 0xFF, 0xFF, 0xFF, 0xFF, 0xFF, 0xFF, 0xFF, 0xFF, 0xFF, 0xFF, 0xFF,
	0xFF, 0xFF, 0xFF, 0xFF, 0xFF, 0xFF, 0xFF, 0xFF, 0xFF, 0xFF, 0xFF, 0xFF, 0xFF, 0xFF, 0xFF, 0xFF,
	0xFF, 0xFF, 0xFF, 0xFF, 0xFF, 0xFF, 0xFF, 0xFF, 0xFF, 0xFF, 0xFF, 0xFF, 0xFF, 0xFF, 0xFF, 0xFF,
	0xFF, 0xFF, 0xFF, 0xFF, 0xFF, 0xFF, 0xFF, 0xFF, 0xFF, 0xFF, 0xFF, 0xFF, 0xFF, 0xFF, 0xFF, 0xFF,
	0xFF, 0xFF, 0xFF, 0xFF, 0xFF, 0xFF, 0xFF, 0xFF, 0xFF, 0xFF, 0xFF, 0xFF, 0xFF, 0xFF, 0xFF, 0xFF,
	0xFF, 0xFF, 0xFF, 0xFF, 0xFF, 0xFF, 0xFF, 0xFF, 0xFF, 0xFF, 0xFF, 0xFF, 0xFF, 0xFF, 0xFF, 0xFF,
	0xFF, 0xFF, 0xFF, 0xFF, 0xFF, 0xFF, 0xFF, 0xFF, 0xFF, 0xFF, 0xFF, 0xFF, 0xFF, 0xFF, 0xFF, 0xFF,
	0xFF, 0xFF, 0xFF, 0xFF, 0xFF, 0xFF, 0xFF, 0xFF, 0xFF, 0xFF, 0xFF, 0xFF, 0xFF, 0xFF, 0xFF, 0xFF,
	0xFF, 0xFF, 0xFF, 0xFF, 0xFF, 0xFF, 0xFF, 0xFF, 0xFF, 0xFF, 0xFF, 0xFF, 0xFF, 0xFF, 0xFF, 0xFF,
	0xFF, 0xFF, 0xFF, 0xFF, 0xFF, 0xFF, 0xFF, 0xFF, 0xFF, 0xFF, 0xFF, 0xFF, 0xFF, 0xFF, 0xFF, 0xFF,
	0xFF, 0xFF, 0xFF, 0xFF, 0xFF, 0xFF, 0xFF, 0xFF, 0xFF, 0xFF, 0xFF, 0xFF, 0xFF, 0xFF, 0xFF, 0xFF,
	0xFF, 0xFF, 0xFF, 0xFF, 0xFF, 0xFF, 0xFF, 0xFF, 0xFF, 0xFF, 0xFF, 0xFF, 0xFF, 0xFF, 0xFF, 0xFF,
	0xFF, 0xFF, 0xFF, 0xFF, 0xFF, 0xFF, 0xFF, 0xFF, 0xFF, 0xFF, 0xFF, 0xFF, 0xFF, 0xFF, 0xFF, 0xFF,
	0xFF, 0xFF, 0xFF, 0xFF, 0xFF, 0xFF, 0xFF, 0xFF, 0xFF, 0xFF, 0xFF, 0xFF, 0xFF, 0xFF, 0xFF, 0xFF,
	0xFF, 0xFF, 0xFF, 0xFF, 0xFF, 0xFF, 0xFF, 0xFF, 0xFF, 0xFF, 0xFF, 0xFF, 0x33, 0x6C, 0xF0, 0x2A,
	0x72, 0x3B, 0x72, 0x3B, 0x93, 0x3B, 0x92, 0x3B, 0xB3, 0x3B, 0xB3, 0x33, 0xB3, 0x3B, 0xD3, 0x3B,
	0xB3, 0x33, 0x6D, 0x1A, 0x0E, 0x43, 0xFF, 0xFF, 0xFF, 0xFF, 0xFF, 0xFF, 0xFF, 0xFF, 0xFF, 0xFF,
	0xFF, 0xFF, 0xFF, 0xFF, 0xFF, 0xFF, 0xFF, 0xFF, 0xFF, 0xFF, 0xFF, 0xFF, 0xFF, 0xFF, 0xFF, 0xFF,
	0xFF, 0xFF, 0xFF, 0xFF, 0xFF, 0xFF, 0xFF, 0xFF, 0xFF, 0xFF, 0xFF, 0xFF, 0xFF, 0xFF, 0xFF, 0xFF,
	0xFF, 0xFF, 0xFF, 0xFF, 0xFF, 0xFF, 0xFF, 0xFF, 0xFF, 0xFF, 0xFF, 0xFF, 0xFF, 0xFF, 0xFF, 0xFF,
	0xFF, 0xFF, 0xFF, 0xFF, 0xFF, 0xFF, 0xFF, 0xFF, 0xFF, 0xFF, 0xFF, 0xFF, 0xFF, 0xFF, 0xFF, 0xFF,
	0xFF, 0xFF, 0xFF, 0xFF, 0xFF, 0xFF, 0xFF, 0xFF, 0xFF, 0xFF, 0xFF, 0xFF, 0xFF, 0xFF, 0xFF, 0xFF,
	0xFF, 0xFF, 0xFF, 0xFF, 0xFF, 0xFF, 0xFF, 0xFF, 0xFF, 0xFF, 0xFF, 0xFF, 0xFF, 0xFF, 0xFF, 0xFF,
	0xFF, 0xFF, 0xFF, 0xFF, 0xFF, 0xFF, 0xFF, 0xFF, 0xFF, 0xFF, 0xFF, 0xFF, 0xFF, 0xFF, 0xFF, 0xFF,
	0xFF, 0xFF, 0xFF, 0xFF, 0xFF, 0xFF, 0xFF, 0xFF, 0xFF, 0xFF, 0xFF, 0xFF, 0xFF, 0xFF, 0xFF, 0xFF,
	0xFF, 0xFF, 0xFF, 0xFF, 0xFF, 0xFF, 0xFF, 0xFF, 0xFF, 0xFF, 0xFF, 0xFF, 0xFF, 0xFF, 0xFF, 0xFF,
	0xFF, 0xFF, 0xFF, 0xFF, 0xFF, 0xFF, 0xFF, 0xFF, 0xFF, 0xFF, 0xFF, 0xFF, 0xFF, 0xFF, 0xFF, 0xFF,
	0xFF, 0xFF, 0xFF, 0xFF, 0xFF, 0xFF, 0xFF, 0xFF, 0xFF, 0xFF, 0xFF, 0xFF, 0xFF, 0xFF, 0xFF, 0xFF,
	0xFF, 0xFF, 0xFF, 0xFF, 0xFF, 0xFF, 0xFF, 0xFF, 0xFF, 0xFF, 0xFF, 0xFF, 0xFF, 0xFF, 0xFF, 0xFF,
	0xFF, 0xFF, 0xFF, 0xFF, 0xFF, 0xFF, 0xFF, 0xFF, 0xFF, 0xFF, 0xFF, 0xFF, 0xFF, 0xFF, 0xFF, 0xFF,
	0xFF, 0xFF, 0xFF, 0xFF, 0xFF, 0xFF, 0xFF, 0xFF, 0xFF, 0xFF, 0xFF, 0xFF, 0xF9, 0xAD, 0x6E, 0x1A,
	0x93, 0x3B, 0x92, 0x3B, 0x92, 0x3B, 0x93, 0x3B, 0xB3, 0x3B, 0xB3, 0x3B, 0xB3, 0x33, 0xD4, 0x3B,
	0xD4, 0x3B, 0x72, 0x33, 0xAE, 0x22, 0x4C, 0x2A, 0x3A, 0xBE, 0xFF, 0xFF, 0xFF, 0xFF, 0xFF, 0xFF,
	0xFF, 0xFF, 0xFF, 0xFF, 0xFF, 0xFF, 0xFF, 0xFF, 0xFF, 0xFF, 0xFF, 0xFF, 0xFF, 0xFF, 0xFF, 0xFF,
	0xFF, 0xFF, 0xFF, 0xFF, 0xFF, 0xFF, 0xFF, 0xFF, 0xFF, 0xFF, 0xFF, 0xFF, 0xFF, 0xFF, 0xFF, 0xFF,
	0xFF, 0xFF, 0xFF, 0xFF, 0xFF, 0xFF, 0xFF, 0xFF, 0xFF, 0xFF, 0xFF, 0xFF, 0xFF, 0xFF, 0xFF, 0xFF,
	0xFF, 0xFF, 0xFF, 0xFF, 0xFF, 0xFF, 0xFF, 0xFF, 0xFF, 0xFF, 0xFF, 0xFF, 0xFF, 0xFF, 0xFF, 0xFF,
	0xFF, 0xFF, 0xFF, 0xFF, 0xFF, 0xFF, 0xFF, 0xFF, 0xFF, 0xFF, 0xFF, 0xFF, 0xFF, 0xFF, 0xFF, 0xFF,
	0xFF, 0xFF, 0xFF, 0xFF, 0xFF, 0xFF, 0xFF, 0xFF, 0xFF, 0xFF, 0xFF, 0xFF, 0xFF, 0xFF, 0xFF, 0xFF,
	0xFF, 0xFF, 0xFF, 0xFF, 0xFF, 0xFF, 0xFF, 0xFF, 0xFF, 0xFF, 0xFF, 0xFF, 0xFF, 0xFF, 0xFF, 0xFF,
	0xFF, 0xFF, 0xFF, 0xFF, 0xFF, 0xFF, 0xFF, 0xFF, 0xFF, 0xFF, 0xFF, 0xFF, 0xFF, 0xFF, 0xFF, 0xFF,
	0xFF, 0xFF, 0xFF, 0xFF, 0xFF, 0xFF, 0xFF, 0xFF, 0xFF, 0xFF, 0xFF, 0xFF, 0xFF, 0xFF, 0xFF, 0xFF,
	0xFF, 0xFF, 0xFF, 0xFF, 0xFF, 0xFF, 0xFF, 0xFF, 0xFF, 0xFF, 0xFF, 0xFF, 0xFF, 0xFF, 0xFF, 0xFF,
	0xFF, 0xFF, 0xFF, 0xFF, 0xFF, 0xFF, 0xFF, 0xFF, 0xFF, 0xFF, 0xFF, 0xFF, 0xFF, 0xFF, 0xFF, 0xFF,
	0xFF, 0xFF, 0xFF, 0xFF, 0xFF, 0xFF, 0xFF, 0xFF, 0xFF, 0xFF, 0xFF, 0xFF, 0xFF, 0xFF, 0xFF, 0xFF,
	0xFF, 0xFF, 0xFF, 0xFF, 0xFF, 0xFF, 0xFF, 0xFF, 0xFF, 0xFF, 0xFF, 0xFF, 0xFF, 0xFF, 0xFF, 0xFF,
	0xFF, 0xFF, 0xFF, 0xFF, 0xFF, 0xFF, 0xFF, 0xFF, 0xFF, 0xFF, 0xFF, 0xFF, 0xBF, 0xEF, 0xEB, 0x09,
	0x93, 0x3B, 0x71, 0x33, 0x92, 0x3B, 0x92, 0x33, 0x93, 0x3B, 0x92, 0x3B, 0xB4, 0x33, 0xB4, 0x33,
	0xB4, 0x3B, 0xF3, 0x3B, 0x92, 0x33, 0xAF, 0x1A, 0x2C, 0x1A, 0xAD, 0x32, 0x36, 0x8D, 0xDC, 0xCE,
	0xFF, 0xFF, 0xFF, 0xFF, 0xFF, 0xFF, 0xFF, 0xFF, 0xFF, 0xFF, 0xFF, 0xFF, 0xFF, 0xFF, 0xFF, 0xFF,
	0xFF, 0xFF, 0xFF, 0xFF, 0xFF, 0xFF, 0xFF, 0xFF, 0xFF, 0xFF, 0xFF, 0xFF, 0xFF, 0xFF, 0xFF, 0xFF,
	0xFF, 0xFF, 0xFF, 0xFF, 0xFF, 0xFF, 0xFF, 0xFF, 0xFF, 0xFF, 0xFF, 0xFF, 0xFF, 0xFF, 0xFF, 0xFF,
	0xFF, 0xFF, 0xFF, 0xFF, 0xFF, 0xFF, 0xFF, 0xFF, 0xFF, 0xFF, 0xFF, 0xFF, 0xFF, 0xFF, 0xFF, 0xFF,
	0xFF, 0xFF, 0xFF, 0xFF, 0xFF, 0xFF, 0xFF, 0xFF, 0xFF, 0xFF, 0xFF, 0xFF, 0xFF, 0xFF, 0xFF, 0xFF,
	0xFF, 0xFF, 0xFF, 0xFF, 0xFF, 0xFF, 0xFF, 0xFF, 0xFF, 0xFF, 0xFF, 0xFF, 0xFF, 0xFF, 0xFF, 0xFF,
	0xFF, 0xFF, 0xFF, 0xFF, 0xFF, 0xFF, 0xFF, 0xFF, 0xFF, 0xFF, 0xFF, 0xFF, 0xFF, 0xFF, 0xFF, 0xFF,
	0xFF, 0xFF, 0xFF, 0xFF, 0xFF, 0xFF, 0xFF, 0xFF, 0xFF, 0xFF, 0xFF, 0xFF, 0xFF, 0xFF, 0xFF, 0xFF,
	0xFF, 0xFF, 0xFF, 0xFF, 0xFF, 0xFF, 0xFF, 0xFF, 0xFF, 0xFF, 0xFF, 0xFF, 0xFF, 0xFF, 0xFF, 0xFF,
	0xFF, 0xFF, 0xFF, 0xFF, 0xFF, 0xFF, 0xFF, 0xFF, 0xFF, 0xFF, 0xFF, 0xFF, 0xFF, 0xFF, 0xFF, 0xFF,
	0xFF, 0xFF, 0xFF, 0xFF, 0xFF, 0xFF, 0xFF, 0xFF, 0xFF, 0xFF, 0xFF, 0xFF, 0xFF, 0xFF, 0xFF, 0xFF,
	0xFF, 0xFF, 0xFF, 0xFF, 0xFF, 0xFF, 0xFF, 0xFF, 0xFF, 0xFF, 0xFF, 0xFF, 0xFF, 0xFF, 0xFF, 0xFF,
	0xFF, 0xFF, 0xFF, 0xFF, 0xFF, 0xFF, 0xFF, 0xFF, 0xFF, 0xFF, 0xFF, 0xFF, 0xFF, 0xFF, 0xFF, 0xFF,
	0xFF, 0xFF, 0xFF, 0xFF, 0xFF, 0xFF, 0xFF, 0xFF, 0xFF, 0xFF, 0xFF, 0xFF, 0xFF, 0xFF, 0x0E, 0x3B,
	0x11, 0x33, 0x93, 0x3B, 0x93, 0x3B, 0xB3, 0x3B, 0xB3, 0x3B, 0xB4, 0x3B, 0xB3, 0x3B, 0xD4, 0x3B,
	0xD4, 0x3B, 0xF4, 0x3B, 0xF4, 0x3B, 0xF4, 0x43, 0xF0, 0x2A, 0x8E, 0x22, 0x6D, 0x1A, 0x0C, 0x1A,
	0xCA, 0x09, 0xCB, 0x11, 0xCA, 0x09, 0xEB, 0x09, 0xCB, 0x09, 0xEB, 0x11, 0xCB, 0x09, 0xEB, 0x09,
	0xEB, 0x09, 0xEB, 0x09, 0xCA, 0x09, 0xCB, 0x09, 0xCA, 0x09, 0xCA, 0x09, 0xCA, 0x09, 0xCB, 0x09,
	0xAA, 0x09, 0xCB, 0x11, 0xAA, 0x09, 0xCA, 0x09, 0xAA, 0x09, 0xCA, 0x09, 0xCA, 0x09, 0xCA, 0x09,
	0xAA, 0x09, 0xCA, 0x09, 0xAA, 0x09, 0xCA, 0x09, 0xAA, 0x09, 0xCB, 0x11, 0xCA, 0x09, 0xCB, 0x09,
	0xCA, 0x09, 0xCA, 0x11, 0xCA, 0x09, 0xEB, 0x11, 0xCA, 0x09, 0xCB, 0x11, 0xCB, 0x09, 0xEB, 0x11,
	0xCB, 0x09, 0xEB, 0x11, 0xCB, 0x09, 0xEB, 0x11, 0xCB, 0x09, 0xEB, 0x11, 0xEB, 0x11, 0xEB, 0x11,
	0xEB, 0x11, 0x0C, 0x12, 0xEB, 0x11, 0x0C, 0x12, 0xEB, 0x11, 0x0C, 0x12, 0x0C, 0x12, 0x0C, 0x12,
	0x0B, 0x12, 0x0C, 0x12, 0x0C, 0x12, 0x2C, 0x12, 0x0C, 0x12, 0x2C, 0x1A, 0x0C, 0x12, 0x2C, 0x1A,
	0x0B, 0x12, 0x2C, 0x1A, 0x69, 0x01, 0x7F, 0xE7, 0xFF, 0xFF, 0xFF, 0xFF, 0xFF, 0xFF, 0xFF, 0xFF,
	0xFF, 0xFF, 0xFF, 0xFF, 0xFF, 0xFF, 0xFF, 0xFF, 0xFF, 0xFF, 0xFF, 0xFF, 0xFF, 0xFF, 0xFF, 0xFF,
	0xFF, 0xFF, 0xFF, 0xFF, 0xFF, 0xFF, 0xFF, 0xFF, 0xFF, 0xFF, 0xFF, 0xFF, 0xFF, 0xFF, 0xFF, 0xFF,
	0xFF, 0xFF, 0xFF, 0xFF, 0xFF, 0xFF, 0xFF, 0xFF, 0xFF, 0xFF, 0xFF, 0xFF, 0xFF, 0xFF, 0xFF, 0xFF,
	0xFF, 0xFF, 0xFF, 0xFF, 0xFF, 0xFF, 0xFF, 0xFF, 0xFF, 0xFF, 0xFF, 0xFF, 0xFF, 0xFF, 0xFF, 0xFF,
	0xFF, 0xFF, 0xFF, 0xFF, 0xFF, 0xFF, 0xFF, 0xFF, 0xFF, 0xFF, 0xFF, 0xFF, 0xFF, 0xFF, 0x73, 0x74,
	0xAE, 0x22, 0x93, 0x3B, 0x93, 0x3B, 0x92, 0x3B, 0xB3, 0x3B, 0x93, 0x33, 0xB4, 0x3B, 0xB3, 0x33,
	0xD4, 0x3B, 0xD4, 0x3B, 0xF4, 0x3B, 0xF4, 0x33, 0x36, 0x3C, 0xF4, 0x3B, 0x72, 0x33, 0x10, 0x23,
	0xCF, 0x22, 0xAE, 0x22, 0xAF, 0x22, 0x8E, 0x22, 0xAF, 0x2A, 0xAE, 0x22, 0xAE, 0x22, 0xAE, 0x22,
	0xAE, 0x22, 0xAE, 0x22, 0xCE, 0x2A, 0xAE, 0x22, 0xAE, 0x2A, 0xAE, 0x22, 0xAF, 0x2A, 0xAE, 0x22,
	0xCF, 0x2A, 0xAF, 0x22, 0xAF, 0x2A, 0xAE, 0x22, 0xCF, 0x2A, 0xAF, 0x22, 0xCF, 0x2A, 0xCF, 0x22,
	0xCF, 0x2A, 0xCF, 0x2A, 0xCF, 0x2A, 0xCF, 0x2A, 0xF0, 0x2A, 0xCF, 0x2A, 0xEF, 0x2A, 0xEF, 0x22,
	0xEF, 0x2A, 0xCF, 0x2A, 0xEF, 0x2A, 0xEF, 0x2A, 0xF0, 0x2A, 0xEF, 0x2A, 0xF0, 0x2A, 0xEF, 0x2A,
	0x10, 0x33, 0xEF, 0x2A, 0x10, 0x33, 0x0F, 0x2B, 0x10, 0x2B, 0xF0, 0x2A, 0x10, 0x33, 0xEF, 0x2A,
	0x10, 0x33, 0x0F, 0x2B, 0x10, 0x33, 0x0F, 0x2B, 0x10, 0x33, 0x0F, 0x33, 0x10, 0x33, 0x0F, 0x33,
	0x30, 0x33, 0x30, 0x33, 0x30, 0x33, 0x10, 0x33, 0x30, 0x33, 0x30, 0x33, 0x30, 0x3B, 0x30, 0x33,
	0x51, 0x33, 0x31, 0x33, 0xCF, 0x22, 0x77, 0x9D, 0xFF, 0xFF, 0xFF, 0xFF, 0xFF, 0xFF, 0xFF, 0xFF,
	0xFF, 0xFF, 0xFF, 0xFF, 0xFF, 0xFF, 0xFF, 0xFF, 0xFF, 0xFF, 0xFF, 0xFF, 0xFF, 0xFF, 0xFF, 0xFF,
	0xFF, 0xFF, 0xFF, 0xFF, 0xFF, 0xFF, 0xFF, 0xFF, 0xFF, 0xFF, 0xFF, 0xFF, 0xFF, 0xFF, 0xFF, 0xFF,
	0xFF, 0xFF, 0xFF, 0xFF, 0xFF, 0xFF, 0xFF, 0xFF, 0xFF, 0xFF, 0xFF, 0xFF, 0xFF, 0xFF, 0xFF, 0xFF,
	0xFF, 0xFF, 0xFF, 0xFF, 0xFF, 0xFF, 0xFF, 0xFF, 0xFF, 0xFF, 0xFF, 0xFF, 0xFF, 0xFF, 0xFF, 0xFF,
	0xFF, 0xFF, 0xFF, 0xFF, 0xFF, 0xFF, 0xFF, 0xFF, 0xFF, 0xFF, 0xFF, 0xFF, 0xFF, 0xFF, 0x9F, 0xEF,
	0x89, 0x01, 0x93, 0x43, 0x93, 0x3B, 0x93, 0x3B, 0xB3, 0x3B, 0xB3, 0x3B, 0xB3, 0x33, 0xD4, 0x3B,
	0xD4, 0x3B, 0xF4, 0x3B, 0xF4, 0x3B, 0xF5, 0x3B, 0xF5, 0x3B, 0x15, 0x44, 0x15, 0x44, 0x56, 0x4C,
	0x56, 0x44, 0x77, 0x4C, 0x77, 0x44, 0x98, 0x4C, 0x98, 0x44, 0x98, 0x4C, 0xB8, 0x44, 0xD9, 0x4C,
	0xB9, 0x4C, 0xD9, 0x54, 0xD9, 0x54, 0xFA, 0x5C, 0xF9, 0x54, 0x19, 0x5D, 0xF9, 0x54, 0x1A, 0x5D,
	0x1A, 0x5D, 0x3A, 0x65, 0x39, 0x65, 0x5A, 0x6D, 0x5A, 0x65, 0x5A, 0x6D, 0x59, 0x6D, 0x7A, 0x75,
	0x7A, 0x75, 0x7A, 0x75, 0x7A, 0x75, 0x9A, 0x7D, 0x9A, 0x75, 0xBB, 0x7D, 0x9A, 0x7D, 0xBB, 0x7D,
	0x9A, 0x7D, 0x9A, 0x7D, 0x9A, 0x75, 0x9A, 0x7D, 0x7A, 0x75, 0x7A, 0x75, 0x5A, 0x6D, 0x7A, 0x6D,
	0x5A, 0x6D, 0x5A, 0x6D, 0x39, 0x65, 0x3A, 0x65, 0x19, 0x5D, 0x19, 0x65, 0x19, 0x5D, 0x1A, 0x5D,
	0xF9, 0x54, 0xF9, 0x54, 0xD9, 0x54, 0xF9, 0x54, 0xD9, 0x4C, 0xB9, 0x4C, 0x98, 0x44, 0xB9, 0x4C,
	0x98, 0x44, 0x98, 0x44, 0x77, 0x44, 0x98, 0x44, 0x77, 0x3C, 0x57, 0x44, 0x56, 0x3C, 0x57, 0x44,
	0x15, 0x44, 0x36, 0x4C, 0x92, 0x33, 0x33, 0x64, 0xFF, 0xFF, 0xFF, 0xFF, 0xFF, 0xFF, 0xFF, 0xFF,
	0xFF, 0xFF, 0xFF, 0xFF, 0xFF, 0xFF, 0xFF, 0xFF, 0xFF, 0xFF, 0xFF, 0xFF, 0xFF, 0xFF, 0xFF, 0xFF,
	0xFF, 0xFF, 0xFF, 0xFF, 0xFF, 0xFF, 0xFF, 0xFF, 0xFF, 0xFF, 0xFF, 0xFF, 0xFF, 0xFF, 0xFF, 0xFF,
	0xFF, 0xFF, 0xFF, 0xFF, 0xFF, 0xFF, 0xFF, 0xFF, 0xFF, 0xFF, 0xFF, 0xFF, 0xFF, 0xFF, 0xFF, 0xFF,
	0xFF, 0xFF, 0xFF, 0xFF, 0xFF, 0xFF, 0xFF, 0xFF, 0xFF, 0xFF, 0xFF, 0xFF, 0xFF, 0xFF, 0xFF, 0xFF,
	0xFF, 0xFF, 0xFF, 0xFF, 0xFF, 0xFF, 0xFF, 0xFF, 0xFF, 0xFF, 0xFF, 0xFF, 0xFF, 0xFF, 0xFF, 0xFF,
	0x2F, 0x43, 0x10, 0x2B, 0x93, 0x3B, 0x92, 0x3B, 0xB3, 0x3B, 0x93, 0x33, 0xD3, 0x3B, 0xB3, 0x33,
	0xD4, 0x3B, 0xD4, 0x3B, 0xD5, 0x3B, 0xD4, 0x3B, 0xF5, 0x3B, 0xF5, 0x3B, 0x16, 0x3C, 0x15, 0x3C,
	0x36, 0x3C, 0x36, 0x34, 0x57, 0x3C, 0x56, 0x34, 0x57, 0x3C, 0x57, 0x3C, 0x77, 0x44, 0x77, 0x44,
	0x78, 0x44, 0x77, 0x44, 0x97, 0x4C, 0x97, 0x4C, 0xB8, 0x4C, 0x98, 0x4C, 0xB8, 0x4C, 0xB8, 0x4C,
	0xD8, 0x54, 0xB8, 0x54, 0xD8, 0x5C, 0xD8, 0x5C, 0xF8, 0x5C, 0xD8, 0x5C, 0xF9, 0x64, 0xF8, 0x64,
	0x19, 0x65, 0x18, 0x65, 0x39, 0x6D, 0x19, 0x6D, 0x39, 0x6D, 0x39, 0x6D, 0x39, 0x6D, 0x39, 0x6D,
	0x39, 0x6D, 0x38, 0x6D, 0x39, 0x6D, 0x18, 0x65, 0x39, 0x6D, 0x18, 0x65, 0x18, 0x65, 0xF8, 0x5C,
	0xF8, 0x64, 0xF8, 0x5C, 0xF8, 0x5C, 0xD8, 0x54, 0xD8, 0x5C, 0xD8, 0x54, 0xD8, 0x54, 0x97, 0x4C,
	0xB8, 0x54, 0xB7, 0x4C, 0xB8, 0x4C, 0x97, 0x44, 0x98, 0x4C, 0x77, 0x44, 0x77, 0x44, 0x77, 0x3C,
	0x77, 0x3C, 0x57, 0x34, 0x57, 0x3C, 0x37, 0x3C, 0x57, 0x3C, 0x36, 0x3C, 0x36, 0x3C, 0x15, 0x3C,
	0x16, 0x3C, 0xF5, 0x3B, 0xD3, 0x3B, 0x91, 0x43, 0xFF, 0xFF, 0xFF, 0xFF, 0xFF, 0xFF, 0xFF, 0xFF,
	0xFF, 0xFF, 0xFF, 0xFF, 0xFF, 0xFF, 0xFF, 0xFF, 0xFF, 0xFF, 0xFF, 0xFF, 0xFF, 0xFF, 0xFF, 0xFF,
	0xFF, 0xFF, 0xFF, 0xFF, 0xFF, 0xFF, 0xFF, 0xFF, 0xFF, 0xFF, 0xFF, 0xFF, 0xFF, 0xFF, 0xFF, 0xFF,
	0xFF, 0xFF, 0xFF, 0xFF, 0xFF, 0xFF, 0xFF, 0xFF, 0xFF, 0xFF, 0xFF, 0xFF, 0xFF, 0xFF, 0xFF, 0xFF,
	0xFF, 0xFF, 0xFF, 0xFF, 0xFF, 0xFF, 0xFF, 0xFF, 0xFF, 0xFF, 0xFF, 0xFF, 0xFF, 0xFF, 0xFF, 0xFF,
	0xFF, 0xFF, 0xFF, 0xFF, 0xFF, 0xFF, 0xFF, 0xFF, 0xFF, 0xFF, 0xFF, 0xFF, 0xFF, 0xFF, 0xFF, 0xFF,
	0x19, 0xB6, 0x6D, 0x1A, 0x92, 0x3B, 0x93, 0x3B, 0xB3, 0x3B, 0xB3, 0x3B, 0xB3, 0x3B, 0xD4, 0x3B,
	0xD4, 0x3B, 0xD5, 0x3B, 0xD4, 0x3B, 0xF5, 0x3B, 0x15, 0x34, 0x36, 0x3C, 0x15, 0x3C, 0x36, 0x3C,
	0x36, 0x3C, 0x37, 0x44, 0x37, 0x44, 0x57, 0x44, 0x57, 0x3C, 0x58, 0x3C, 0x77, 0x3C, 0x78, 0x44,
	0x77, 0x44, 0x98, 0x4C, 0x98, 0x4C, 0x98, 0x4C, 0xB8, 0x4C, 0xB8, 0x54, 0xB8, 0x4C, 0xB8, 0x54,
	0xD8, 0x54, 0xD8, 0x5C, 0xD8, 0x5C, 0xF8, 0x64, 0xF8, 0x5C, 0xF9, 0x64, 0xF9, 0x64, 0x19, 0x65,
	0x19, 0x65, 0x19, 0x6D, 0x39, 0x65, 0x39, 0x6D, 0x39, 0x6D, 0x59, 0x75, 0x39, 0x6D, 0x5A, 0x75,
	0x39, 0x6D, 0x39, 0x6D, 0x39, 0x6D, 0x39, 0x6D, 0x39, 0x65, 0x19, 0x65, 0x18, 0x65, 0x19, 0x65,
	0xF8, 0x64, 0x19, 0x65, 0xF8, 0x5C, 0xF9, 0x5C, 0xD8, 0x54, 0xD9, 0x5C, 0xB8, 0x54, 0xB8, 0x54,
	0xB7, 0x4C, 0xB8, 0x54, 0xB7, 0x4C, 0xB8, 0x4C, 0x98, 0x44, 0x98, 0x44, 0x78, 0x44, 0x78, 0x44,
	0x77, 0x3C, 0x78, 0x44, 0x57, 0x3C, 0x57, 0x44, 0x36, 0x3C, 0x36, 0x44, 0x36, 0x3C, 0x16, 0x3C,
	0x16, 0x3C, 0xF6, 0x3B, 0xF4, 0x3B, 0x10, 0x33, 0x7E, 0xE7, 0xFF, 0xFF, 0xFF, 0xFF, 0xFF, 0xFF,
	0xFF, 0xFF, 0xFF, 0xFF, 0xFF, 0xFF, 0xFF, 0xFF, 0xFF, 0xFF, 0xFF, 0xFF, 0xFF, 0xFF, 0xFF, 0xFF,
	0xFF, 0xFF, 0xFF, 0xFF, 0xFF, 0xFF, 0xFF, 0xFF, 0xFF, 0xFF, 0xFF, 0xFF, 0xFF, 0xFF, 0xFF, 0xFF,
	0xFF, 0xFF, 0xFF, 0xFF, 0xFF, 0xFF, 0xFF, 0xFF, 0xFF, 0xFF, 0xFF, 0xFF, 0xFF, 0xFF, 0xFF, 0xFF,
	0xFF, 0xFF, 0xFF, 0xFF, 0xFF, 0xFF, 0xFF, 0xFF, 0xFF, 0xFF, 0xFF, 0xFF, 0xFF, 0xFF, 0xFF, 0xFF,
	0xFF, 0xFF, 0xFF, 0xFF, 0xFF, 0xFF, 0xFF, 0xFF, 0xFF, 0xFF, 0xFF, 0xFF, 0xFF, 0xFF, 0xFF, 0xFF,
	0xFF, 0xFF, 0xAD, 0x2A, 0x51, 0x3B, 0x92, 0x3B, 0xB3, 0x3B, 0x93, 0x33, 0xD3, 0x3B, 0xB3, 0x33,
	0xD4, 0x3B, 0xB4, 0x3B, 0xF5, 0x3B, 0xD4, 0x33, 0xF4, 0x3B, 0xF4, 0x3B, 0x15, 0x44, 0x15, 0x3C,
	0x36, 0x3C, 0x16, 0x3C, 0x57, 0x3C, 0x57, 0x34, 0x57, 0x3C, 0x57, 0x3C, 0x78, 0x44, 0x57, 0x3C,
	0x77, 0x44, 0x97, 0x44, 0x98, 0x4C, 0x97, 0x4C, 0x98, 0x4C, 0x98, 0x4C, 0xB8, 0x54, 0x98, 0x4C,
	0xD8, 0x5C, 0xB8, 0x54, 0xD9, 0x5C, 0xD8, 0x5C, 0xF8, 0x64, 0xF8, 0x5C, 0x19, 0x65, 0x18, 0x5D,
	0x19, 0x65, 0x18, 0x65, 0x39, 0x6D, 0x38, 0x65, 0x59, 0x6D, 0x38, 0x6D, 0x59, 0x75, 0x58, 0x6D,
	0x59, 0x6D, 0x38, 0x6D, 0x59, 0x6D, 0x38, 0x65, 0x39, 0x6D, 0x18, 0x65, 0x19, 0x65, 0xF8, 0x5C,
	0xF9, 0x64, 0xF8, 0x5C, 0xF9, 0x5C, 0xD8, 0x54, 0xD9, 0x54, 0xB8, 0x54, 0xD8, 0x54, 0xB7, 0x4C,
	0xB8, 0x54, 0x97, 0x4C, 0xB8, 0x4C, 0x97, 0x44, 0x97, 0x44, 0x77, 0x44, 0x77, 0x44, 0x57, 0x3C,
	0x77, 0x44, 0x37, 0x3C, 0x57, 0x44, 0x36, 0x3C, 0x37, 0x44, 0x16, 0x3C, 0x16, 0x44, 0xF5, 0x3B,
	0x15, 0x3C, 0xF5, 0x33, 0xF5, 0x3B, 0x71, 0x33, 0x5A, 0xB6, 0xFF, 0xFF, 0xFF, 0xFF, 0xFF, 0xFF,
	0xFF, 0xFF, 0xFF, 0xFF, 0xFF, 0xFF, 0xFF, 0xFF, 0xFF, 0xFF, 0xFF, 0xFF, 0xFF, 0xFF, 0xFF, 0xFF,
	0xFF, 0xFF, 0xFF, 0xFF, 0xFF, 0xFF, 0xFF, 0xFF, 0xFF, 0xFF, 0xFF, 0xFF, 0xFF, 0xFF, 0xFF, 0xFF,
	0xFF, 0xFF, 0xFF, 0xFF, 0xFF, 0xFF, 0xFF, 0xFF, 0xFF, 0xFF, 0xFF, 0xFF, 0xFF, 0xFF, 0xFF, 0xFF,
	0xFF, 0xFF, 0xFF, 0xFF, 0xFF, 0xFF, 0xFF, 0xFF, 0xFF, 0xFF, 0xFF, 0xFF, 0xFF, 0xFF, 0xFF, 0xFF,
	0xFF, 0xFF, 0xFF, 0xFF, 0xFF, 0xFF, 0xFF, 0xFF, 0xFF, 0xFF, 0xFF, 0xFF, 0xFF, 0xFF, 0xFF, 0xFF,
	0xFF, 0xFF, 0xDC, 0xCE, 0xAD, 0x22, 0xB3, 0x3B, 0xB3, 0x3B, 0xB3, 0x3B, 0xB3, 0x3B, 0xD4, 0x3B,
	0xD4, 0x3B, 0xD5, 0x3B, 0xD4, 0x3B, 0xF5, 0x3B, 0xF5, 0x3B, 0x16, 0x44, 0xF5, 0x3B, 0x36, 0x44,
	0x36, 0x3C, 0x36, 0x44, 0x56, 0x3C, 0x57, 0x44, 0x57, 0x3C, 0x57, 0x3C, 0x77, 0x3C, 0x78, 0x44,
	0x78, 0x44, 0x98, 0x44, 0x98, 0x44, 0x98, 0x4C, 0xB8, 0x4C, 0xD8, 0x54, 0xB7, 0x4C, 0xD8, 0x54,
	0xD8, 0x54, 0xD8, 0x5C, 0xF7, 0x54, 0xF8, 0x5C, 0x18, 0x5D, 0xF8, 0x64, 0xF8, 0x64, 0x19, 0x65,
	0x18, 0x65, 0x19, 0x6D, 0x19, 0x6D, 0x39, 0x75, 0x39, 0x75, 0x59, 0x75, 0x59, 0x6D, 0x7A, 0x75,
	0x59, 0x6D, 0x59, 0x75, 0x39, 0x6D, 0x59, 0x6D, 0x19, 0x65, 0x19, 0x65, 0x18, 0x65, 0x18, 0x6D,
	0xF8, 0x64, 0xF8, 0x64, 0xF8, 0x5C, 0xF8, 0x64, 0xD8, 0x5C, 0xD8, 0x5C, 0xD7, 0x54, 0xD8, 0x54,
	0xB8, 0x4C, 0xB8, 0x54, 0x98, 0x4C, 0xB9, 0x4C, 0x98, 0x44, 0x98, 0x44, 0x77, 0x44, 0x78, 0x44,
	0x78, 0x3C, 0x57, 0x3C, 0x57, 0x3C, 0x57, 0x44, 0x37, 0x3C, 0x37, 0x3C, 0x36, 0x3C, 0x36, 0x3C,
	0xF5, 0x3B, 0x15, 0x3C, 0xF5, 0x33, 0xF4, 0x43, 0xD5, 0x7C, 0xFF, 0xFF, 0xFF, 0xFF, 0xFF, 0xFF,
	0xFF, 0xFF, 0xFF, 0xFF, 0xFF, 0xFF, 0xFF, 0xFF, 0xFF, 0xFF, 0xFF, 0xFF, 0xFF, 0xFF, 0xFF, 0xFF,
	0xFF, 0xFF, 0xFF, 0xFF, 0xFF, 0xFF, 0xFF, 0xFF, 0xFF, 0xFF, 0xFF, 0xFF, 0xFF, 0xFF, 0xFF, 0xFF,
	0xFF, 0xFF, 0xFF, 0xFF, 0xFF, 0xFF, 0xFF, 0xFF, 0xFF, 0xFF, 0xFF, 0xFF, 0xFF, 0xFF, 0xFF, 0xFF,
	0xFF, 0xFF, 0xFF, 0xFF, 0xFF, 0xFF, 0xFF, 0xFF, 0xFF, 0xFF, 0xFF, 0xFF, 0xFF, 0xFF, 0xFF, 0xFF,
	0xFF, 0xFF, 0xFF, 0xFF, 0xFF, 0xFF, 0xFF, 0xFF, 0xFF, 0xFF, 0xFF, 0xFF, 0xFF, 0xFF, 0xFF, 0xFF,
	0xFF, 0xFF, 0xFF, 0xFF, 0x74, 0x6C, 0x31, 0x2B, 0xB3, 0x3B, 0xB3, 0x33, 0xD3, 0x3B, 0xB3, 0x33,
	0xD4, 0x3B, 0xD4, 0x33, 0xF5, 0x3B, 0xD4, 0x3B, 0xF5, 0x3B, 0xF5, 0x33, 0x16, 0x3C, 0x16, 0x3C,
	0x36, 0x3C, 0x36, 0x3C, 0x37, 0x3C, 0x37, 0x3C, 0x57, 0x44, 0x57, 0x3C, 0x78, 0x44, 0x57, 0x3C,
	0x77, 0x44, 0x97, 0x44, 0x98, 0x4C, 0x97, 0x4C, 0xB8, 0x4C, 0x97, 0x4C, 0xB8, 0x54, 0xB8, 0x54,
	0xB9, 0x54, 0xB8, 0x54, 0xD9, 0x5C, 0xD8, 0x5C, 0xF9, 0x64, 0xF8, 0x5C, 0x18, 0x65, 0xF8, 0x5C,
	0x19, 0x65, 0x18, 0x65, 0x39, 0x6D, 0x39, 0x6D, 0x39, 0x6D, 0x38, 0x6D, 0x59, 0x75, 0x59, 0x6D,
	0x59, 0x75, 0x38, 0x6D, 0x39, 0x6D, 0x39, 0x65, 0x39, 0x6D, 0x18, 0x65, 0x19, 0x65, 0xF8, 0x5C,
	0x19, 0x65, 0xF8, 0x5C, 0xF9, 0x5C, 0xD8, 0x54, 0xD8, 0x54, 0xD8, 0x54, 0xD8, 0x54, 0xB7, 0x4C,
	0xB8, 0x54, 0x97, 0x4C, 0x98, 0x4C, 0x97, 0x4C, 0x98, 0x4C, 0x77, 0x44, 0x77, 0x44, 0x57, 0x44,
	0x78, 0x44, 0x57, 0x3C, 0x57, 0x3C, 0x36, 0x3C, 0x57, 0x3C, 0x16, 0x3C, 0x36, 0x3C, 0x15, 0x3C,
	0xF5, 0x43, 0x14, 0x34, 0xF6, 0x3B, 0xD4, 0x43, 0x75, 0x64, 0xFF, 0xFF, 0xFF, 0xFF, 0xFF, 0xFF,
	0xFF, 0xFF, 0xFF, 0xFF, 0xFF, 0xFF, 0xFF, 0xFF, 0xFF, 0xFF, 0xFF, 0xFF, 0xFF, 0xFF, 0xFF, 0xFF,
	0xFF, 0xFF, 0xFF, 0xFF, 0xFF, 0xFF, 0xFF, 0xFF, 0xFF, 0xFF, 0xFF, 0xFF, 0xFF, 0xFF, 0xFF, 0xFF,
	0xFF, 0xFF, 0xFF, 0xFF, 0xFF, 0xFF, 0xFF, 0xFF, 0xFF, 0xFF, 0xFF, 0xFF, 0xFF, 0xFF, 0xFF, 0xFF,
	0xFF, 0xFF, 0xFF, 0xFF, 0xFF, 0xFF, 0xFF, 0xFF, 0xFF, 0xFF, 0xFF, 0xFF, 0xFF, 0xFF, 0xFF, 0xFF,
	0xFF, 0xFF, 0xFF, 0xFF, 0xFF, 0xFF, 0xFF, 0xFF, 0xFF, 0xFF, 0xFF, 0xFF, 0xFF, 0xFF, 0xFF, 0xFF,
	0xFF, 0xFF, 0xFF, 0xFF, 0xFF, 0xFF, 0x70, 0x43, 0x92, 0x43, 0x93, 0x43, 0xB4, 0x3B, 0xD4, 0x3B,
	0xD4, 0x3B, 0xD5, 0x3B, 0xD5, 0x33, 0xF5, 0x3B, 0xF5, 0x3B, 0x15, 0x44, 0xF5, 0x3B, 0x36, 0x44,
	0x36, 0x3C, 0x57, 0x44, 0x36, 0x3C, 0x57, 0x44, 0x57, 0x3C, 0x78, 0x3C, 0x77, 0x3C, 0x78, 0x44,
	0x77, 0x44, 0x98, 0x4C, 0x97, 0x4C, 0xB8, 0x4C, 0xB8, 0x4C, 0xB8, 0x54, 0xB8, 0x54, 0xB8, 0x54,
	0xD8, 0x54, 0xD8, 0x5C, 0xD8, 0x5C, 0xF9, 0x64, 0xF8, 0x5C, 0xF9, 0x64, 0xF9, 0x64, 0x19, 0x65,
	0x19, 0x65, 0x19, 0x6D, 0x19, 0x6D, 0x39, 0x6D, 0x39, 0x6D, 0x39, 0x75, 0x59, 0x75, 0x59, 0x75,
	0x39, 0x6D, 0x59, 0x75, 0x39, 0x6D, 0x59, 0x6D, 0x39, 0x65, 0x39, 0x6D, 0x18, 0x65, 0x19, 0x65,
	0xF8, 0x5C, 0x18, 0x65, 0xF8, 0x5C, 0xF8, 0x5C, 0xD8, 0x54, 0xD8, 0x5C, 0xD8, 0x54, 0xD8, 0x54,
	0xB7, 0x4C, 0xD8, 0x54, 0x97, 0x4C, 0xB8, 0x4C, 0x98, 0x4C, 0x98, 0x4C, 0x78, 0x44, 0x78, 0x44,
	0x77, 0x3C, 0x77, 0x3C, 0x57, 0x3C, 0x57, 0x44, 0x36, 0x3C, 0x37, 0x44, 0x16, 0x3C, 0x16, 0x3C,
	0xF5, 0x3B, 0x15, 0x3C, 0xF5, 0x3B, 0xF6, 0x43, 0x14, 0x54, 0x5E, 0xE7, 0xFF, 0xFF, 0xFF, 0xFF,
	0xFF, 0xFF, 0xFF, 0xFF, 0xFF, 0xFF, 0xFF, 0xFF, 0xFF, 0xFF, 0xFF, 0xFF, 0xFF, 0xFF, 0xFF, 0xFF,
	0xFF, 0xFF, 0xFF, 0xFF, 0xFF, 0xFF, 0xFF, 0xFF, 0xFF, 0xFF, 0xFF, 0xFF, 0xFF, 0xFF, 0xFF, 0xFF,
	0xFF, 0xFF, 0xFF, 0xFF, 0xFF, 0xFF, 0xFF, 0xFF, 0xFF, 0xFF, 0xFF, 0xFF, 0xFF, 0xFF, 0xFF, 0xFF,
	0xFF, 0xFF, 0xFF, 0xFF, 0xFF, 0xFF, 0xFF, 0xFF, 0xFF, 0xFF, 0xFF, 0xFF, 0xFF, 0xFF, 0xFF, 0xFF,
	0xFF, 0xFF, 0xFF, 0xFF, 0xFF, 0xFF, 0xFF, 0xFF, 0xFF, 0xFF, 0xFF, 0xFF, 0xFF, 0xFF, 0xFF, 0xFF,
	0xFF, 0xFF, 0xFF, 0xFF, 0xFF, 0xFF, 0xBF, 0xEF, 0x50, 0x43, 0xD3, 0x43, 0xD4, 0x3B, 0xB3, 0x33,
	0xD3, 0x3B, 0xD3, 0x43, 0xD4, 0x43, 0xD4, 0x3B, 0x15, 0x3C, 0xF5, 0x3B, 0x15, 0x3C, 0x16, 0x3C,
	0x36, 0x3C, 0x36, 0x3C, 0x37, 0x3C, 0x37, 0x3C, 0x57, 0x3C, 0x57, 0x3C, 0x78, 0x3C, 0x77, 0x3C,
	0x78, 0x44, 0x77, 0x44, 0x98, 0x4C, 0x97, 0x44, 0x98, 0x4C, 0xB8, 0x4C, 0xB8, 0x54, 0xB8, 0x4C,
	0xD8, 0x54, 0xD8, 0x54, 0xD8, 0x5C, 0xD8, 0x54, 0xF9, 0x5C, 0xF8, 0x5C, 0x18, 0x65, 0x18, 0x5D,
	0x18, 0x65, 0x18, 0x65, 0x39, 0x65, 0x38, 0x65, 0x59, 0x6D, 0x38, 0x6D, 0x59, 0x6D, 0x39, 0x6D,
	0x59, 0x6D, 0x39, 0x6D, 0x39, 0x6D, 0x18, 0x65, 0x39, 0x65, 0x18, 0x65, 0x19, 0x65, 0x18, 0x5D,
	0x18, 0x65, 0xF8, 0x5C, 0xF9, 0x5C, 0xF8, 0x54, 0xD8, 0x54, 0xD8, 0x54, 0xB8, 0x54, 0xB7, 0x4C,
	0xD8, 0x54, 0xB8, 0x4C, 0x98, 0x4C, 0x97, 0x44, 0x98, 0x44, 0x78, 0x44, 0x78, 0x44, 0x77, 0x3C,
	0x77, 0x3C, 0x57, 0x3C, 0x77, 0x3C, 0x56, 0x3C, 0x57, 0x3C, 0x36, 0x3C, 0x36, 0x3C, 0x15, 0x34,
	0x16, 0x44, 0x15, 0x3C, 0xF5, 0x3B, 0xD4, 0x33, 0x35, 0x4C, 0xDC, 0xBE, 0xFF, 0xFF, 0xFF, 0xFF,
	0xFF, 0xFF, 0xFF, 0xFF, 0xFF, 0xFF, 0xFF, 0xFF, 0xFF, 0xFF, 0xFF, 0xFF, 0xFF, 0xFF, 0xFF, 0xFF,
	0xFF, 0xFF, 0xFF, 0xFF, 0xFF, 0xFF, 0xFF, 0xFF, 0xFF, 0xFF, 0xFF, 0xFF, 0xFF, 0xFF, 0xFF, 0xFF,
	0xFF, 0xFF, 0xFF, 0xFF, 0xFF, 0xFF, 0xFF, 0xFF, 0xFF, 0xFF, 0xFF, 0xFF, 0xFF, 0xFF, 0xFF, 0xFF,
	0xFF, 0xFF, 0xFF, 0xFF, 0xFF, 0xFF, 0xFF, 0xFF, 0xFF, 0xFF, 0xFF, 0xFF, 0xFF, 0xFF, 0xFF, 0xFF,
	0xFF, 0xFF, 0xFF, 0xFF, 0xFF, 0xFF, 0xFF, 0xFF, 0xFF, 0xFF, 0xFF, 0xFF, 0xFF, 0xFF, 0xFF, 0xFF,
	0xFF, 0xFF, 0xFF, 0xFF, 0xFF, 0xFF, 0xFF, 0xFF, 0x9F, 0xE7, 0xB2, 0x4B, 0xF4, 0x43, 0x15, 0x44,
	0xB3, 0x33, 0xD3, 0x33, 0xD4, 0x33, 0xD5, 0x3B, 0xD5, 0x3B, 0x15, 0x44, 0xF5, 0x3B, 0x16, 0x44,
	0x16, 0x3C, 0x37, 0x44, 0x36, 0x3C, 0x37, 0x44, 0x37, 0x3C, 0x57, 0x44, 0x57, 0x3C, 0x78, 0x44,
	0x77, 0x44, 0x78, 0x4C, 0x78, 0x4C, 0x98, 0x54, 0x98, 0x4C, 0xB8, 0x54, 0x98, 0x54, 0xD9, 0x5C,
	0xB8, 0x54, 0xD9, 0x5C, 0xD8, 0x5C, 0xF9, 0x64, 0xF9, 0x64, 0xF9, 0x64, 0xF8, 0x64, 0x19, 0x65,
	0x19, 0x65, 0x39, 0x6D, 0x39, 0x65, 0x39, 0x6D, 0x39, 0x6D, 0x59, 0x75, 0x38, 0x6D, 0x59, 0x75,
	0x38, 0x6D, 0x59, 0x75, 0x38, 0x6D, 0x59, 0x6D, 0x18, 0x6D, 0x19, 0x6D, 0xF8, 0x64, 0x19, 0x65,
	0xF9, 0x64, 0xF9, 0x64, 0xF9, 0x5C, 0xD9, 0x5C, 0xD8, 0x5C, 0xD9, 0x5C, 0xB8, 0x54, 0xB8, 0x54,
	0x98, 0x54, 0xB8, 0x54, 0x98, 0x4C, 0x98, 0x54, 0x78, 0x4C, 0x78, 0x4C, 0x57, 0x44, 0x78, 0x44,
	0x57, 0x3C, 0x57, 0x44, 0x57, 0x3C, 0x37, 0x44, 0x16, 0x3C, 0x16, 0x3C, 0x16, 0x3C, 0x16, 0x44,
	0xD5, 0x3B, 0xF5, 0x3B, 0xD4, 0x3B, 0xD5, 0x3B, 0x55, 0x4C, 0xB9, 0x95, 0xFF, 0xFF, 0xFF, 0xFF,
	0xFF, 0xFF, 0xFF, 0xFF, 0xFF, 0xFF, 0xFF, 0xFF, 0xFF, 0xFF, 0xFF, 0xFF, 0xFF, 0xFF, 0xFF, 0xFF,
	0xFF, 0xFF, 0xFF, 0xFF, 0xFF, 0xFF, 0xFF, 0xFF, 0xFF, 0xFF, 0xFF, 0xFF, 0xFF, 0xFF, 0xFF, 0xFF,
	0xFF, 0xFF, 0xFF, 0xFF, 0xFF, 0xFF, 0xFF, 0xFF, 0xFF, 0xFF, 0xFF, 0xFF, 0xFF, 0xFF, 0xFF, 0xFF,
	0xFF, 0xFF, 0xFF, 0xFF, 0xFF, 0xFF, 0xFF, 0xFF, 0xFF, 0xFF, 0xFF, 0xFF, 0xFF, 0xFF, 0xFF, 0xFF,
	0xFF, 0xFF, 0xFF, 0xFF, 0xFF, 0xFF, 0xFF, 0xFF, 0xFF, 0xFF, 0xFF, 0xFF, 0xFF, 0xFF, 0xFF, 0xFF,
	0xFF, 0xFF, 0xFF, 0xFF, 0xFF, 0xFF, 0xFF, 0xFF, 0xFF, 0xFF, 0xFF, 0xFF, 0xB5, 0x7C, 0xB2, 0x43,
	0x56, 0x54, 0x15, 0x54, 0x16, 0x4C, 0x35, 0x44, 0x35, 0x4C, 0x35, 0x44, 0x55, 0x4C, 0x55, 0x44,
	0x56, 0x4C, 0x55, 0x44, 0x76, 0x4C, 0x55, 0x44, 0x76, 0x4C, 0x75, 0x44, 0x96, 0x4C, 0x76, 0x44,
	0x96, 0x4C, 0x96, 0x4C, 0x96, 0x4C, 0x96, 0x4C, 0xB7, 0x54, 0x96, 0x54, 0xB7, 0x54, 0xB6, 0x54,
	0xB7, 0x54, 0xB6, 0x54, 0xD7, 0x5C, 0xD7, 0x5C, 0xD7, 0x5C, 0xD7, 0x5C, 0xF8, 0x5C, 0xD7, 0x5C,
	0xF8, 0x64, 0xF7, 0x5C, 0xF8, 0x64, 0xF7, 0x5C, 0x18, 0x65, 0xF7, 0x64, 0x18, 0x65, 0xF8, 0x64,
	0x18, 0x65, 0xF8, 0x64, 0x18, 0x65, 0xF8, 0x64, 0xF8, 0x64, 0xF8, 0x64, 0xF8, 0x64, 0xF7, 0x5C,
	0xF8, 0x64, 0xD7, 0x5C, 0xF8, 0x5C, 0xD7, 0x5C, 0xD7, 0x5C, 0xD7, 0x5C, 0xF8, 0x5C, 0xD7, 0x54,
	0xD8, 0x5C, 0xB7, 0x54, 0xD7, 0x5C, 0xB7, 0x54, 0xB7, 0x54, 0xB7, 0x54, 0xB7, 0x54, 0xB7, 0x4C,
	0xB7, 0x54, 0x96, 0x4C, 0xB7, 0x54, 0xB6, 0x4C, 0xB7, 0x54, 0x96, 0x4C, 0x96, 0x4C, 0x96, 0x4C,
	0x97, 0x54, 0x95, 0x4C, 0x76, 0x54, 0x55, 0x4C, 0xB6, 0x5C, 0xF6, 0x7C, 0xFF, 0xFF, 0xFF, 0xFF,
	0xFF, 0xFF, 0xFF, 0xFF, 0xFF, 0xFF, 0xFF, 0xFF, 0xFF, 0xFF, 0xFF, 0xFF, 0xFF, 0xFF, 0xFF, 0xFF,
	0xFF, 0xFF, 0xFF, 0xFF, 0xFF, 0xFF, 0xFF, 0xFF, 0xFF, 0xFF, 0xFF, 0xFF, 0xFF, 0xFF, 0xFF, 0xFF,
	0xFF, 0xFF, 0xFF, 0xFF, 0xFF, 0xFF, 0xFF, 0xFF, 0xFF, 0xFF, 0xFF, 0xFF, 0xFF, 0xFF, 0xFF, 0xFF,
	0xFF, 0xFF, 0xFF, 0xFF, 0xFF, 0xFF, 0xFF, 0xFF, 0xFF, 0xFF, 0xFF, 0xFF, 0xFF, 0xFF, 0xFF, 0xFF,
	0xFF, 0xFF, 0xFF, 0xFF, 0xFF, 0xFF, 0xFF, 0xFF, 0xFF, 0xFF, 0xFF, 0xFF, 0xFF, 0xFF, 0xFF, 0xFF,
	0xFF, 0xFF, 0xFF, 0xFF, 0xFF, 0xFF, 0xFF, 0xFF, 0xFF, 0xFF, 0xFF, 0xFF, 0xFF, 0xFF, 0x5E, 0xDF,
	0xF6, 0x7C, 0x13, 0x4C, 0x13, 0x44, 0x14, 0x4C, 0x14, 0x4C, 0x34, 0x54, 0x34, 0x4C, 0x34, 0x54,
	0x34, 0x4C, 0x35, 0x4C, 0x34, 0x4C, 0x55, 0x54, 0x34, 0x4C, 0x35, 0x54, 0x34, 0x4C, 0x35, 0x54,
	0x34, 0x4C, 0x55, 0x54, 0x54, 0x54, 0x55, 0x54, 0x54, 0x4C, 0x55, 0x54, 0x54, 0x4C, 0x55, 0x54,
	0x54, 0x4C, 0x55, 0x54, 0x54, 0x54, 0x55, 0x54, 0x54, 0x54, 0x75, 0x54, 0x55, 0x54, 0x56, 0x54,
	0x55, 0x54, 0x75, 0x54, 0x55, 0x54, 0x75, 0x54, 0x55, 0x54, 0x76, 0x5C, 0x75, 0x54, 0x76, 0x5C,
	0x75, 0x54, 0x76, 0x5C, 0x76, 0x5C, 0x76, 0x5C, 0x76, 0x5C, 0x97, 0x5C, 0x75, 0x5C, 0x96, 0x5C,
	0x95, 0x5C, 0xB6, 0x5C, 0x96, 0x5C, 0xB6, 0x5C, 0xB6, 0x5C, 0xB6, 0x5C, 0xB6, 0x5C, 0xB7, 0x64,
	0xB6, 0x5C, 0xB7, 0x64, 0xB6, 0x5C, 0xD7, 0x64, 0xB7, 0x5C, 0xD7, 0x64, 0xD7, 0x5C, 0xD7, 0x64,
	0xD7, 0x64, 0xD8, 0x64, 0xD7, 0x64, 0xF7, 0x64, 0xD7, 0x64, 0xF8, 0x6C, 0xF7, 0x64, 0xF8, 0x6C,
	0xF8, 0x64, 0x18, 0x65, 0xF7, 0x6C, 0x18, 0x6D, 0xD7, 0x64, 0x17, 0x7D, 0xFF, 0xFF, 0xFF, 0xFF,
	0xFF, 0xFF, 0xFF, 0xFF, 0xFF, 0xFF, 0xFF, 0xFF, 0xFF, 0xFF, 0xFF, 0xFF, 0xFF, 0xFF, 0xFF, 0xFF,
	0xFF, 0xFF, 0xFF, 0xFF, 0xFF, 0xFF, 0xFF, 0xFF, 0xFF, 0xFF, 0xFF, 0xFF, 0xFF, 0xFF, 0xFF, 0xFF,
	0xFF, 0xFF, 0xFF, 0xFF, 0xFF, 0xFF, 0xFF, 0xFF, 0xFF, 0xFF, 0xFF, 0xFF, 0xFF, 0xFF, 0xFF, 0xFF,
	0xFF, 0xFF, 0xFF, 0xFF, 0xFF, 0xFF, 0xFF, 0xFF, 0xFF, 0xFF, 0xFF, 0xFF, 0xFF, 0xFF, 0xFF, 0xFF,
	0xFF, 0xFF, 0xFF, 0xFF, 0xFF, 0xFF, 0xFF, 0xFF, 0xFF, 0xFF, 0xFF, 0xFF, 0xFF, 0xFF, 0xFF, 0xFF,
	0xFF, 0xFF, 0xFF, 0xFF, 0xFF, 0xFF, 0xFF, 0xFF, 0xFF, 0xFF, 0xFF, 0xFF, 0xFF, 0xFF, 0xFF, 0xFF,
	0xFF, 0xFF, 0xFF, 0xFF, 0xBF, 0xF7, 0x7E, 0xE7, 0x7E, 0xE7, 0x7E, 0xE7, 0x9F, 0xEF, 0x7E, 0xE7,
	0x9E, 0xE7, 0x7E, 0xE7, 0x9F, 0xEF, 0x7E, 0xE7, 0x9F, 0xEF, 0x7E, 0xE7, 0x9F, 0xEF, 0x7E, 0xE7,
	0x9F, 0xEF, 0x9E, 0xE7, 0x9F, 0xEF, 0x9E, 0xE7, 0x9F, 0xEF, 0x7E, 0xE7, 0x9F, 0xEF, 0x9E, 0xE7,
	0x9F, 0xEF, 0x9E, 0xE7, 0x9F, 0xEF, 0x9E, 0xE7, 0x9F, 0xEF, 0x9E, 0xE7, 0x9F, 0xEF, 0x9E, 0xE7,
	0x9F, 0xEF, 0x9E, 0xE7, 0x9F, 0xEF, 0x9E, 0xE7, 0xBF, 0xEF, 0x9E, 0xE7, 0x9F, 0xEF, 0x9E, 0xE7,
	0x9F, 0xEF, 0x9E, 0xE7, 0x9F, 0xEF, 0x9E, 0xE7, 0x9F, 0xEF, 0x9E, 0xE7, 0xBF, 0xEF, 0x9E, 0xE7,
	0x9F, 0xEF, 0x9F, 0xE7, 0x9F, 0xEF, 0x9F, 0xE7, 0xBF, 0xEF, 0x9F, 0xE7, 0xBF, 0xEF, 0x9F, 0xE7,
	0xBF, 0xEF, 0x9F, 0xEF, 0xBF, 0xEF, 0x9F, 0xE7, 0xBF, 0xEF, 0x9F, 0xEF, 0xBF, 0xEF, 0x9F, 0xE7,
	0xBF, 0xEF, 0x9F, 0xEF, 0xBF, 0xEF, 0x9F, 0xE7, 0x9F, 0xEF, 0x9F, 0xE7, 0x9F, 0xEF, 0x9E, 0xE7,
	0x9F, 0xEF, 0x9F, 0xE7, 0x9F, 0xEF, 0x9E, 0xE7, 0x9F, 0xE7, 0xFF, 0xF7, 0xFF, 0xFF, 0xDE, 0xFF,
	0xFF, 0xFF, 0xFF, 0xFF, 0xFF, 0xFF, 0xFF, 0xFF, 0xFF, 0xFF, 0xFF, 0xFF, 0xFF, 0xFF, 0xFF, 0xFF,
	0xFF, 0xFF, 0xFF, 0xFF, 0xFF, 0xFF, 0xFF, 0xFF, 0xFF, 0xFF, 0xFF, 0xFF, 0xFF, 0xFF, 0xFF, 0xFF,
	0xFF, 0xFF, 0xFF, 0xFF, 0xFF, 0xFF, 0xFF, 0xFF, 0xFF, 0xFF, 0xFF, 0xFF, 0xFF, 0xFF, 0xFF, 0xFF,
	0xFF, 0xFF, 0xFF, 0xFF, 0xFF, 0xFF, 0xFF, 0xFF, 0xFF, 0xFF, 0xFF, 0xFF, 0xFF, 0xFF, 0xFF, 0xFF,
	0xFF, 0xFF, 0xFF, 0xFF, 0xFF, 0xFF, 0xFF, 0xFF, 0xFF, 0xFF, 0xFF, 0xFF, 0xFF, 0xFF, 0xFF, 0xFF,
	0xFF, 0xFF, 0xFF, 0xFF, 0xFF, 0xFF, 0xFF, 0xFF, 0xFF, 0xFF, 0xFF, 0xFF, 0xFF, 0xFF, 0xFF, 0xFF,
	0xFF, 0xFF, 0xFF, 0xFF, 0xFF, 0xFF, 0xFF, 0xFF, 0xFF, 0xFF, 0xFF, 0xFF, 0xFF, 0xFF, 0xFF, 0xFF,
	0xFF, 0xFF, 0xFF, 0xFF, 0xFF, 0xFF, 0xFF, 0xFF, 0xFF, 0xFF, 0xFF, 0xFF, 0xFF, 0xFF, 0xFF, 0xFF,
	0xFF, 0xFF, 0xFF, 0xFF, 0xFF, 0xFF, 0xFF, 0xFF, 0xFF, 0xFF, 0xFF, 0xFF, 0xFF, 0xFF, 0xFF, 0xFF,
	0xFF, 0xFF, 0xFF, 0xFF, 0xFF, 0xFF, 0xFF, 0xFF, 0xFF, 0xFF, 0xFF, 0xFF, 0xFF, 0xFF, 0xFF, 0xFF,
	0xFF, 0xFF, 0xFF, 0xFF, 0xFF, 0xFF, 0xFF, 0xFF, 0xFF, 0xFF, 0xFF, 0xFF, 0xFF, 0xFF, 0xFF, 0xFF,
	0xFF, 0xFF, 0xFF, 0xFF, 0xFF, 0xFF, 0xFF, 0xFF, 0xFF, 0xFF, 0xFF, 0xFF, 0xFF, 0xFF, 0xFF, 0xFF,
	0xFF, 0xFF, 0xFF, 0xFF, 0xFF, 0xFF, 0xFF, 0xFF, 0xFF, 0xFF, 0xFF, 0xFF, 0xFF, 0xFF, 0xFF, 0xFF,
	0xFF, 0xFF, 0xFF, 0xFF, 0xFF, 0xFF, 0xFF, 0xFF, 0xFF, 0xFF, 0xFF, 0xFF, 0xFF, 0xFF, 0xFF, 0xFF,
	0xFF, 0xFF, 0xFF, 0xFF, 0xFF, 0xFF, 0xFF, 0xFF, 0xFF, 0xFF, 0xFF, 0xFF, 0xFF, 0xFF, 0xFF, 0xFF,
	0xFF, 0xFF, 0xFF, 0xFF, 0xFF, 0xFF, 0xFF, 0xFF, 0xFF, 0xFF, 0xFF, 0xFF, 0xFF, 0xFF, 0xFF, 0xFF,
	0xFF, 0xFF, 0xFF, 0xFF, 0xFF, 0xFF, 0xFF, 0xFF, 0xFF, 0xFF, 0xFF, 0xFF, 0xFF, 0xFF, 0xFF, 0xFF,
	0xFF, 0xFF, 0xFF, 0xFF, 0xFF, 0xFF, 0xFF, 0xFF, 0xFF, 0xFF, 0xFF, 0xFF, 0xFF, 0xFF, 0xFF, 0xFF,
	0xFF, 0xFF, 0xFF, 0xFF, 0xFF, 0xFF, 0xFF, 0xFF, 0xFF, 0xFF, 0xFF, 0xFF, 0xFF, 0xFF, 0xFF, 0xFF,
	0xFF, 0xFF, 0xFF, 0xFF, 0xFF, 0xFF, 0xFF, 0xFF, 0xFF, 0xFF, 0xFF, 0xFF, 0xFF, 0xFF, 0xFF, 0xFF,
	0xFF, 0xFF, 0xFF, 0xFF, 0xFF, 0xFF, 0xFF, 0xFF, 0xFF, 0xFF, 0xFF, 0xFF, 0xFF, 0xFF, 0xFF, 0xFF,
	0xFF, 0xFF, 0xFF, 0xFF, 0xFF, 0xFF, 0xFF, 0xFF, 0xFF, 0xFF, 0xFF, 0xFF, 0xFF, 0xFF, 0xFF, 0xFF,
	0xFF, 0xFF, 0xFF, 0xFF, 0xFF, 0xFF, 0xFF, 0xFF, 0xFF, 0xFF, 0xFF, 0xFF, 0xFF, 0xFF, 0xFF, 0xFF,
	0xFF, 0xFF, 0xFF, 0xFF, 0xFF, 0xFF, 0xFF, 0xFF, 0xFF, 0xFF, 0xFF, 0xFF, 0xFF, 0xFF, 0xFF, 0xFF,
	0xFF, 0xFF, 0xFF, 0xFF, 0xFF, 0xFF, 0xFF, 0xFF, 0xFF, 0xFF, 0xFF, 0xFF, 0xFF, 0xFF, 0xFF, 0xFF,
	0xFF, 0xFF, 0xFF, 0xFF, 0xFF, 0xFF, 0xFF, 0xFF, 0xFF, 0xFF, 0xFF, 0xFF, 0xFF, 0xFF, 0xFF, 0xFF,
	0xFF, 0xFF, 0xFF, 0xFF, 0xFF, 0xFF, 0xFF, 0xFF, 0xFF, 0xFF, 0xFF, 0xFF, 0xFF, 0xFF, 0xFF, 0xFF,
	0xFF, 0xFF, 0xFF, 0xFF, 0xFF, 0xFF, 0xFF, 0xFF, 0xFF, 0xFF, 0xFF, 0xFF, 0xFF, 0xFF, 0xFF, 0xFF,
	0xFF, 0xFF, 0xFF, 0xFF, 0xFF, 0xFF, 0xFF, 0xFF, 0xFF, 0xFF, 0xFF, 0xFF, 0xFF, 0xFF, 0xFF, 0xFF,
	0xFF, 0xFF, 0xFF, 0xFF, 0xFF, 0xFF, 0xFF, 0xFF, 0xFF, 0xFF, 0xFF, 0xFF, 0xFF, 0xFF, 0xFF, 0xFF,
	0xFF, 0xFF, 0xFF, 0xFF, 0xFF, 0xFF, 0xFF, 0xFF, 0xFF, 0xFF, 0xFF, 0xFF, 0xFF, 0xFF, 0xFF, 0xFF,
	0xFF, 0xFF, 0xFF, 0xFF, 0xFF, 0xFF, 0xFF, 0xFF, 0xFF, 0xFF, 0xDF, 0xFF, 0xFF, 0xFF, 0xFF, 0xFF,
	0xFF, 0xFF, 0xFF, 0xFF, 0xFF, 0xFF, 0xFF, 0xFF, 0xFF, 0xFF, 0xFF, 0xFF, 0xFF, 0xFF, 0xFF, 0xFF,
	0xFF, 0xFF, 0xFF, 0xFF, 0xFF, 0xFF, 0xFF, 0xFF, 0xFF, 0xFF, 0xFF, 0xFF, 0xFF, 0xFF, 0xFF, 0xFF,
	0xFF, 0xFF, 0xFF, 0xFF, 0xFF, 0xFF, 0xFF, 0xFF, 0xFF, 0xFF, 0xFF, 0xFF, 0xFF, 0xFF, 0xFF, 0xFF,
	0xFF, 0xFF, 0xFF, 0xFF, 0xFF, 0xFF, 0xFF, 0xFF, 0xFF, 0xFF, 0xFF, 0xFF, 0xFF, 0xFF, 0xFF, 0xFF,
	0xFF, 0xFF, 0xFF, 0xFF, 0xFF, 0xFF, 0xFF, 0xFF, 0xFF, 0xFF, 0xFF, 0xFF, 0xFF, 0xFF, 0xFF, 0xFF,
	0xFF, 0xFF, 0xFF, 0xFF, 0xFF, 0xFF, 0xFF, 0xFF, 0xFF, 0xFF, 0xFF, 0xFF, 0xFF, 0xFF, 0xFF, 0xFF,
	0xFF, 0xFF, 0xFF, 0xFF, 0xFF, 0xFF, 0xFF, 0xFF, 0xFF, 0xFF, 0xFF, 0xFF, 0xFF, 0xFF, 0xFF, 0xFF,
	0xFF, 0xFF, 0xFF, 0xFF, 0xFF, 0xFF, 0xFF, 0xFF, 0xFF, 0xFF, 0xFF, 0xFF, 0xFF, 0xFF, 0xFF, 0xFF,
	0xFF, 0xFF, 0xFF, 0xFF, 0xFF, 0xFF, 0xFF, 0xFF, 0xFF, 0xFF, 0xFF, 0xFF, 0xFF, 0xFF, 0xFF, 0xFF,
	0xFF, 0xFF, 0xFF, 0xFF, 0xFF, 0xFF, 0xFF, 0xFF, 0xFF, 0xFF, 0xFF, 0xFF, 0xFF, 0xFF, 0xFF, 0xFF,
	0xFF, 0xFF, 0xFF, 0xFF, 0xFF, 0xFF, 0xFF, 0xFF, 0xFF, 0xFF, 0xFF, 0xFF, 0xFF, 0xFF, 0xFF, 0xFF,
	0xFF, 0xFF, 0xFF, 0xFF, 0xFF, 0xFF, 0xFF, 0xFF, 0xFF, 0xFF, 0xFF, 0xFF, 0xFF, 0xFF, 0xFF, 0xFF,
	0xFF, 0xFF, 0xFF, 0xFF, 0xFF, 0xFF, 0xFF, 0xFF, 0xFF, 0xFF, 0xFF, 0xFF, 0xFF, 0xFF, 0xFF, 0xFF,
	0xFF, 0xFF, 0xFF, 0xFF, 0xFF, 0xFF, 0xFF, 0xFF, 0xFF, 0xFF, 0xFF, 0xFF, 0xFF, 0xFF, 0xFF, 0xFF,
	0xFF, 0xFF, 0xFF, 0xFF, 0xFF, 0xFF, 0xFF, 0xFF, 0xFF, 0xFF, 0xFF, 0xFF, 0xFF, 0xFF, 0xFF, 0xFF,
	0xFF, 0xFF, 0xFF, 0xFF, 0xFF, 0xFF, 0xFF, 0xFF, 0xFF, 0xFF, 0xFF, 0xFF, 0xFF, 0xFF, 0xFF, 0xFF,
	0xFF, 0xFF, 0xFF, 0xFF, 0xFF, 0xFF, 0xFF, 0xFF, 0xFF, 0xFF, 0xFF, 0xFF, 0xFF, 0xFF, 0xFF, 0xFF,
	0xFF, 0xFF, 0xFF, 0xFF, 0xFF, 0xFF, 0xFF, 0xFF, 0xFF, 0xFF, 0xFF, 0xFF, 0xFF, 0xFF, 0xFF, 0xFF,
	0xFF, 0xFF, 0xFF, 0xFF, 0xFF, 0xFF, 0xFF, 0xFF, 0xFF, 0xFF, 0xFF, 0xFF, 0xFF, 0xFF, 0xFF, 0xFF,
	0xFF, 0xFF, 0xFF, 0xFF, 0xFF, 0xFF, 0xFF, 0xFF, 0xFF, 0xFF, 0xFF, 0xFF, 0xFF, 0xFF, 0xFF, 0xFF,
	0xFF, 0xFF, 0xFF, 0xFF, 0xFF, 0xFF, 0xFF, 0xFF, 0xFF, 0xFF, 0xFF, 0xFF, 0xFF, 0xFF, 0xFF, 0xFF,
	0xFF, 0xFF, 0xFF, 0xFF, 0xFF, 0xFF, 0xFF, 0xFF, 0xFF, 0xFF, 0xFF, 0xFF, 0xFF, 0xFF, 0xFF, 0xFF,
	0xFF, 0xFF, 0xFF, 0xFF, 0xFF, 0xFF, 0xFF, 0xFF, 0xFF, 0xFF, 0xFF, 0xFF, 0xFF, 0xFF, 0xFF, 0xFF,
	0xFF, 0xFF, 0xFF, 0xFF, 0xFF, 0xFF, 0xFF, 0xFF, 0xFF, 0xFF, 0xFF, 0xFF, 0xFF, 0xFF, 0xFF, 0xFF,
	0xFF, 0xFF, 0xFF, 0xFF, 0xFF, 0xFF, 0xFF, 0xFF, 0xFF, 0xFF, 0xFF, 0xFF, 0xFF, 0xFF, 0xFF, 0xFF,
	0xFF, 0xFF, 0xFF, 0xFF, 0xFF, 0xFF, 0xFF, 0xFF, 0xFF, 0xFF, 0xFF, 0xFF, 0xFF, 0xFF, 0xFF, 0xFF,
	0xFF, 0xFF, 0xFF, 0xFF, 0xFF, 0xFF, 0xFF, 0xFF, 0xFF, 0xFF, 0xFF, 0xFF, 0xFF, 0xFF, 0xFF, 0xFF,
	0xFF, 0xFF, 0xFF, 0xFF, 0xFF, 0xFF, 0xFF, 0xFF, 0xFF, 0xFF, 0xFF, 0xFF, 0xFF, 0xFF, 0xFF, 0xFF,
	0xFF, 0xFF, 0xFF, 0xFF, 0xFF, 0xFF, 0xFF, 0xFF, 0xFF, 0xFF, 0xFF, 0xFF, 0xFF, 0xFF, 0xFF, 0xFF,
	0xFF, 0xFF, 0xFF, 0xFF, 0xFF, 0xFF, 0xFF, 0xFF, 0xFF, 0xFF, 0xFF, 0xFF, 0xFF, 0xFF, 0xFF, 0xFF,
	0xFF, 0xFF, 0xFF, 0xFF, 0xFF, 0xFF, 0xFF, 0xFF, 0xFF, 0xFF, 0xFF, 0xFF, 0xFF, 0xFF, 0xFF, 0xFF,
	0xFF, 0xFF, 0xFF, 0xFF, 0xFF, 0xFF, 0xFF, 0xFF, 0xFF, 0xFF, 0xFF, 0xFF, 0xFF, 0xFF, 0xFF, 0xFF,
	0xFF, 0xFF, 0xFF, 0xFF, 0xFF, 0xFF, 0xFF, 0xFF, 0xFF, 0xFF, 0xFF, 0xFF, 0xFF, 0xFF, 0xFF, 0xFF,
	0xFF, 0xFF, 0xFF, 0xFF, 0xFF, 0xFF, 0xFF, 0xFF, 0xFF, 0xFF, 0xFF, 0xFF, 0xFF, 0xFF, 0xFF, 0xFF,
	0xFF, 0xFF, 0xFF, 0xFF, 0xFF, 0xFF, 0xFF, 0xFF, 0xFF, 0xFF, 0xFF, 0xFF, 0xFF, 0xFF, 0xFF, 0xFF,
	0xFF, 0xFF, 0xFF, 0xFF, 0xFF, 0xFF, 0xFF, 0xFF, 0xFF, 0xFF, 0xFF, 0xFF, 0xFF, 0xFF, 0xFF, 0xFF,
	0xFF, 0xFF, 0xFF, 0xFF, 0xFF, 0xFF, 0xFF, 0xFF, 0xFF, 0xFF, 0xFF, 0xFF, 0xFF, 0xFF, 0xFF, 0xFF,
	0xFF, 0xFF, 0xFF, 0xFF, 0xFF, 0xFF, 0xFF, 0xFF, 0xFF, 0xFF, 0xFF, 0xFF, 0xFF, 0xFF, 0xFF, 0xFF,
	0xFF, 0xFF, 0xFF, 0xFF, 0xFF, 0xFF, 0xFF, 0xFF, 0xFF, 0xFF, 0xFF, 0xFF, 0xFF, 0xFF, 0xFF, 0xFF,
	0xFF, 0xFF, 0xFF, 0xFF, 0xFF, 0xFF, 0xFF, 0xFF, 0xFF, 0xFF, 0xFF, 0xFF, 0xFF, 0xFF, 0xFF, 0xFF,
	0xFF, 0xFF, 0xFF, 0xFF, 0xFF, 0xFF, 0xFF, 0xFF, 0xFF, 0xFF, 0xFF, 0xFF, 0xFF, 0xFF, 0xFF, 0xFF,
	0xFF, 0xFF, 0xFF, 0xFF, 0xFF, 0xFF, 0xFF, 0xFF, 0xFF, 0xFF, 0xFF, 0xFF, 0xFF, 0xFF, 0xFF, 0xFF,
	0xFF, 0xFF, 0xFF, 0xFF, 0xFF, 0xFF, 0xFF, 0xFF, 0xFF, 0xFF, 0xFF, 0xFF, 0xFF, 0xFF, 0xFF, 0xFF,
	0xFF, 0xFF, 0xFF, 0xFF, 0xFF, 0xFF, 0xFF, 0xFF, 0xFF, 0xFF, 0xFF, 0xFF, 0xFF, 0xFF, 0xFF, 0xFF,
	0xFF, 0xFF, 0xFF, 0xFF, 0xFF, 0xFF, 0xFF, 0xFF, 0xFF, 0xFF, 0xFF, 0xFF, 0xFF, 0xFF, 0xFF, 0xFF,
	0xFF, 0xFF, 0xFF, 0xFF, 0xFF, 0xFF, 0xFF, 0xFF, 0xFF, 0xFF, 0xFF, 0xFF, 0xFF, 0xFF, 0xFF, 0xFF,
	0xFF, 0xFF, 0xFF, 0xFF, 0xFF, 0xFF, 0xFF, 0xFF, 0xFF, 0xFF, 0xFF, 0xFF, 0xFF, 0xFF, 0xFF, 0xFF,
	0xFF, 0xFF, 0xFF, 0xFF, 0xFF, 0xFF, 0xFF, 0xFF, 0xFF, 0xFF, 0xFF, 0xFF, 0xFF, 0xFF, 0xFF, 0xFF,
	0xFF, 0xFF, 0xFF, 0xFF, 0xFF, 0xFF, 0xFF, 0xFF, 0xFF, 0xFF, 0xFF, 0xFF, 0xFF, 0xFF, 0xFF, 0xFF,
	0xFF, 0xFF, 0xFF, 0xFF, 0xFF, 0xFF, 0xFF, 0xFF, 0xFF, 0xFF, 0xFF, 0xFF, 0xFF, 0xFF, 0xFF, 0xFF,
	0xFF, 0xFF, 0xFF, 0xFF, 0xFF, 0xFF, 0xFF, 0xFF, 0xFF, 0xFF, 0xFF, 0xFF, 0xFF, 0xFF, 0xFF, 0xFF,
	0xFF, 0xFF, 0xFF, 0xFF, 0xFF, 0xFF, 0xFF, 0xFF, 0xFF, 0xFF, 0xFF, 0xFF, 0xFF, 0xFF, 0xFF, 0xFF,
	0xFF, 0xFF, 0xFF, 0xFF, 0xFF, 0xFF, 0xFF, 0xFF, 0xFF, 0xFF, 0xFF, 0xFF, 0xFF, 0xFF, 0xFF, 0xFF,
	0xFF, 0xFF, 0xFF, 0xFF, 0xFF, 0xFF, 0xFF, 0xFF, 0xFF, 0xFF, 0xFF, 0xFF, 0xFF, 0xFF, 0xFF, 0xFF,
	0xFF, 0xFF, 0xFF, 0xFF, 0xFF, 0xFF, 0xFF, 0xFF, 0xFF, 0xFF, 0xFF, 0xFF, 0xFF, 0xFF, 0xFF, 0xFF,
	0xFF, 0xFF, 0xFF, 0xFF, 0xFF, 0xFF, 0xFF, 0xFF, 0xFF, 0xFF, 0xFF, 0xFF, 0xFF, 0xFF, 0xFF, 0xFF,
	0xFF, 0xFF, 0xFF, 0xFF, 0xFF, 0xFF, 0xFF, 0xFF, 0xFF, 0xFF, 0xFF, 0xFF, 0xFF, 0xFF, 0xFF, 0xFF,
	0xFF, 0xFF, 0xFF, 0xFF, 0xFF, 0xFF, 0xFF, 0xFF, 0xFF, 0xFF, 0xFF, 0xFF, 0xFF, 0xFF, 0xFF, 0xFF,
	0xFF, 0xFF, 0xFF, 0xFF, 0xFF, 0xFF, 0xFF, 0xFF, 0xFF, 0xFF, 0xFF, 0xFF, 0xFF, 0xFF, 0xFF, 0xFF,
	0xFF, 0xFF, 0xFF, 0xFF, 0xFF, 0xFF, 0xFF, 0xFF, 0xFF, 0xFF, 0xFF, 0xFF, 0xFF, 0xFF, 0xFF, 0xFF,
	0xFF, 0xFF, 0xFF, 0xFF, 0xFF, 0xFF, 0xFF, 0xFF, 0xFF, 0xFF, 0xFF, 0xFF, 0xFF, 0xFF, 0xFF, 0xFF,
	0xFF, 0xFF, 0xFF, 0xFF, 0xFF, 0xFF, 0xFF, 0xFF, 0xFF, 0xFF, 0xFF, 0xFF, 0xFF, 0xFF, 0xFF, 0xFF,
	0xFF, 0xFF, 0xFF, 0xFF, 0xFF, 0xFF, 0xFF, 0xFF, 0xFF, 0xFF, 0xFF, 0xFF, 0xFF, 0xFF, 0xFF, 0xFF,
	0xFF, 0xFF, 0xFF, 0xFF, 0xFF, 0xFF, 0xFF, 0xFF, 0xFF, 0xFF, 0xFF, 0xFF, 0xFF, 0xFF, 0xFF, 0xFF,
	0xFF, 0xFF, 0xFF, 0xFF, 0xFF, 0xFF, 0xFF, 0xFF, 0xFF, 0xFF, 0xFF, 0xFF, 0xFF, 0xFF, 0xFF, 0xFF,
	0xFF, 0xFF, 0xFF, 0xFF, 0xFF, 0xFF, 0xFF, 0xFF, 0xFF, 0xFF, 0xFF, 0xFF, 0xFF, 0xFF, 0xFF, 0xFF,
	0xFF, 0xFF, 0xFF, 0xFF, 0xFF, 0xFF, 0xFF, 0xFF, 0xFF, 0xFF, 0xFF, 0xFF, 0xFF, 0xFF, 0xFF, 0xFF,
	0xFF, 0xFF, 0xFF, 0xFF, 0xFF, 0xFF, 0xFF, 0xFF, 0xFF, 0xFF, 0xFF, 0xFF, 0xFF, 0xFF, 0xFF, 0xFF,
	0xFF, 0xFF, 0xFF, 0xFF, 0xFF, 0xFF, 0xFF, 0xFF, 0xFF, 0xFF, 0xFF, 0xFF, 0xFF, 0xFF, 0xFF, 0xFF,
	0xFF, 0xFF, 0xFF, 0xFF, 0xFF, 0xFF, 0xFF, 0xFF, 0xFF, 0xFF, 0xFF, 0xFF, 0xFF, 0xFF, 0xFF, 0xFF,
	0xFF, 0xFF, 0xFF, 0xFF, 0xFF, 0xFF, 0xFF, 0xFF, 0xFF, 0xFF, 0xFF, 0xFF, 0xFF, 0xFF, 0xFF, 0xFF,
	0xFF, 0xFF, 0xFF, 0xFF, 0xFF, 0xFF, 0xFF, 0xFF, 0xFF, 0xFF, 0xFF, 0xFF, 0xFF, 0xFF, 0xFF, 0xFF,
	0xFF, 0xFF, 0xFF, 0xFF, 0xFF, 0xFF, 0xFF, 0xFF, 0xFF, 0xFF, 0xFF, 0xFF, 0xFF, 0xFF, 0xFF, 0xFF,
	0xFF, 0xFF, 0xFF, 0xFF, 0xFF, 0xFF, 0xFF, 0xFF, 0xFF, 0xFF, 0xFF, 0xFF, 0xFF, 0xFF, 0xFF, 0xFF,
	0xFF, 0xFF, 0xFF, 0xFF, 0xFF, 0xFF, 0xFF, 0xFF, 0xFF, 0xFF, 0xFF, 0xFF, 0xFF, 0xFF, 0xFF, 0xFF,
	0xFF, 0xFF, 0xFF, 0xFF, 0xFF, 0xFF, 0xFF, 0xFF, 0xFF, 0xFF, 0xFF, 0xFF, 0xFF, 0xFF, 0xFF, 0xFF,
	0xFF, 0xFF, 0xFF, 0xFF, 0xFF, 0xFF, 0xFF, 0xFF, 0xFF, 0xFF, 0xFF, 0xFF, 0xFF, 0xFF, 0xFF, 0xFF,
	0xFF, 0xFF, 0xFF, 0xFF, 0xFF, 0xFF, 0xFF, 0xFF, 0xFF, 0xFF, 0xFF, 0xFF, 0xFF, 0xFF, 0xFF, 0xFF,
	0xFF, 0xFF, 0xFF, 0xFF, 0xFF, 0xFF, 0xFF, 0xFF, 0xFF, 0xFF, 0xFF, 0xFF, 0xFF, 0xFF, 0xFF, 0xFF,
	0xFF, 0xFF, 0xFF, 0xFF, 0xFF, 0xFF, 0xFF, 0xFF, 0xFF, 0xFF, 0xFF, 0xFF, 0xFF, 0xFF, 0xFF, 0xFF,
	0xFF, 0xFF, 0xFF, 0xFF, 0xFF, 0xFF, 0xFF, 0xFF, 0xFF, 0xFF, 0xFF, 0xFF, 0xFF, 0xFF, 0xFF, 0xFF,
	0xFF, 0xFF, 0xFF, 0xFF, 0xFF, 0xFF, 0xFF, 0xFF, 0xFF, 0xFF, 0xFF, 0xFF, 0xFF, 0xFF, 0xFF, 0xFF,
	0xFF, 0xFF, 0xFF, 0xFF, 0xFF, 0xFF, 0xFF, 0xFF, 0xFF, 0xFF, 0xFF, 0xFF, 0xFF, 0xFF, 0xFF, 0xFF,
	0xFF, 0xFF, 0xFF, 0xFF, 0xFF, 0xFF, 0xFF, 0xFF, 0xFF, 0xFF, 0xFF, 0xFF, 0xFF, 0xFF, 0xFF, 0xFF,
	0xFF, 0xFF, 0xFF, 0xFF, 0xFF, 0xFF, 0xFF, 0xFF, 0xFF, 0xFF, 0xFF, 0xFF, 0xFF, 0xFF, 0xFF, 0xFF,
	0xFF, 0xFF, 0xFF, 0xFF, 0xFF, 0xFF, 0xFF, 0xFF, 0xFF, 0xFF, 0xFF, 0xFF, 0xFF, 0xFF, 0xFF, 0xFF,
	0xFF, 0xFF, 0xFF, 0xFF, 0xFF, 0xFF, 0xFF, 0xFF, 0xFF, 0xFF, 0xFF, 0xFF, 0xFF, 0xFF, 0xFF, 0xFF,
	0xFF, 0xFF, 0xFF, 0xFF, 0xFF, 0xFF, 0xFF, 0xFF, 0xFF, 0xFF, 0xFF, 0xFF, 0xFF, 0xFF, 0xFF, 0xFF,
	0xFF, 0xFF, 0xFF, 0xFF, 0xFF, 0xFF, 0xFF, 0xFF, 0xFF, 0xFF, 0xFF, 0xFF, 0xFF, 0xFF, 0xFF, 0xFF,
	0xFF, 0xFF, 0xFF, 0xFF, 0xFF, 0xFF, 0xFF, 0xFF, 0xFF, 0xFF, 0xFF, 0xFF, 0xFF, 0xFF, 0xFF, 0xFF,
	0xFF, 0xFF, 0xFF, 0xFF, 0xFF, 0xFF, 0xFF, 0xFF, 0xFF, 0xFF, 0xFF, 0xFF, 0xFF, 0xFF, 0xFF, 0xFF,
	0xFF, 0xFF, 0xFF, 0xFF, 0xFF, 0xFF, 0xFF, 0xFF, 0xFF, 0xFF, 0xFF, 0xFF, 0xFF, 0xFF, 0xFF, 0xFF,
	0xFF, 0xFF, 0xFF, 0xFF, 0xFF, 0xFF, 0xFF, 0xFF, 0xFF, 0xFF, 0xFF, 0xFF, 0xFF, 0xFF, 0xFF, 0xFF,
	0xFF, 0xFF, 0xFF, 0xFF, 0xFF, 0xFF, 0xFF, 0xFF, 0xFF, 0xFF, 0xFF, 0xFF, 0xFF, 0xFF, 0xFF, 0xFF,
	0xFF, 0xFF, 0xFF, 0xFF, 0xFF, 0xFF, 0xFF, 0xFF, 0xFF, 0xFF, 0xFF, 0xFF, 0xFF, 0xFF, 0xFF, 0xFF,
	0xFF, 0xFF, 0xFF, 0xFF, 0xFF, 0xFF, 0xFF, 0xFF, 0xFF, 0xFF, 0xFF, 0xFF, 0xFF, 0xFF, 0xFF, 0xFF,
	0xFF, 0xFF, 0xFF, 0xFF, 0xFF, 0xFF, 0xFF, 0xFF, 0xFF, 0xFF, 0xFF, 0xFF, 0xFF, 0xFF, 0xFF, 0xFF,
	0xFF, 0xFF, 0xFF, 0xFF, 0xFF, 0xFF, 0xFF, 0xFF, 0xFF, 0xFF, 0xFF, 0xFF, 0xFF, 0xFF, 0xFF, 0xFF,
	0xFF, 0xFF, 0xFF, 0xFF, 0xFF, 0xFF, 0xFF, 0xFF, 0xFF, 0xFF, 0xFF, 0xFF, 0xFF, 0xFF, 0xFF, 0xFF,
	0xFF, 0xFF, 0xFF, 0xFF, 0xFF, 0xFF, 0xFF, 0xFF, 0xFF, 0xFF, 0xFF, 0xFF, 0xFF, 0xFF, 0xFF, 0xFF,
	0xFF, 0xFF, 0xFF, 0xFF, 0xFF, 0xFF, 0xFF, 0xFF, 0xFF, 0xFF, 0xFF, 0xFF, 0xFF, 0xFF, 0xFF, 0xFF,
	0xFF, 0xFF, 0xFF, 0xFF, 0xFF, 0xFF, 0xFF, 0xFF, 0xFF, 0xFF, 0xFF, 0xFF, 0xFF, 0xFF, 0xFF, 0xFF,
	0xFF, 0xFF, 0xFF, 0xFF, 0xFF, 0xFF, 0xFF, 0xFF, 0xFF, 0xFF, 0xFF, 0xFF, 0xFF, 0xFF, 0xFF, 0xFF,
	0xFF, 0xFF, 0xFF, 0xFF, 0xFF, 0xFF, 0xFF, 0xFF, 0xFF, 0xFF, 0xFF, 0xFF, 0xFF, 0xFF, 0xFF, 0xFF,
	0xFF, 0xFF, 0xFF, 0xFF, 0xFF, 0xFF, 0xFF, 0xFF, 0xFF, 0xFF, 0xFF, 0xFF, 0xFF, 0xFF, 0xFF, 0xFF,
	0xFF, 0xFF, 0xFF, 0xFF, 0xFF, 0xFF, 0xFF, 0xFF, 0xFF, 0xFF, 0xFF, 0xFF, 0xFF, 0xFF, 0xFF, 0xFF,
	0xFF, 0xFF, 0xFF, 0xFF, 0xFF, 0xFF, 0xFF, 0xFF, 0xFF, 0xFF, 0xFF, 0xFF, 0xFF, 0xFF, 0xFF, 0xFF,
	0xFF, 0xFF, 0xFF, 0xFF, 0xFF, 0xFF, 0xFF, 0xFF, 0xFF, 0xFF, 0xFF, 0xFF, 0xFF, 0xFF, 0xFF, 0xFF,
	0xFF, 0xFF, 0xFF, 0xFF, 0xFF, 0xFF, 0xFF, 0xFF, 0xFF, 0xFF, 0xFF, 0xFF, 0xFF, 0xFF, 0xFF, 0xFF,
	0xFF, 0xFF, 0xFF, 0xFF, 0xFF, 0xFF, 0xFF, 0xFF, 0xFF, 0xFF, 0xFF, 0xFF, 0xFF, 0xFF, 0xFF, 0xFF,
	0xFF, 0xFF, 0xFF, 0xFF, 0xFF, 0xFF, 0xFF, 0xFF, 0xFF, 0xFF, 0xFF, 0xFF, 0xFF, 0xFF, 0xFF, 0xFF,
	0xFF, 0xFF, 0xFF, 0xFF, 0xFF, 0xFF, 0xFF, 0xFF, 0xFF, 0xFF, 0xFF, 0xFF, 0xFF, 0xFF, 0xFF, 0xFF,
	0xFF, 0xFF, 0xFF, 0xFF, 0xFF, 0xFF, 0xFF, 0xFF, 0xFF, 0xFF, 0xFF, 0xFF, 0xFF, 0xFF, 0xFF, 0xFF,
	0xFF, 0xFF, 0xFF, 0xFF, 0xFF, 0xFF, 0xFF, 0xFF, 0xFF, 0xFF, 0xFF, 0xFF, 0xFF, 0xFF, 0xFF, 0xFF,
	0xFF, 0xFF, 0xFF, 0xFF, 0xFF, 0xFF, 0xFF, 0xFF, 0xFF, 0xFF, 0xFF, 0xFF, 0xFF, 0xFF, 0xFF, 0xFF,
	0xFF, 0xFF, 0xFF, 0xFF, 0xFF, 0xFF, 0xFF, 0xFF, 0xFF, 0xFF, 0xFF, 0xFF, 0xFF, 0xFF, 0xFF, 0xFF,
	0xFF, 0xFF, 0xFF, 0xFF, 0xFF, 0xFF, 0xFF, 0xFF, 0xFF, 0xFF, 0xFF, 0xFF, 0xFF, 0xFF, 0xFF, 0xFF,
	0xFF, 0xFF, 0xFF, 0xFF, 0xFF, 0xFF, 0xFF, 0xFF, 0xFF, 0xFF, 0xFF, 0xFF, 0xFF, 0xFF, 0xFF, 0xFF,
	0xFF, 0xFF, 0xFF, 0xFF, 0xFF, 0xFF, 0xFF, 0xFF, 0xFF, 0xFF, 0xFF, 0xFF, 0xFF, 0xFF, 0xFF, 0xFF,
	0xFF, 0xFF, 0xFF, 0xFF, 0xFF, 0xFF, 0xFF, 0xFF, 0xFF, 0xFF, 0xFF, 0xFF, 0xFF, 0xFF, 0xFF, 0xFF,
	0xFF, 0xFF, 0xFF, 0xFF, 0xFF, 0xFF, 0xFF, 0xFF, 0xFF, 0xFF, 0xFF, 0xFF, 0xFF, 0xFF, 0xFF, 0xFF,
	0xFF, 0xFF, 0xFF, 0xFF, 0xFF, 0xFF, 0xFF, 0xFF, 0xFF, 0xFF, 0xFF, 0xFF, 0xFF, 0xFF, 0xFF, 0xFF,
	0xFF, 0xFF, 0xFF, 0xFF, 0xFF, 0xFF, 0xFF, 0xFF, 0xFF, 0xFF, 0xFF, 0xFF, 0xFF, 0xFF, 0xFF, 0xFF,
	0xFF, 0xFF, 0xFF, 0xFF, 0xFF, 0xFF, 0xFF, 0xFF, 0xFF, 0xFF, 0xFF, 0xFF, 0xFF, 0xFF, 0xFF, 0xFF,
	0xFF, 0xFF, 0xFF, 0xFF, 0xFF, 0xFF, 0xFF, 0xFF, 0xFF, 0xFF, 0xFF, 0xFF, 0xFF, 0xFF, 0xFF, 0xFF,
	0xFF, 0xFF, 0xFF, 0xFF, 0xFF, 0xFF, 0xFF, 0xFF, 0xFF, 0xFF, 0xFF, 0xFF, 0xFF, 0xFF, 0xFF, 0xFF,
	0xFF, 0xFF, 0xFF, 0xFF, 0xFF, 0xFF, 0xFF, 0xFF, 0xFF, 0xFF, 0xFF, 0xFF, 0xFF, 0xFF, 0xFF, 0xFF,
	0xFF, 0xFF, 0xFF, 0xFF, 0xFF, 0xFF, 0xFF, 0xFF, 0xFF, 0xFF, 0xFF, 0xFF, 0xFF, 0xFF, 0xFF, 0xFF,
	0xFF, 0xFF, 0xFF, 0xFF, 0xFF, 0xFF, 0xFF, 0xFF, 0xFF, 0xFF, 0xFF, 0xFF, 0xFF, 0xFF, 0xFF, 0xFF,
	0xFF, 0xFF, 0xFF, 0xFF, 0xFF, 0xFF, 0xFF, 0xFF, 0xFF, 0xFF, 0xFF, 0xFF, 0xFF, 0xFF, 0xFF, 0xFF,
	0xFF, 0xFF, 0xFF, 0xFF, 0xFF, 0xFF, 0xFF, 0xFF, 0xFF, 0xFF, 0xFF, 0xFF, 0xFF, 0xFF, 0xFF, 0xFF,
	0xFF, 0xFF, 0xFF, 0xFF, 0xFF, 0xFF, 0xFF, 0xFF, 0xFF, 0xFF, 0xFF, 0xFF, 0xFF, 0xFF, 0xFF, 0xFF,
	0xFF, 0xFF, 0xFF, 0xFF, 0xFF, 0xFF, 0xFF, 0xFF, 0xFF, 0xFF, 0xFF, 0xFF, 0xFF, 0xFF, 0xFF, 0xFF,
	0xFF, 0xFF, 0xFF, 0xFF, 0xFF, 0xFF, 0xFF, 0xFF, 0xFF, 0xFF, 0xFF, 0xFF, 0xFF, 0xFF, 0xFF, 0xFF,
	0xFF, 0xFF, 0xFF, 0xFF, 0xFF, 0xFF, 0xFF, 0xFF, 0xFF, 0xFF, 0xFF, 0xFF, 0xFF, 0xFF, 0xFF, 0xFF,
	0xFF, 0xFF, 0xFF, 0xFF, 0xFF, 0xFF, 0xFF, 0xFF, 0xFF, 0xFF, 0xFF, 0xFF, 0xFF, 0xFF, 0xFF, 0xFF,
	0xFF, 0xFF, 0xFF, 0xFF, 0xFF, 0xFF, 0xFF, 0xFF, 0xFF, 0xFF, 0xFF, 0xFF, 0xFF, 0xFF, 0xFF, 0xFF,
	0xFF, 0xFF, 0xFF, 0xFF, 0xFF, 0xFF, 0xFF, 0xFF, 0xFF, 0xFF, 0xFF, 0xFF, 0xFF, 0xFF, 0xFF, 0xFF,
	0xFF, 0xFF, 0xFF, 0xFF, 0xFF, 0xFF, 0xFF, 0xFF, 0xFF, 0xFF, 0xFF, 0xFF, 0xFF, 0xFF, 0xFF, 0xFF,
	0xFF, 0xFF, 0xFF, 0xFF, 0xFF, 0xFF, 0xFF, 0xFF, 0xFF, 0xFF, 0xFF, 0xFF, 0xFF, 0xFF, 0xFF, 0xFF,
	0xFF, 0xFF, 0xFF, 0xFF, 0xFF, 0xFF, 0xFF, 0xFF, 0xFF, 0xFF, 0xFF, 0xFF, 0xFF, 0xFF, 0xFF, 0xFF,
	0xFF, 0xFF, 0xFF, 0xFF, 0xFF, 0xFF, 0xFF, 0xFF, 0xFF, 0xFF, 0xFF, 0xFF, 0xFF, 0xFF, 0xFF, 0xFF,
	0xFF, 0xFF, 0xFF, 0xFF, 0xFF, 0xFF, 0xFF, 0xFF, 0xFF, 0xFF, 0xFF, 0xFF, 0xFF, 0xFF, 0xFF, 0xFF,
	0xFF, 0xFF, 0xFF, 0xFF, 0xFF, 0xFF, 0xFF, 0xFF, 0xFF, 0xFF, 0xFF, 0xFF, 0xFF, 0xFF, 0xFF, 0xFF,
	0xFF, 0xFF, 0xFF, 0xFF, 0xFF, 0xFF, 0xFF, 0xFF, 0xFF, 0xFF, 0xFF, 0xFF, 0xFF, 0xFF, 0xFF, 0xFF,
	0xFF, 0xFF, 0xFF, 0xFF, 0xFF, 0xFF, 0xFF, 0xFF, 0xFF, 0xFF, 0xFF, 0xFF, 0xFF, 0xFF, 0xFF, 0xFF,
	0xFF, 0xFF, 0xFF, 0xFF, 0xFF, 0xFF, 0xFF, 0xFF, 0xFF, 0xFF, 0xFF, 0xFF, 0xFF, 0xFF, 0xFF, 0xFF,
	0xFF, 0xFF, 0xFF, 0xFF, 0xFF, 0xFF, 0xFF, 0xFF, 0xFF, 0xFF, 0xFF, 0xFF, 0xFF, 0xFF, 0xFF, 0xFF,
	0xFF, 0xFF, 0xFF, 0xFF, 0xFF, 0xFF, 0xFF, 0xFF, 0xFF, 0xFF, 0xFF, 0xFF, 0xFF, 0xFF, 0xFF, 0xFF,
	0xFF, 0xFF, 0xFF, 0xFF, 0xFF, 0xFF, 0xFF, 0xFF, 0xFF, 0xFF, 0xFF, 0xFF, 0xFF, 0xFF, 0xFF, 0xFF,
	0xFF, 0xFF, 0xFF, 0xFF, 0xFF, 0xFF, 0xFF, 0xFF, 0xFF, 0xFF, 0xFF, 0xFF, 0xFF, 0xFF, 0xFF, 0xFF,
	0xFF, 0xFF, 0xFF, 0xFF, 0xFF, 0xFF, 0xFF, 0xFF, 0xFF, 0xFF, 0xFF, 0xFF, 0xFF, 0xFF, 0xFF, 0xFF,
	0xFF, 0xFF, 0xFF, 0xFF, 0xFF, 0xFF, 0xFF, 0xFF, 0xFF, 0xFF, 0xFF, 0xFF, 0xFF, 0xFF, 0xFF, 0xFF,
	0xFF, 0xFF, 0xFF, 0xFF, 0xFF, 0xFF, 0xFF, 0xFF, 0xFF, 0xFF, 0xFF, 0xFF, 0xFF, 0xFF, 0xFF, 0xFF,
	0xFF, 0xFF, 0xFF, 0xFF, 0xFF, 0xFF, 0xFF, 0xFF, 0xFF, 0xFF, 0xFF, 0xFF, 0xFF, 0xFF, 0xFF, 0xFF,
	0xFF, 0xFF, 0xFF, 0xFF, 0xFF, 0xFF, 0xFF, 0xFF, 0xFF, 0xFF, 0xFF, 0xFF, 0xFF, 0xFF, 0xFF, 0xFF,
	0xFF, 0xFF, 0xFF, 0xFF, 0xFF, 0xFF, 0xFF, 0xFF, 0xFF, 0xFF, 0xFF, 0xFF, 0xFF, 0xFF, 0xFF, 0xFF,
	0xFF, 0xFF, 0xFF, 0xFF, 0xFF, 0xFF, 0xFF, 0xFF, 0xFF, 0xFF, 0xFF, 0xFF, 0xFF, 0xFF, 0xFF, 0xFF,
	0xFF, 0xFF, 0xFF, 0xFF, 0xFF, 0xFF, 0xFF, 0xFF, 0xFF, 0xFF, 0xFF, 0xFF, 0xFF, 0xFF, 0xFF, 0xFF,
	0xFF, 0xFF, 0xFF, 0xFF, 0xFF, 0xFF, 0xFF, 0xFF, 0xFF, 0xFF, 0xFF, 0xFF, 0xFF, 0xFF, 0xFF, 0xFF,
	0xFF, 0xFF, 0xFF, 0xFF, 0xFF, 0xFF, 0xFF, 0xFF, 0xFF, 0xFF, 0xFF, 0xFF, 0xFF, 0xFF, 0xFF, 0xFF,
	0xFF, 0xFF, 0xFF, 0xFF, 0xFF, 0xFF, 0xFF, 0xFF, 0xFF, 0xFF, 0xFF, 0xFF, 0xFF, 0xFF, 0xFF, 0xFF,
	0xFF, 0xFF, 0xFF, 0xFF, 0xFF, 0xFF, 0xFF, 0xFF, 0xFF, 0xFF, 0xFF, 0xFF, 0xFF, 0xFF, 0xFF, 0xFF,
	0xFF, 0xFF, 0xFF, 0xFF, 0xFF, 0xFF, 0xFF, 0xFF, 0xFF, 0xFF, 0xFF, 0xFF, 0xFF, 0xFF, 0xFF, 0xFF,
	0xFF, 0xFF, 0xFF, 0xFF, 0xFF, 0xFF, 0xFF, 0xFF, 0xFF, 0xFF, 0xFF, 0xFF, 0xFF, 0xFF, 0xFF, 0xFF,
	0xFF, 0xFF, 0xFF, 0xFF, 0xFF, 0xFF, 0xFF, 0xFF, 0xFF, 0xFF, 0xFF, 0xFF, 0xFF, 0xFF, 0xFF, 0xFF,
	0xFF, 0xFF, 0xFF, 0xFF, 0xFF, 0xFF, 0xFF, 0xFF, 0xFF, 0xFF, 0xFF, 0xFF, 0xFF, 0xFF, 0xFF, 0xFF,
	0xFF, 0xFF, 0xFF, 0xFF, 0xFF, 0xFF, 0xFF, 0xFF, 0xFF, 0xFF, 0xFF, 0xFF, 0xFF, 0xFF, 0xFF, 0xFF,
	0xFF, 0xFF, 0xFF, 0xFF, 0xFF, 0xFF, 0xFF, 0xFF, 0xFF, 0xFF, 0xFF, 0xFF, 0xFF, 0xFF, 0xFF, 0xFF,
	0xFF, 0xFF, 0xFF, 0xFF, 0xFF, 0xFF, 0xFF, 0xFF, 0xFF, 0xFF, 0xFF, 0xFF, 0xFF, 0xFF, 0xFF, 0xFF,
	0xFF, 0xFF, 0xFF, 0xFF, 0xFF, 0xFF, 0xFF, 0xFF, 0xFF, 0xFF, 0xFF, 0xFF, 0xFF, 0xFF, 0xFF, 0xFF,
	0xFF, 0xFF, 0xFF, 0xFF, 0xFF, 0xFF, 0xFF, 0xFF, 0xFF, 0xFF, 0xFF, 0xFF, 0xFF, 0xFF, 0xFF, 0xFF,
	0xFF, 0xFF, 0xFF, 0xFF, 0xFF, 0xFF, 0xFF, 0xFF, 0xFF, 0xFF, 0xFF, 0xFF, 0xFF, 0xFF, 0xFF, 0xFF,
	0xFF, 0xFF, 0xFF, 0xFF, 0xFF, 0xFF, 0xFF, 0xFF, 0xFF, 0xFF, 0xFF, 0xFF, 0xFF, 0xFF, 0xFF, 0xFF,
	0xFF, 0xFF, 0xFF, 0xFF, 0xFF, 0xFF, 0xFF, 0xFF, 0xFF, 0xFF, 0xFF, 0xFF, 0xFF, 0xFF, 0xFF, 0xFF,
	0xFF, 0xFF, 0xFF, 0xFF, 0xFF, 0xFF, 0xFF, 0xFF, 0xFF, 0xFF, 0xFF, 0xFF, 0xFF, 0xFF, 0xFF, 0xFF,
	0xFF, 0xFF, 0xFF, 0xFF, 0xFF, 0xFF, 0xFF, 0xFF, 0xFF, 0xFF, 0xFF, 0xFF, 0xFF, 0xFF, 0xFF, 0xFF,
	0xFF, 0xFF, 0xFF, 0xFF, 0xFF, 0xFF, 0xFF, 0xFF, 0xFF, 0xFF, 0xFF, 0xFF, 0xFF, 0xFF, 0xFF, 0xFF,
	0xFF, 0xFF, 0xFF, 0xFF, 0xFF, 0xFF, 0xFF, 0xFF, 0xFF, 0xFF, 0xFF, 0xFF, 0xFF, 0xFF, 0xFF, 0xFF,
	0xFF, 0xFF, 0xFF, 0xFF, 0xFF, 0xFF, 0xFF, 0xFF, 0xFF, 0xFF, 0xFF, 0xFF, 0xFF, 0xFF, 0xFF, 0xFF,
	0xFF, 0xFF, 0xFF, 0xFF, 0xFF, 0xFF, 0xFF, 0xFF, 0xFF, 0xFF, 0xFF, 0xFF, 0xFF, 0xFF, 0xFF, 0xFF,
	0xFF, 0xFF, 0xFF, 0xFF, 0xFF, 0xFF, 0xFF, 0xFF, 0xFF, 0xFF, 0xFF, 0xFF, 0xFF, 0xFF, 0xFF, 0xFF,
	0xFF, 0xFF, 0xFF, 0xFF, 0xFF, 0xFF, 0xFF, 0xFF, 0xFF, 0xFF, 0xFF, 0xFF, 0xFF, 0xFF, 0xFF, 0xFF,
	0xFF, 0xFF, 0xFF, 0xFF, 0xFF, 0xFF, 0xFF, 0xFF, 0xFF, 0xFF, 0xFF, 0xFF, 0xFF, 0xFF, 0xFF, 0xFF,
	0xFF, 0xFF, 0xFF, 0xFF, 0xFF, 0xFF, 0xFF, 0xFF, 0xFF, 0xFF, 0xFF, 0xFF, 0xFF, 0xFF, 0xFF, 0xFF,
	0xFF, 0xFF, 0xFF, 0xFF, 0xFF, 0xFF, 0xFF, 0xFF, 0xFF, 0xFF, 0xFF, 0xFF, 0xFF, 0xFF, 0xFF, 0xFF,
	0xFF, 0xFF, 0xFF, 0xFF, 0xFF, 0xFF, 0xFF, 0xFF, 0xFF, 0xFF, 0xFF, 0xFF, 0xFF, 0xFF, 0xFF, 0xFF,
	0xFF, 0xFF, 0xFF, 0xFF, 0xFF, 0xFF, 0xFF, 0xFF, 0xFF, 0xFF, 0xFF, 0xFF, 0xFF, 0xFF, 0xFF, 0xFF,
	0xFF, 0xFF, 0xFF, 0xFF, 0xFF, 0xFF, 0xFF, 0xFF, 0xFF, 0xFF, 0xFF, 0xFF, 0xFF, 0xFF, 0xFF, 0xFF,
	0xFF, 0xFF, 0xFF, 0xFF, 0xFF, 0xFF, 0xFF, 0xFF, 0xFF, 0xFF, 0xFF, 0xFF, 0xFF, 0xFF, 0xFF, 0xFF,
	0xFF, 0xFF, 0xFF, 0xFF, 0xFF, 0xFF, 0xFF, 0xFF, 0xFF, 0xFF, 0xFF, 0xFF, 0xFF, 0xFF, 0xFF, 0xFF,
	0xFF, 0xFF, 0xFF, 0xFF, 0xFF, 0xFF, 0xFF, 0xFF, 0xFF, 0xFF, 0xFF, 0xFF, 0xFF, 0xFF, 0xFF, 0xFF,
	0xFF, 0xFF, 0xFF, 0xFF, 0xFF, 0xFF, 0xFF, 0xFF, 0xFF, 0xFF, 0xFF, 0xFF, 0xFF, 0xFF, 0xFF, 0xFF,
	0xFF, 0xFF, 0xFF, 0xFF, 0xFF, 0xFF, 0xFF, 0xFF, 0xFF, 0xFF, 0xFF, 0xFF, 0xFF, 0xFF, 0xFF, 0xFF,
	0xFF, 0xFF, 0xFF, 0xFF, 0xFF, 0xFF, 0xFF, 0xFF, 0xFF, 0xFF, 0xFF, 0xFF, 0xFF, 0xFF, 0xFF, 0xFF,
	0xFF, 0xFF, 0xFF, 0xFF, 0xFF, 0xFF, 0xFF, 0xFF, 0xFF, 0xFF, 0xFF, 0xFF, 0xFF, 0xFF, 0xFF, 0xFF,
	0xFF, 0xFF, 0xFF, 0xFF, 0xFF, 0xFF, 0xFF, 0xFF, 0xFF, 0xFF, 0xFF, 0xFF, 0xFF, 0xFF, 0xFF, 0xFF,
	0xFF, 0xFF, 0xFF, 0xFF, 0xFF, 0xFF, 0xFF, 0xFF, 0xFF, 0xFF, 0xFF, 0xFF, 0xFF, 0xFF, 0xFF, 0xFF,
	0xFF, 0xFF, 0xFF, 0xFF, 0xFF, 0xFF, 0xFF, 0xFF, 0xFF, 0xFF, 0xFF, 0xFF, 0xFF, 0xFF, 0xFF, 0xFF,
	0xFF, 0xFF, 0xFF, 0xFF, 0xFF, 0xFF, 0xFF, 0xFF, 0xFF, 0xFF, 0xFF, 0xFF, 0xFF, 0xFF, 0xFF, 0xFF,
	0xFF, 0xFF, 0xFF, 0xFF, 0xFF, 0xFF, 0xFF, 0xFF, 0xFF, 0xFF, 0xFF, 0xFF, 0xFF, 0xFF, 0xFF, 0xFF,
	0xFF, 0xFF, 0xFF, 0xFF, 0xFF, 0xFF, 0xFF, 0xFF, 0xFF, 0xFF, 0xFF, 0xFF, 0xFF, 0xFF, 0xFF, 0xFF,
	0xFF, 0xFF, 0xFF, 0xFF, 0xFF, 0xFF, 0xFF, 0xFF, 0xFF, 0xFF, 0xFF, 0xFF, 0xFF, 0xFF, 0xFF, 0xFF,
	0xFF, 0xFF, 0xFF, 0xFF, 0xFF, 0xFF, 0xFF, 0xFF, 0xFF, 0xFF, 0xFF, 0xFF, 0xFF, 0xFF, 0xFF, 0xFF,
	0xFF, 0xFF, 0xFF, 0xFF, 0xFF, 0xFF, 0xFF, 0xFF, 0xFF, 0xFF, 0xFF, 0xFF, 0xFF, 0xFF, 0xFF, 0xFF,
	0xFF, 0xFF, 0xFF, 0xFF, 0xFF, 0xFF, 0xFF, 0xFF, 0xFF, 0xFF, 0xFF, 0xFF, 0xFF, 0xFF, 0xFF, 0xFF,
	0xFF, 0xFF, 0xFF, 0xFF, 0xFF, 0xFF, 0xFF, 0xFF, 0xFF, 0xFF, 0xFF, 0xFF, 0xFF, 0xFF, 0xFF, 0xFF,
	0xFF, 0xFF, 0xFF, 0xFF, 0xFF, 0xFF, 0xFF, 0xFF, 0xFF, 0xFF, 0xFF, 0xFF, 0xFF, 0xFF, 0xFF, 0xFF,
	0xFF, 0xFF, 0xFF, 0xFF, 0xFF, 0xFF, 0xFF, 0xFF, 0xFF, 0xFF, 0xFF, 0xFF, 0xFF, 0xFF, 0xFF, 0xFF,
	0xFF, 0xFF, 0xFF, 0xFF, 0xFF, 0xFF, 0xFF, 0xFF, 0xFF, 0xFF, 0xFF, 0xFF, 0xFF, 0xFF, 0xFF, 0xFF,
	0xFF, 0xFF, 0xFF, 0xFF, 0xFF, 0xFF, 0xFF, 0xFF, 0xFF, 0xFF, 0xFF, 0xFF, 0xFF, 0xFF, 0xFF, 0xFF,
	0xFF, 0xFF, 0xFF, 0xFF, 0xFF, 0xFF, 0xFF, 0xFF, 0xFF, 0xFF, 0xFF, 0xFF, 0xFF, 0xFF, 0xFF, 0xFF,
	0xFF, 0xFF, 0xFF, 0xFF, 0xFF, 0xFF, 0xFF, 0xFF, 0xFF, 0xFF, 0xFF, 0xFF, 0xFF, 0xFF, 0xFF, 0xFF,
	0xFF, 0xFF, 0xFF, 0xFF, 0xFF, 0xFF, 0xFF, 0xFF, 0xFF, 0xFF, 0xFF, 0xFF, 0xFF, 0xFF, 0xFF, 0xFF,
	0xFF, 0xFF, 0xFF, 0xFF, 0xFF, 0xFF, 0xFF, 0xFF, 0xFF, 0xFF, 0xFF, 0xFF, 0xFF, 0xFF, 0xFF, 0xFF,
	0xFF, 0xFF, 0xFF, 0xFF, 0xFF, 0xFF, 0xFF, 0xFF, 0xFF, 0xFF, 0xFF, 0xFF, 0xFF, 0xFF, 0xFF, 0xFF,
	0xFF, 0xFF, 0xFF, 0xFF, 0xFF, 0xFF, 0xFF, 0xFF, 0xFF, 0xFF, 0xFF, 0xFF, 0xFF, 0xFF, 0xFF, 0xFF,
	0xFF, 0xFF, 0xFF, 0xFF, 0xFF, 0xFF, 0xFF, 0xFF, 0xFF, 0xFF, 0xFF, 0xFF, 0xFF, 0xFF, 0xFF, 0xFF,
	0xFF, 0xFF, 0xFF, 0xFF, 0xFF, 0xFF, 0xFF, 0xFF, 0xFF, 0xFF, 0xFF, 0xFF, 0xFF, 0xFF, 0xFF, 0xFF,
	0xFF, 0xFF, 0xFF, 0xFF, 0xFF, 0xFF, 0xFF, 0xFF, 0xFF, 0xFF, 0xFF, 0xFF, 0xFF, 0xFF, 0xFF, 0xFF,
	0xFF, 0xFF, 0xFF, 0xFF, 0xFF, 0xFF, 0xFF, 0xFF, 0xFF, 0xFF, 0xFF, 0xFF, 0xFF, 0xFF, 0xFF, 0xFF,
	0xFF, 0xFF, 0xFF, 0xFF, 0xFF, 0xFF, 0xFF, 0xFF, 0xFF, 0xFF, 0xFF, 0xFF, 0xFF, 0xFF, 0xFF, 0xFF,
	0xFF, 0xFF, 0xFF, 0xFF, 0xFF, 0xFF, 0xFF, 0xFF, 0xFF, 0xFF, 0xFF, 0xFF, 0xFF, 0xFF, 0xFF, 0xFF,
	0xFF, 0xFF, 0xFF, 0xFF, 0xFF, 0xFF, 0xFF, 0xFF, 0xFF, 0xFF, 0xFF, 0xFF, 0xFF, 0xFF, 0xFF, 0xFF,
	0xFF, 0xFF, 0xFF, 0xFF, 0xFF, 0xFF, 0xFF, 0xFF, 0xFF, 0xFF, 0xFF, 0xFF, 0xFF, 0xFF, 0xFF, 0xFF,
	0xFF, 0xFF, 0xFF, 0xFF, 0xFF, 0xFF, 0xFF, 0xFF, 0xFF, 0xFF, 0xFF, 0xFF, 0xFF, 0xFF, 0xFF, 0xFF,
	0xFF, 0xFF, 0xFF, 0xFF, 0xFF, 0xFF, 0xFF, 0xFF, 0xFF, 0xFF, 0xFF, 0xFF, 0xFF, 0xFF, 0xFF, 0xFF,
	0xFF, 0xFF, 0xFF, 0xFF, 0xFF, 0xFF, 0xFF, 0xFF, 0xFF, 0xFF, 0xFF, 0xFF, 0xFF, 0xFF, 0xFF, 0xFF,
	0xFF, 0xFF, 0xFF, 0xFF, 0xFF, 0xFF, 0xFF, 0xFF, 0xFF, 0xFF, 0xFF, 0xFF, 0xFF, 0xFF, 0xFF, 0xFF,
	0xFF, 0xFF, 0xFF, 0xFF, 0xFF, 0xFF, 0xFF, 0xFF, 0xFF, 0xFF, 0xFF, 0xFF, 0xFF, 0xFF, 0xFF, 0xFF,
	0xFF, 0xFF, 0xFF, 0xFF, 0xFF, 0xFF, 0xFF, 0xFF, 0xFF, 0xFF, 0xFF, 0xFF, 0xFF, 0xFF, 0xFF, 0xFF,
	0xFF, 0xFF, 0xFF, 0xFF, 0xFF, 0xFF, 0xFF, 0xFF, 0xFF, 0xFF, 0xFF, 0xFF, 0xFF, 0xFF, 0xFF, 0xFF,
	0xFF, 0xFF, 0xFF, 0xFF, 0xFF, 0xFF, 0xFF, 0xFF, 0xFF, 0xFF, 0xFF, 0xFF, 0xFF, 0xFF, 0xFF, 0xFF,
	0xFF, 0xFF, 0xFF, 0xFF, 0xFF, 0xFF, 0xFF, 0xFF, 0xFF, 0xFF, 0xFF, 0xFF, 0xFF, 0xFF, 0xFF, 0xFF,
	0xFF, 0xFF, 0xFF, 0xFF, 0xFF, 0xFF, 0xFF, 0xFF, 0xFF, 0xFF, 0xFF, 0xFF, 0xFF, 0xFF, 0xFF, 0xFF,
	0xFF, 0xFF, 0xFF, 0xFF, 0xFF, 0xFF, 0xFF, 0xFF, 0xFF, 0xFF, 0xFF, 0xFF, 0xFF, 0xFF, 0xFF, 0xFF,
	0xFF, 0xFF, 0xFF, 0xFF, 0xFF, 0xFF, 0xFF, 0xFF, 0xFF, 0xFF, 0xFF, 0xFF, 0xFF, 0xFF, 0xFF, 0xFF,
	0xFF, 0xFF, 0xFF, 0xFF, 0xFF, 0xFF, 0xFF, 0xFF, 0xFF, 0xFF, 0xFF, 0xFF, 0xFF, 0xFF, 0xFF, 0xFF,
	0xFF, 0xFF, 0xFF, 0xFF, 0xFF, 0xFF, 0xFF, 0xFF, 0xFF, 0xFF, 0xFF, 0xFF, 0xFF, 0xFF, 0xFF, 0xFF,
	0xFF, 0xFF, 0xFF, 0xFF, 0xFF, 0xFF, 0xFF, 0xFF, 0xFF, 0xFF, 0xFF, 0xFF, 0xFF, 0xFF, 0xFF, 0xFF,
	0xFF, 0xFF, 0xFF, 0xFF, 0xFF, 0xFF, 0xFF, 0xFF, 0xFF, 0xFF, 0xFF, 0xFF, 0xFF, 0xFF, 0xFF, 0xFF,
	0xFF, 0xFF, 0xFF, 0xFF, 0xFF, 0xFF, 0xFF, 0xFF, 0xFF, 0xFF, 0xFF, 0xFF, 0xFF, 0xFF, 0xFF, 0xFF,
	0xFF, 0xFF, 0xFF, 0xFF, 0xFF, 0xFF, 0xFF, 0xFF, 0xFF, 0xFF, 0xFF, 0xFF, 0xFF, 0xFF, 0xFF, 0xFF,
	0xFF, 0xFF, 0xFF, 0xFF, 0xFF, 0xFF, 0xFF, 0xFF, 0xFF, 0xFF, 0xFF, 0xFF, 0xFF, 0xFF, 0xFF, 0xFF,
	0xFF, 0xFF, 0xFF, 0xFF, 0xFF, 0xFF, 0xFF, 0xFF, 0xFF, 0xFF, 0xFF, 0xFF, 0xFF, 0xFF, 0xFF, 0xFF,
	0xFF, 0xFF, 0xFF, 0xFF, 0xFF, 0xFF, 0xFF, 0xFF, 0xFF, 0xFF, 0xFF, 0xFF, 0xFF, 0xFF, 0xFF, 0xFF,
	0xFF, 0xFF, 0xFF, 0xFF, 0xFF, 0xFF, 0xFF, 0xFF, 0xFF, 0xFF, 0xFF, 0xFF, 0xFF, 0xFF, 0xFF, 0xFF,
	0xFF, 0xFF, 0xFF, 0xFF, 0xFF, 0xFF, 0xFF, 0xFF, 0xFF, 0xFF, 0xFF, 0xFF, 0xFF, 0xFF, 0xFF, 0xFF,
	0xFF, 0xFF, 0xFF, 0xFF, 0xFF, 0xFF, 0xFF, 0xFF, 0xFF, 0xFF, 0xFF, 0xFF, 0xFF, 0xFF, 0xFF, 0xFF,
	0xFF, 0xFF, 0xFF, 0xFF, 0xFF, 0xFF, 0xFF, 0xFF, 0xFF, 0xFF, 0xFF, 0xFF, 0xFF, 0xFF, 0xFF, 0xFF,
	0xFF, 0xFF, 0xFF, 0xFF, 0xFF, 0xFF, 0xFF, 0xFF, 0xFF, 0xFF, 0xFF, 0xFF, 0xFF, 0xFF, 0xFF, 0xFF,
	0xFF, 0xFF, 0xFF, 0xFF, 0xFF, 0xFF, 0xFF, 0xFF, 0xFF, 0xFF, 0xFF, 0xFF, 0xFF, 0xFF, 0xFF, 0xFF,
	0xFF, 0xFF, 0xFF, 0xFF, 0xFF, 0xFF, 0xFF, 0xFF, 0xFF, 0xFF, 0xFF, 0xFF, 0xFF, 0xFF, 0xFF, 0xFF,
	0xFF, 0xFF, 0xFF, 0xFF, 0xFF, 0xFF, 0xFF, 0xFF, 0xFF, 0xFF, 0xFF, 0xFF, 0xFF, 0xFF, 0xFF, 0xFF,
	0xFF, 0xFF, 0xFF, 0xFF, 0xFF, 0xFF, 0xFF, 0xFF, 0xFF, 0xFF, 0xFF, 0xFF, 0xFF, 0xFF, 0xFF, 0xFF,
	0xFF, 0xFF, 0xFF, 0xFF, 0xFF, 0xFF, 0xFF, 0xFF, 0xFF, 0xFF, 0xFF, 0xFF, 0xFF, 0xFF, 0xFF, 0xFF,
	0xFF, 0xFF, 0xFF, 0xFF, 0xFF, 0xFF, 0xFF, 0xFF, 0xFF, 0xFF, 0xFF, 0xFF, 0xFF, 0xFF, 0xFF, 0xFF,
	0xFF, 0xFF
};
